oldname	newname	class	subsystem	evidence	status	emitted_turn
main_core_service_3c82	usb_ep1_out_copy_packet_if_ready	private_helper	usb_ep1	src/dlcp_fw/asm/dlcp_main_v34.asm EP1 OUT packet copy helper	emitted	prior_batch_usb_ep1
flow_main_core_service_3c82_3c9c	usb_ep1_out_copy_packet_if_ready__copy_next_byte	local_label	usb_ep1	src/dlcp_fw/asm/dlcp_main_v34.asm EP1 OUT packet copy loop	emitted	prior_batch_usb_ep1
flow_main_core_service_3c82_3cbc	usb_ep1_out_copy_packet_if_ready__check_remaining	local_label	usb_ep1	src/dlcp_fw/asm/dlcp_main_v34.asm EP1 OUT packet copy remaining check	emitted	prior_batch_usb_ep1
main_usb_service_4624	usb_ep1_configure_hid_buffers	private_helper	usb_ep1	src/dlcp_fw/asm/dlcp_main_v34.asm HID EP1 BDT/buffer configuration	emitted	prior_batch_usb_ep1
main_core_service_48fe	usb_ep1_configure_if_enabled	private_helper	usb_ep1	src/dlcp_fw/asm/dlcp_main_v34.asm conditional EP1 configuration	emitted	prior_batch_usb_ep1
stock_40C_b4	usb_ep1_out_bd_status_b4	ram_var	usb_ep1	src/dlcp_fw/asm/dlcp_main_ram.inc EP1 OUT BDT status alias	emitted	prior_batch_usb_ep1
stock_40C_b4_op	usb_ep1_out_bd_status_op	ram_var	usb_ep1	src/dlcp_fw/asm/dlcp_main_ram.inc EP1 OUT BDT status operand alias	emitted	prior_batch_usb_ep1
stock_40C_b4_phys	usb_ep1_out_bd_status_phys	ram_var	usb_ep1	src/dlcp_fw/asm/dlcp_main_ram.inc EP1 OUT BDT status physical alias	emitted	prior_batch_usb_ep1
stock_40D_b4	usb_ep1_out_bd_count_b4	ram_var	usb_ep1	src/dlcp_fw/asm/dlcp_main_ram.inc EP1 OUT BDT byte count alias	emitted	prior_batch_usb_ep1
stock_40D_b4_op	usb_ep1_out_bd_count_op	ram_var	usb_ep1	src/dlcp_fw/asm/dlcp_main_ram.inc EP1 OUT BDT byte count operand alias	emitted	prior_batch_usb_ep1
stock_40D_b4_phys	usb_ep1_out_bd_count_phys	ram_var	usb_ep1	src/dlcp_fw/asm/dlcp_main_ram.inc EP1 OUT BDT byte count physical alias	emitted	prior_batch_usb_ep1
stock_40E_b4	usb_ep1_out_bd_addr_lo_b4	ram_var	usb_ep1	src/dlcp_fw/asm/dlcp_main_ram.inc EP1 OUT BDT address-low alias	emitted	prior_batch_usb_ep1
stock_40E_b4_op	usb_ep1_out_bd_addr_lo_op	ram_var	usb_ep1	src/dlcp_fw/asm/dlcp_main_ram.inc EP1 OUT BDT address-low operand alias	emitted	prior_batch_usb_ep1
stock_40E_b4_phys	usb_ep1_out_bd_addr_lo_phys	ram_var	usb_ep1	src/dlcp_fw/asm/dlcp_main_ram.inc EP1 OUT BDT address-low physical alias	emitted	prior_batch_usb_ep1
stock_40F_b4	usb_ep1_out_bd_addr_hi_b4	ram_var	usb_ep1	src/dlcp_fw/asm/dlcp_main_ram.inc EP1 OUT BDT address-high alias	emitted	prior_batch_usb_ep1
stock_40F_b4_op	usb_ep1_out_bd_addr_hi_op	ram_var	usb_ep1	src/dlcp_fw/asm/dlcp_main_ram.inc EP1 OUT BDT address-high operand alias	emitted	prior_batch_usb_ep1
stock_40F_b4_phys	usb_ep1_out_bd_addr_hi_phys	ram_var	usb_ep1	src/dlcp_fw/asm/dlcp_main_ram.inc EP1 OUT BDT address-high physical alias	emitted	prior_batch_usb_ep1
stock_410_b4	usb_ep1_in_bd_status_b4	ram_var	usb_ep1	src/dlcp_fw/asm/dlcp_main_ram.inc EP1 IN BDT status alias	emitted	prior_batch_usb_ep1
stock_410_b4_op	usb_ep1_in_bd_status_op	ram_var	usb_ep1	src/dlcp_fw/asm/dlcp_main_ram.inc EP1 IN BDT status operand alias	emitted	prior_batch_usb_ep1
stock_410_b4_phys	usb_ep1_in_bd_status_phys	ram_var	usb_ep1	src/dlcp_fw/asm/dlcp_main_ram.inc EP1 IN BDT status physical alias	emitted	prior_batch_usb_ep1
stock_411_b4	usb_ep1_in_bd_count_b4	ram_var	usb_ep1	src/dlcp_fw/asm/dlcp_main_ram.inc EP1 IN BDT byte count alias	emitted	prior_batch_usb_ep1
stock_411_b4_op	usb_ep1_in_bd_count_op	ram_var	usb_ep1	src/dlcp_fw/asm/dlcp_main_ram.inc EP1 IN BDT byte count operand alias	emitted	prior_batch_usb_ep1
stock_411_b4_phys	usb_ep1_in_bd_count_phys	ram_var	usb_ep1	src/dlcp_fw/asm/dlcp_main_ram.inc EP1 IN BDT byte count physical alias	emitted	prior_batch_usb_ep1
stock_412_b4	usb_ep1_in_bd_addr_lo_b4	ram_var	usb_ep1	src/dlcp_fw/asm/dlcp_main_ram.inc EP1 IN BDT address-low alias	emitted	prior_batch_usb_ep1
stock_412_b4_op	usb_ep1_in_bd_addr_lo_op	ram_var	usb_ep1	src/dlcp_fw/asm/dlcp_main_ram.inc EP1 IN BDT address-low operand alias	emitted	prior_batch_usb_ep1
stock_412_b4_phys	usb_ep1_in_bd_addr_lo_phys	ram_var	usb_ep1	src/dlcp_fw/asm/dlcp_main_ram.inc EP1 IN BDT address-low physical alias	emitted	prior_batch_usb_ep1
stock_413_b4	usb_ep1_in_bd_addr_hi_b4	ram_var	usb_ep1	src/dlcp_fw/asm/dlcp_main_ram.inc EP1 IN BDT address-high alias	emitted	prior_batch_usb_ep1
stock_413_b4_op	usb_ep1_in_bd_addr_hi_op	ram_var	usb_ep1	src/dlcp_fw/asm/dlcp_main_ram.inc EP1 IN BDT address-high operand alias	emitted	prior_batch_usb_ep1
stock_413_b4_phys	usb_ep1_in_bd_addr_hi_phys	ram_var	usb_ep1	src/dlcp_fw/asm/dlcp_main_ram.inc EP1 IN BDT address-high physical alias	emitted	prior_batch_usb_ep1
main_usb_service_3a26	usb_hid_dispatch_out_report_if_ready	private_helper	usb_hid	src/dlcp_fw/asm/dlcp_main_v34.asm HID OUT report dispatcher	emitted	prior_batch_usb_hid_out
flow_main_usb_service_3a26_3a3a	usb_hid_dispatch_out_report_if_ready__skip_and_reprime_uart_rx	local_label	usb_hid	src/dlcp_fw/asm/dlcp_main_v34.asm HID OUT dispatch UART RX reprime path	emitted	prior_batch_usb_hid_out
flow_main_usb_service_3a26_3a40	usb_hid_dispatch_out_report_if_ready__usb_runtime_ready	local_label	usb_hid	src/dlcp_fw/asm/dlcp_main_v34.asm HID OUT dispatch runtime-ready gate	emitted	prior_batch_usb_hid_out
flow_main_usb_service_3a26_3a64	usb_hid_dispatch_out_report_if_ready__clear_reply_buffer_loop	local_label	usb_hid	src/dlcp_fw/asm/dlcp_main_v34.asm HID OUT dispatch reply-buffer clear loop	emitted	prior_batch_usb_hid_out
flow_main_usb_service_3a26_3a7e	usb_hid_dispatch_out_report_if_ready__dispatch_latched_report	local_label	usb_hid	src/dlcp_fw/asm/dlcp_main_v34.asm HID OUT dispatch latched report path	emitted	prior_batch_usb_hid_out
flow_main_usb_service_3a26_3aa2	usb_hid_dispatch_out_report_if_ready__return	local_label	usb_hid	src/dlcp_fw/asm/dlcp_main_v34.asm HID OUT dispatch return path	emitted	prior_batch_usb_hid_out
stock_0C0_b0	usb_hid_out_report_pending_b0	ram_var	usb_hid	src/dlcp_fw/asm/dlcp_main_ram.inc HID OUT pending flag alias	emitted	prior_batch_usb_hid_out
stock_0C0_b0_op	usb_hid_out_report_pending_op	ram_var	usb_hid	src/dlcp_fw/asm/dlcp_main_ram.inc HID OUT pending flag operand alias	emitted	prior_batch_usb_hid_out
stock_0C0_b0_phys	usb_hid_out_report_pending_phys	ram_var	usb_hid	src/dlcp_fw/asm/dlcp_main_ram.inc HID OUT pending flag physical alias	emitted	prior_batch_usb_hid_out
stock_0CA_b0	usb_ep1_out_copy_offset_b0	ram_var	usb_ep1	src/dlcp_fw/asm/dlcp_main_ram.inc EP1 OUT copy offset alias	emitted	prior_batch_usb_hid_out
stock_0CA_b0_op	usb_ep1_out_copy_offset_op	ram_var	usb_ep1	src/dlcp_fw/asm/dlcp_main_ram.inc EP1 OUT copy offset operand alias	emitted	prior_batch_usb_hid_out
stock_0CA_b0_phys	usb_ep1_out_copy_offset_phys	ram_var	usb_ep1	src/dlcp_fw/asm/dlcp_main_ram.inc EP1 OUT copy offset physical alias	emitted	prior_batch_usb_hid_out
stock_11A_b1	usb_hid_out_opcode_b1	ram_var	usb_hid	src/dlcp_fw/asm/dlcp_main_ram.inc HID OUT opcode alias	emitted	prior_batch_usb_hid_out
stock_11A_b1_op	usb_hid_out_opcode_op	ram_var	usb_hid	src/dlcp_fw/asm/dlcp_main_ram.inc HID OUT opcode operand alias	emitted	prior_batch_usb_hid_out
stock_11A_b1_phys	usb_hid_out_opcode_phys	ram_var	usb_hid	src/dlcp_fw/asm/dlcp_main_ram.inc HID OUT opcode physical alias	emitted	prior_batch_usb_hid_out
flow_eeprom_write_blocking_43f4	eeprom_write_blocking__wait_write_complete	local_label	eeprom	src/dlcp_fw/asm/dlcp_main_v34.asm EEPROM write completion wait	emitted	prior_batch_eeprom_nvm
flow_eeprom_write_blocking_4400	eeprom_write_blocking__restore_global_interrupt	local_label	eeprom	src/dlcp_fw/asm/dlcp_main_v34.asm EEPROM write GIE restore path	emitted	prior_batch_eeprom_nvm
flow_eeprom_write_blocking_4402	eeprom_write_blocking__clear_write_enable	local_label	eeprom	src/dlcp_fw/asm/dlcp_main_v34.asm EEPROM write-enable cleanup	emitted	prior_batch_eeprom_nvm
main_flash_service_4406	nvm_unlock_and_set_wr	private_helper	flash	src/dlcp_fw/asm/dlcp_main_v34.asm NVM unlock and WR set helper	emitted	prior_batch_eeprom_nvm
main_flash_service_46de_low_window	eeprom_write_byte_if_changed_rcall_trampoline	private_helper	eeprom	src/dlcp_fw/asm/dlcp_main_v34.asm low-window trampoline to EEPROM write-if-changed	emitted	prior_batch_eeprom_nvm
main_flash_service_46de	eeprom_write_byte_if_changed	private_helper	eeprom	src/dlcp_fw/asm/dlcp_main_v34.asm EEPROM read-then-write-if-different helper	emitted	prior_batch_eeprom_nvm
flow_main_flash_service_46de_46fe	eeprom_write_byte_if_changed__return_unchanged	local_label	eeprom	src/dlcp_fw/asm/dlcp_main_v34.asm EEPROM unchanged return path	emitted	prior_batch_eeprom_nvm
main_core_service_4448	map_audio_source_selector_to_route_pair	private_helper	i2c_secondary	src/dlcp_fw/asm/dlcp_main_v34.asm audio source selector route-pair mapper	emitted	prior_batch_audio_route_pair
flow_main_core_service_4448_444e	map_audio_source_selector_to_route_pair__selector_zero	local_label	i2c_secondary	src/dlcp_fw/asm/dlcp_main_v34.asm route pair selector 0 branch	emitted	prior_batch_audio_route_pair
flow_main_core_service_4448_4456	map_audio_source_selector_to_route_pair__selector_one	local_label	i2c_secondary	src/dlcp_fw/asm/dlcp_main_v34.asm route pair selector 1 branch	emitted	prior_batch_audio_route_pair
flow_main_core_service_4448_445c	map_audio_source_selector_to_route_pair__selector_two	local_label	i2c_secondary	src/dlcp_fw/asm/dlcp_main_v34.asm route pair selector 2 branch	emitted	prior_batch_audio_route_pair
flow_main_core_service_4448_4462	map_audio_source_selector_to_route_pair__selector_three	local_label	i2c_secondary	src/dlcp_fw/asm/dlcp_main_v34.asm route pair selector 3 branch	emitted	prior_batch_audio_route_pair
flow_main_core_service_4448_4468	map_audio_source_selector_to_route_pair__store_pair_byte1	local_label	i2c_secondary	src/dlcp_fw/asm/dlcp_main_v34.asm route pair second-byte store	emitted	prior_batch_audio_route_pair
flow_main_core_service_4448_446c	map_audio_source_selector_to_route_pair__decode_selector	local_label	i2c_secondary	src/dlcp_fw/asm/dlcp_main_v34.asm route pair selector decode	emitted	prior_batch_audio_route_pair
flow_main_core_service_4448_447c	map_audio_source_selector_to_route_pair__return	local_label	i2c_secondary	src/dlcp_fw/asm/dlcp_main_v34.asm route pair return path	emitted	prior_batch_audio_route_pair
stock_0A0_b0	audio_route_pair_byte0_b0	ram_var	i2c_secondary	src/dlcp_fw/asm/dlcp_main_ram.inc audio route pair byte 0 alias	emitted	prior_batch_audio_route_pair
stock_0A0_b0_op	audio_route_pair_byte0_op	ram_var	i2c_secondary	src/dlcp_fw/asm/dlcp_main_ram.inc audio route pair byte 0 operand alias	emitted	prior_batch_audio_route_pair
stock_0A0_b0_phys	audio_route_pair_byte0_phys	ram_var	i2c_secondary	src/dlcp_fw/asm/dlcp_main_ram.inc audio route pair byte 0 physical alias	emitted	prior_batch_audio_route_pair
stock_0B9_b0	audio_route_pair_byte1_b0	ram_var	i2c_secondary	src/dlcp_fw/asm/dlcp_main_ram.inc audio route pair byte 1 alias	emitted	prior_batch_audio_route_pair
stock_0B9_b0_op	audio_route_pair_byte1_op	ram_var	i2c_secondary	src/dlcp_fw/asm/dlcp_main_ram.inc audio route pair byte 1 operand alias	emitted	prior_batch_audio_route_pair
stock_0B9_b0_phys	audio_route_pair_byte1_phys	ram_var	i2c_secondary	src/dlcp_fw/asm/dlcp_main_ram.inc audio route pair byte 1 physical alias	emitted	prior_batch_audio_route_pair
fw_update_tx_status_buffer_019a	fw_update_tx_status_text_transmit	private_helper	uart_link	src/dlcp_fw/asm/dlcp_main_v34.asm:1029-1035 loads 0x019A and tail-calls uart_tx_block_from_buffer; semantic review consensus confirmed 4/4; second-stage 16-agent review 2026-06-18 retained emitted status for reviewed 32-row set; no in-scope material issues found	emitted	semantic_review_consensus_2026_06_18
fw_update_tx_block0190_from_w	fw_update_tx_text_block_from_w	private_helper	uart_link	src/dlcp_fw/asm/dlcp_main_v34.asm firmware-update text block transmit helper	emitted	prior_batch_fw_update_text
main_uart_service_44b2	uart_emit_formfeed_colon_text_line	private_helper	uart_link	src/dlcp_fw/asm/dlcp_main_v34.asm UART text line emitter with formfeed/colon framing	emitted	prior_batch_fw_update_text
flow_uart_tx_block_from_buffe_469a	uart_tx_block_from_buffer__emit_current_byte	local_label	uart_link	src/dlcp_fw/asm/dlcp_main_v34.asm UART buffer transmit current-byte path	emitted	prior_batch_fw_update_text
flow_uart_tx_block_from_buffe_46a2	uart_tx_block_from_buffer__check_terminator	local_label	uart_link	src/dlcp_fw/asm/dlcp_main_v34.asm UART buffer terminator check	emitted	prior_batch_fw_update_text
main_core_service_46aa	uart_tx_block_load_indexed_byte	private_helper	uart_link	src/dlcp_fw/asm/dlcp_main_v34.asm indexed UART TX block byte loader	emitted	prior_batch_fw_update_text
main_uart_service_43a2	uart_tx_ascii_hex_byte	private_helper	uart_link	src/dlcp_fw/asm/dlcp_main_v34.asm UART ASCII hex byte transmitter	emitted	prior_batch_hex_helpers
tblrd_lookup	hex_scratch_nibble_to_ascii	private_helper	uart_link	src/dlcp_fw/asm/dlcp_main_v34.asm TBLRD-backed hex nibble lookup helper	emitted	prior_batch_hex_helpers
uart_tx_byte_blocking_low_window	uart_tx_byte_blocking_fw_update_trampoline	private_helper	uart_link	src/dlcp_fw/asm/dlcp_main_v34.asm low-window UART TX trampoline	emitted	prior_batch_hex_helpers
hex_byte_to_postinc2_from_01b	hex_store_ascii_byte_to_postinc2	private_helper	uart_link	src/dlcp_fw/asm/dlcp_main_v34.asm ASCII hex byte store to POSTINC2	emitted	prior_batch_hex_helpers
hex_01b_low_nibble_to_postinc2	hex_store_ascii_low_nibble_to_postinc2	private_helper	uart_link	src/dlcp_fw/asm/dlcp_main_v34.asm ASCII hex low-nibble store to POSTINC2	emitted	prior_batch_hex_helpers
timer3_blocking_delay_ms_W	timer3_blocking_delay_ms_from_w	private_helper	timer3	src/dlcp_fw/asm/dlcp_main_v34.asm Timer3 blocking delay milliseconds from W	emitted	prior_batch_timer3_ram_clear
timer3_blocking_delay_ms_W_window	timer3_blocking_delay_ms_from_w_trampoline	private_helper	timer3	src/dlcp_fw/asm/dlcp_main_v34.asm Timer3 delay low-window trampoline	emitted	prior_batch_timer3_ram_clear
flow_timer3_blocking_delay_4488	timer3_blocking_delay__reload_next_tick	local_label	timer3	src/dlcp_fw/asm/dlcp_main_v34.asm Timer3 delay next tick reload path	emitted	prior_batch_timer3_ram_clear
flow_timer3_blocking_delay_4494	timer3_blocking_delay__reload_high_speed_tick	local_label	timer3	src/dlcp_fw/asm/dlcp_main_v34.asm Timer3 delay high-speed reload path	emitted	prior_batch_timer3_ram_clear
flow_timer3_blocking_delay_449a	timer3_blocking_delay__write_low_power_reload_low	local_label	timer3	src/dlcp_fw/asm/dlcp_main_v34.asm Timer3 delay low-power reload low-byte path	emitted	prior_batch_timer3_ram_clear
flow_timer3_blocking_delay_reloaded	timer3_blocking_delay__clear_overflow_flag	local_label	timer3	src/dlcp_fw/asm/dlcp_main_v34.asm Timer3 delay overflow flag clear path	emitted	prior_batch_timer3_ram_clear
flow_timer3_blocking_delay_449e	timer3_blocking_delay__wait_overflow_flag	local_label	timer3	src/dlcp_fw/asm/dlcp_main_v34.asm Timer3 delay overflow wait loop	emitted	prior_batch_timer3_ram_clear
flow_timer3_blocking_delay_44a8	timer3_blocking_delay__check_countdown_remaining	local_label	timer3	src/dlcp_fw/asm/dlcp_main_v34.asm Timer3 delay countdown check	emitted	prior_batch_timer3_ram_clear
fsr2_from_stock003_004_plus_w	fsr2_from_scratch_base_plus_w	private_helper	ram	src/dlcp_fw/asm/dlcp_main_v34.asm FSR2 setup from scratch base plus W	emitted	prior_batch_timer3_ram_clear
flow_ram_block_clear_4742	ram_block_clear__clear_next_byte	local_label	ram	src/dlcp_fw/asm/dlcp_main_v34.asm RAM block clear loop body	emitted	prior_batch_timer3_ram_clear
flow_ram_block_clear_4752	ram_block_clear__check_remaining	local_label	ram	src/dlcp_fw/asm/dlcp_main_v34.asm RAM block clear remaining check	emitted	prior_batch_timer3_ram_clear
main_usb_service_4412	usb_ep0_service_in_transaction	private_helper	usb_ep0	src/dlcp_fw/asm/dlcp_main_v34.asm EP0 IN transaction service	emitted	prior_batch_usb_ep0_in
flow_main_usb_service_4412_4426	usb_ep0_service_in_transaction__service_payload_stream	local_label	usb_ep0	src/dlcp_fw/asm/dlcp_main_v34.asm EP0 IN payload stream service path	emitted	prior_batch_usb_ep0_in
flow_main_usb_service_4412_443a	usb_ep0_service_in_transaction__select_next_data_toggle	local_label	usb_ep0	src/dlcp_fw/asm/dlcp_main_v34.asm EP0 IN data-toggle select path	emitted	prior_batch_usb_ep0_in
flow_main_usb_service_4412_4442	usb_ep0_service_in_transaction__arm_in_bd	local_label	usb_ep0	src/dlcp_fw/asm/dlcp_main_v34.asm EP0 IN BDT arm path	emitted	prior_batch_usb_ep0_in
flow_main_usb_service_4412_4446	usb_ep0_service_in_transaction__return	local_label	usb_ep0	src/dlcp_fw/asm/dlcp_main_v34.asm EP0 IN transaction return path	emitted	prior_batch_usb_ep0_in
main_timer_service_477a	timer3_arm_interrupt_countdown	private_helper	timer3	src/dlcp_fw/asm/dlcp_main_v34.asm Timer3 interrupt countdown arm helper	emitted	prior_batch_timer3_standby_rx
flow_standby_event_dispatch_47a6	standby_event_dispatch__shutdown_path	local_label	boot	src/dlcp_fw/asm/dlcp_main_v34.asm standby event shutdown branch	emitted	prior_batch_timer3_standby_rx
flow_standby_event_dispatch_47aa	standby_event_dispatch__clear_pending_event	local_label	boot	src/dlcp_fw/asm/dlcp_main_v34.asm standby event pending-bit clear path	emitted	prior_batch_timer3_standby_rx
flow_standby_event_dispatch_47ac	standby_event_dispatch__tail_reconcile_state	local_label	boot	src/dlcp_fw/asm/dlcp_main_v34.asm standby event tail state reconciliation	emitted	prior_batch_timer3_standby_rx
main_uart_service_4860	uart_rx_ring_drain_all	private_helper	uart_link	src/dlcp_fw/asm/dlcp_main_v34.asm UART RX ring drain helper	emitted	prior_batch_timer3_standby_rx
flow_main_uart_service_4860_4862	uart_rx_ring_drain_all__discard_next_byte	local_label	uart_link	src/dlcp_fw/asm/dlcp_main_v34.asm RX ring drain discard path	emitted	prior_batch_timer3_standby_rx
flow_main_uart_service_4860_4866	uart_rx_ring_drain_all__check_more	local_label	uart_link	src/dlcp_fw/asm/dlcp_main_v34.asm RX ring drain more-data check	emitted	prior_batch_timer3_standby_rx
flow_uart_rx_with_framing_3ab8	uart_rx_with_framing__poll_ring	local_label	uart_link	src/dlcp_fw/asm/dlcp_main_v34.asm Intel-HEX UART RX ring poll path	emitted	prior_batch_uart_rx_framing
flow_uart_rx_with_framing_3ae2	uart_rx_with_framing__wait_for_colon	local_label	uart_link	src/dlcp_fw/asm/dlcp_main_v34.asm Intel-HEX UART wait-for-colon path	emitted	prior_batch_uart_rx_framing
flow_uart_rx_with_framing_3aec	uart_rx_with_framing__check_crlf_terminator	local_label	uart_link	src/dlcp_fw/asm/dlcp_main_v34.asm Intel-HEX CRLF terminator check	emitted	prior_batch_uart_rx_framing
flow_uart_rx_with_framing_3b02	uart_rx_with_framing__latch_record_complete_flag	local_label	uart_link	src/dlcp_fw/asm/dlcp_main_v34.asm Intel-HEX record-complete flag latch	emitted	prior_batch_uart_rx_framing
flow_uart_rx_with_framing_3b06	uart_rx_with_framing__check_timeout_and_limits	local_label	uart_link	src/dlcp_fw/asm/dlcp_main_v34.asm Intel-HEX timeout/limit check	emitted	prior_batch_uart_rx_framing
flow_uart_rx_with_framing_3b16	uart_rx_with_framing__stop_timer_return_count	local_label	uart_link	src/dlcp_fw/asm/dlcp_main_v34.asm Intel-HEX stop-timer return path	emitted	prior_batch_uart_rx_framing
main_core_service_4516	drive_audio_route_select_latches	private_helper	i2c_secondary	src/dlcp_fw/asm/dlcp_main_v34.asm LATA audio route select latch driver	emitted	prior_batch_route_latches
flow_main_core_service_4516_451a	drive_audio_route_select_latches__all_selects_low	local_label	i2c_secondary	src/dlcp_fw/asm/dlcp_main_v34.asm route latch all selects low path	emitted	prior_batch_route_latches
flow_main_core_service_4516_451e	drive_audio_route_select_latches__set_lata3_clear_lata4_lata5	local_label	i2c_secondary	src/dlcp_fw/asm/dlcp_main_v34.asm route latch LATA3 high path	emitted	prior_batch_route_latches
flow_main_core_service_4516_4520	drive_audio_route_select_latches__clear_lata4_lata5	local_label	i2c_secondary	src/dlcp_fw/asm/dlcp_main_v34.asm route latch clear LATA4/LATA5 path	emitted	prior_batch_route_latches
flow_main_core_service_4516_4526	drive_audio_route_select_latches__clear_lata3_lata4_set_lata5	local_label	i2c_secondary	src/dlcp_fw/asm/dlcp_main_v34.asm route latch LATA5 high path	emitted	prior_batch_route_latches
flow_main_core_service_4516_452c	drive_audio_route_select_latches__clear_lata3_set_lata4_lata5	local_label	i2c_secondary	src/dlcp_fw/asm/dlcp_main_v34.asm route latch LATA4/LATA5 high path	emitted	prior_batch_route_latches
flow_main_core_service_4516_4530	drive_audio_route_select_latches__set_lata5	local_label	i2c_secondary	src/dlcp_fw/asm/dlcp_main_v34.asm route latch set LATA5 path	emitted	prior_batch_route_latches
flow_main_core_service_4516_4534	drive_audio_route_select_latches__decode_route_code	local_label	i2c_secondary	src/dlcp_fw/asm/dlcp_main_v34.asm route latch route-code decode	emitted	prior_batch_route_latches
flow_main_core_service_4516_4544	drive_audio_route_select_latches__return	local_label	i2c_secondary	src/dlcp_fw/asm/dlcp_main_v34.asm route latch return path	emitted	prior_batch_route_latches
main_core_service_4574	preset_replay_selected_table_blocking	private_helper	preset	src/dlcp_fw/asm/dlcp_main_v34.asm selected preset table replay helper	emitted	prior_batch_preset_replay
flow_main_core_service_4574_457e	preset_replay_selected_table_blocking__apply_next_entry	local_label	preset	src/dlcp_fw/asm/dlcp_main_v34.asm selected preset replay loop entry	emitted	prior_batch_preset_replay
main_core_service_4574_final	preset_replay_selected_table_blocking__apply_final_entry	local_label	preset	src/dlcp_fw/asm/dlcp_main_v34.asm selected preset replay final entry path	emitted	prior_batch_preset_replay
main_core_service_4574_fail	preset_replay_selected_table_blocking__return_failure	local_label	preset	src/dlcp_fw/asm/dlcp_main_v34.asm selected preset replay failure return path	emitted	prior_batch_preset_replay
main_i2c_service_464c	i2c_receive_sspbuf_bounded	private_helper	i2c_secondary	src/dlcp_fw/asm/dlcp_main_v34.asm bounded SSPBUF receive helper	emitted	prior_batch_i2c_receive
flow_main_i2c_service_464c_4668	i2c_receive_sspbuf_bounded__enable_rcen	local_label	i2c_secondary	src/dlcp_fw/asm/dlcp_main_v34.asm bounded I2C receive RCEN enable path	emitted	prior_batch_i2c_receive
main_i2c_service_464c_timeout	i2c_receive_sspbuf_bounded__timeout	local_label	i2c_secondary	src/dlcp_fw/asm/dlcp_main_v34.asm bounded I2C receive timeout path	emitted	prior_batch_i2c_receive
inline_data_table_47E6	fw_update_status_text_seed_table	data_table	uart_link	src/dlcp_fw/asm/dlcp_main_v34.asm firmware-update status text seed table	emitted	prior_batch_table_rx
flow_rx_ring_read_4620	rx_ring_read__return_byte_or_zero	local_label	uart_link	src/dlcp_fw/asm/dlcp_main_v34.asm RX ring read return byte-or-zero path	emitted	prior_batch_table_rx
flow_main_uart_service_1be6_1bea	uart_link_parser__poll_rx_ring	local_label	uart_link	src/dlcp_fw/asm/dlcp_main_v34.asm UART link parser RX poll path	emitted	prior_batch_uart_parser_tail
flow_main_uart_service_1be6_1e6c	uart_link_parser__handler_return_tail	local_label	uart_link	src/dlcp_fw/asm/dlcp_main_v34.asm UART link parser shared handler tail	emitted	prior_batch_uart_parser_tail
flow_main_uart_service_1be6_1e78	uart_link_parser__clear_pending_echo	local_label	uart_link	src/dlcp_fw/asm/dlcp_main_v34.asm UART link parser echo clear path	emitted	prior_batch_uart_parser_tail
flow_main_uart_service_1be6_1e7c	uart_link_parser__mark_no_rx_data_return	local_label	uart_link	src/dlcp_fw/asm/dlcp_main_v34.asm UART link parser no-data return path	emitted	prior_batch_uart_parser_tail
flow_main_uart_service_1be6_1e80	uart_link_parser__return_if_idle_else_poll	local_label	uart_link	src/dlcp_fw/asm/dlcp_main_v34.asm UART link parser idle/poll tail	emitted	prior_batch_uart_parser_tail
flow_main_uart_service_1be6_1e6c_high_window	uart_link_parser__handler_return_tail_trampoline	local_label	uart_link	src/dlcp_fw/asm/dlcp_main_v34.asm UART link parser high-window tail trampoline	emitted	prior_batch_uart_parser_tail
stock_0CD_b0	usb_device_state_b0	ram_var	usb_ep0	src/dlcp_fw/asm/dlcp_main_ram.inc USB device state alias	emitted	prior_batch_usb_state
stock_0CD_b0_op	usb_device_state_op	ram_var	usb_ep0	src/dlcp_fw/asm/dlcp_main_ram.inc USB device state operand alias	emitted	prior_batch_usb_state
stock_0CD_b0_phys	usb_device_state_phys	ram_var	usb_ep0	src/dlcp_fw/asm/dlcp_main_ram.inc USB device state physical alias	emitted	prior_batch_usb_state
main_core_service_4672	fw_update_emit_zero_status_lines	private_helper	uart_link	src/dlcp_fw/asm/dlcp_main_v34.asm firmware-update zero status line emitter	emitted	prior_batch_fw_zero_status
stock_1F4_b1	fw_update_zero_status_text_b1	ram_var	uart_link	src/dlcp_fw/asm/dlcp_main_ram.inc firmware-update zero status text alias	emitted	prior_batch_fw_zero_status
stock_1F4_b1_op	fw_update_zero_status_text_op	ram_var	uart_link	src/dlcp_fw/asm/dlcp_main_ram.inc firmware-update zero status text operand alias	emitted	prior_batch_fw_zero_status
stock_1F4_b1_phys	fw_update_zero_status_text_phys	ram_var	uart_link	src/dlcp_fw/asm/dlcp_main_ram.inc firmware-update zero status text physical alias	emitted	prior_batch_fw_zero_status
flow_main_uart_service_1be6_1bf4	uart_link_parser__read_next_byte	local_label	uart_link	src/dlcp_fw/asm/dlcp_main_v34.asm UART link parser next-byte read path	emitted	prior_batch_uart_parser_route_payload
flow_main_uart_service_1be6_1c0e	uart_link_parser__check_b1_address_route	local_label	uart_link	src/dlcp_fw/asm/dlcp_main_v34.asm UART link parser B1 address-route check	emitted	prior_batch_uart_parser_route_payload
flow_main_uart_service_1be6_1c1c	uart_link_parser__handle_route_or_status_byte	local_label	uart_link	src/dlcp_fw/asm/dlcp_main_v34.asm UART link parser route/status byte handler	emitted	prior_batch_uart_parser_route_payload
flow_main_uart_service_1be6_1c42	uart_link_parser__payload_forward_gate	local_label	uart_link	src/dlcp_fw/asm/dlcp_main_v34.asm UART link parser payload forward gate	emitted	prior_batch_uart_parser_route_payload
flow_main_uart_service_1be6_1c52	uart_link_parser__advance_payload_position	local_label	uart_link	src/dlcp_fw/asm/dlcp_main_v34.asm UART link parser payload position advance	emitted	prior_batch_uart_parser_route_payload
flow_main_uart_service_1be6_1c62	uart_link_parser__latch_command_or_data	local_label	uart_link	src/dlcp_fw/asm/dlcp_main_v34.asm UART link parser command/data latch path	emitted	prior_batch_uart_parser_route_payload
flow_main_uart_service_1be6_1c6e	uart_link_parser__latch_data_and_dispatch_command	local_label	uart_link	src/dlcp_fw/asm/dlcp_main_v34.asm UART link parser data latch and dispatch path	emitted	prior_batch_uart_parser_route_payload
flow_main_uart_service_1be6_1ca2	uart_link_parser__standby_duplicate_preserve_pending_event	local_label	uart_link	src/dlcp_fw/asm/dlcp_main_v34.asm UART standby duplicate handling path	emitted	prior_batch_uart_parser_standby_mute
flow_main_uart_service_1be6_1ca6	uart_link_parser__standby_close_gate_if_event_pending	local_label	uart_link	src/dlcp_fw/asm/dlcp_main_v34.asm UART standby gate-close path	emitted	prior_batch_uart_parser_standby_mute
flow_main_uart_service_1be6_1cc4	uart_link_parser__mute_dirty_if_user_shadow_differs	local_label	uart_link	src/dlcp_fw/asm/dlcp_main_v34.asm UART mute dirty compare path	emitted	prior_batch_uart_parser_standby_mute
flow_main_uart_service_1be6_1cd2	uart_link_parser__mute_clear_shadow_bit	local_label	uart_link	src/dlcp_fw/asm/dlcp_main_v34.asm UART mute clear shadow bit path	emitted	prior_batch_uart_parser_standby_mute
flow_main_uart_service_1be6_1cd4	uart_link_parser__mute_return_after_shadow_update	local_label	uart_link	src/dlcp_fw/asm/dlcp_main_v34.asm UART mute return after shadow update	emitted	prior_batch_uart_parser_standby_mute
flow_main_uart_service_1be6_1cd6	uart_link_parser__mute_query_reply	local_label	uart_link	src/dlcp_fw/asm/dlcp_main_v34.asm UART mute query reply path	emitted	prior_batch_uart_parser_standby_mute
flow_main_uart_service_1be6_1d22	uart_link_parser__input_select_query_reply	local_label	uart_link	src/dlcp_fw/asm/dlcp_main_v34.asm UART input-select query reply path	emitted	prior_batch_uart_parser_input_volume
flow_main_uart_service_1be6_1d68	uart_link_parser__volume_return_if_unchanged	local_label	uart_link	src/dlcp_fw/asm/dlcp_main_v34.asm UART volume unchanged return path	emitted	prior_batch_uart_parser_input_volume
flow_main_uart_service_1be6_1d6c	uart_link_parser__volume_mark_dirty	local_label	uart_link	src/dlcp_fw/asm/dlcp_main_v34.asm UART volume dirty path	emitted	prior_batch_uart_parser_input_volume
flow_main_uart_service_1be6_1d80	uart_link_parser__volume_query_reply	local_label	uart_link	src/dlcp_fw/asm/dlcp_main_v34.asm UART volume query reply path	emitted	prior_batch_uart_parser_input_volume
flow_main_uart_service_1be6_1d8a	uart_link_parser__cmd10_require_data_29	local_label	uart_link	src/dlcp_fw/asm/dlcp_main_v34.asm UART cmd10 data-29 requirement path	emitted	prior_batch_uart_parser_input_volume
flow_main_uart_service_1be6_1d8a_report	uart_link_parser__cmd10_emit_cmd29_status	local_label	uart_link	src/dlcp_fw/asm/dlcp_main_v34.asm UART cmd10 cmd29 status emit path	emitted	prior_batch_uart_parser_input_volume
flow_main_uart_service_1be6_1e02	uart_link_parser__cmd1d_update_setup_timeout	local_label	uart_link	src/dlcp_fw/asm/dlcp_main_v34.asm UART cmd1D setup-timeout update path	emitted	prior_batch_uart_parser_cmd1d
flow_main_uart_service_1be6_1e14	uart_link_parser__cmd1d_query_reply	local_label	uart_link	src/dlcp_fw/asm/dlcp_main_v34.asm UART cmd1D query reply path	emitted	prior_batch_uart_parser_cmd1d
flow_main_uart_service_1be6_1e1c	uart_link_parser__cmd1e_update_link_address	local_label	uart_link	src/dlcp_fw/asm/dlcp_main_v34.asm UART cmd1E link-address update path	emitted	prior_batch_uart_parser_cmd1d
flow_main_uart_service_1be6_1e36	uart_link_parser__dispatch_check_cmd04_status_poll	local_label	uart_link	src/dlcp_fw/asm/dlcp_main_v34.asm UART parser dispatch cmd04 check	emitted	prior_batch_uart_parser_cmd1d
flow_main_uart_service_1be6_1e3c	uart_link_parser__dispatch_check_cmd06_input_select	local_label	uart_link	src/dlcp_fw/asm/dlcp_main_v34.asm UART parser dispatch cmd06 check	emitted	prior_batch_uart_parser_cmd1d
flow_main_uart_service_1be6_1e42	uart_link_parser__dispatch_check_cmd07_volume	local_label	uart_link	src/dlcp_fw/asm/dlcp_main_v34.asm UART parser dispatch cmd07 check	emitted	prior_batch_uart_parser_cmd1d
flow_main_uart_service_1be6_1e48	uart_link_parser__dispatch_check_cmd10_and_extended	local_label	uart_link	src/dlcp_fw/asm/dlcp_main_v34.asm UART parser dispatch cmd10/extended check	emitted	prior_batch_uart_parser_cmd1d
stock_0B8_b0	hid_opcode04_arg2_or_cmd1d_setup_b0	ram_var	mixed	src/dlcp_fw/asm/dlcp_main_v34.asm:446 stages HID opcode 0x04 arg2, and 2058-2068 uses the same cell for UART cmd 0x1D setup reply; semantic review consensus confirmed 4/4; second-stage 16-agent review 2026-06-18 retained emitted status for reviewed 32-row set; no in-scope material issues found	emitted	semantic_review_consensus_2026_06_18
stock_0B8_b0_op	hid_opcode04_arg2_or_cmd1d_setup_op	ram_var	mixed	src/dlcp_fw/asm/dlcp_main_v34.asm:446 stages HID opcode 0x04 arg2, and 2058-2068 uses the same cell for UART cmd 0x1D setup reply; semantic review consensus confirmed 4/4; second-stage 16-agent review 2026-06-18 retained emitted status for reviewed 32-row set; no in-scope material issues found	emitted	semantic_review_consensus_2026_06_18
stock_0B8_b0_phys	hid_opcode04_arg2_or_cmd1d_setup_phys	ram_var	mixed	src/dlcp_fw/asm/dlcp_main_v34.asm:446 stages HID opcode 0x04 arg2, and 2058-2068 uses the same cell for UART cmd 0x1D setup reply; semantic review consensus confirmed 4/4; second-stage 16-agent review 2026-06-18 retained emitted status for reviewed 32-row set; no in-scope material issues found	emitted	semantic_review_consensus_2026_06_18
main_usb_service_45a2	usb_hid_mailbox_send_reply_if_ready	private_helper	usb_hid	src/dlcp_fw/asm/dlcp_main_v34.asm HID reply mailbox sender	emitted	prior_batch_usb_ep1_reply
usb_stage_5a40_and_service_3fd0	usb_ep1_in_send_hid_reply_buffer	private_helper	usb_ep1	src/dlcp_fw/asm/dlcp_main_v34.asm EP1 IN HID reply buffer sender	emitted	prior_batch_usb_ep1_reply
main_core_service_3fd0	usb_ep1_in_copy_scratch_buffer_to_bdt	private_helper	usb_ep1	src/dlcp_fw/asm/dlcp_main_v34.asm EP1 IN scratch-to-BDT copy helper	emitted	prior_batch_usb_ep1_reply
flow_main_core_service_3fd0_3fd8	usb_ep1_in_copy_scratch_buffer_to_bdt__length_clamped	local_label	usb_ep1	src/dlcp_fw/asm/dlcp_main_v34.asm EP1 IN reply length clamp path	emitted	prior_batch_usb_ep1_reply
flow_main_core_service_3fd0_3fdc	usb_ep1_in_copy_scratch_buffer_to_bdt__copy_next_byte	local_label	usb_ep1	src/dlcp_fw/asm/dlcp_main_v34.asm EP1 IN reply copy loop body	emitted	prior_batch_usb_ep1_reply
flow_main_core_service_3fd0_3ffa	usb_ep1_in_copy_scratch_buffer_to_bdt__check_remaining	local_label	usb_ep1	src/dlcp_fw/asm/dlcp_main_v34.asm EP1 IN reply remaining check	emitted	prior_batch_usb_ep1_reply
flow_cmd_dispatch_gated_19a8	cmd_dispatch_gated__check_reconnect_and_volume_dirty	local_label	uart_link	src/dlcp_fw/asm/dlcp_main_v34.asm gated command dispatch reconnect/volume gate	emitted	prior_batch_cmd_dispatch_gated
flow_cmd_dispatch_gated_18fe	cmd_dispatch_gated__route_code_1_i2c_pair	local_label	i2c_secondary	src/dlcp_fw/asm/dlcp_main_v34.asm gated command dispatch route-code 1 I2C pair	emitted	prior_batch_cmd_dispatch_gated
flow_cmd_dispatch_gated_1918	cmd_dispatch_gated__route_code_2_i2c_pair	local_label	i2c_secondary	src/dlcp_fw/asm/dlcp_main_v34.asm gated command dispatch route-code 2 I2C pair	emitted	prior_batch_cmd_dispatch_gated
flow_cmd_dispatch_gated_1932	cmd_dispatch_gated__route_code_3_i2c_pair	local_label	i2c_secondary	src/dlcp_fw/asm/dlcp_main_v34.asm gated command dispatch route-code 3 I2C pair	emitted	prior_batch_cmd_dispatch_gated
flow_cmd_dispatch_gated_194c	cmd_dispatch_gated__route_code_4_i2c_pair	local_label	i2c_secondary	src/dlcp_fw/asm/dlcp_main_v34.asm gated command dispatch route-code 4 I2C pair	emitted	prior_batch_cmd_dispatch_gated
flow_cmd_dispatch_gated_1966	cmd_dispatch_gated__default_route_reg1f_write	local_label	i2c_tas3108	src/dlcp_fw/asm/dlcp_main_v34.asm gated command dispatch default route reg1F write	emitted	prior_batch_cmd_dispatch_gated
flow_cmd_dispatch_gated_1970	cmd_dispatch_gated__dispatch_input_route_code	local_label	uart_link	src/dlcp_fw/asm/dlcp_main_v34.asm gated command dispatch input route-code branch	emitted	prior_batch_cmd_dispatch_gated
flow_cmd_dispatch_gated_1990	cmd_dispatch_gated__input_route_write_complete	local_label	i2c_secondary	src/dlcp_fw/asm/dlcp_main_v34.asm gated command dispatch input-route write completion	emitted	prior_batch_cmd_dispatch_gated
flow_cmd_dispatch_gated_19d6	cmd_dispatch_gated__select_applied_route_trim	local_label	i2c_tas3108	src/dlcp_fw/asm/dlcp_main_v34.asm gated command dispatch applied-route trim selection	emitted	prior_batch_cmd_dispatch_gated
flow_cmd_dispatch_gated_19e6	cmd_dispatch_gated__stage_volume_coefficients	local_label	i2c_tas3108	src/dlcp_fw/asm/dlcp_main_v34.asm gated command dispatch volume coefficient staging	emitted	prior_batch_cmd_dispatch_gated
flow_cmd_dispatch_gated_volume_done	cmd_dispatch_gated__volume_write_complete	local_label	i2c_tas3108	src/dlcp_fw/asm/dlcp_main_v34.asm gated command dispatch volume write completion	emitted	prior_batch_cmd_dispatch_gated
flow_cmd_dispatch_gated_1a76	cmd_dispatch_gated__check_reconnect_reapply	local_label	preset	src/dlcp_fw/asm/dlcp_main_v34.asm gated command dispatch reconnect reapply check	emitted	prior_batch_cmd_dispatch_gated
flow_cmd_dispatch_gated_reapply_skip_name	cmd_dispatch_gated__finish_reapply_without_filename_reload	local_label	preset	src/dlcp_fw/asm/dlcp_main_v34.asm gated command dispatch reapply without filename reload	emitted	prior_batch_cmd_dispatch_gated
flow_cmd_dispatch_gated_reapply_failed	cmd_dispatch_gated__reapply_failed_fault_mute	local_label	preset	src/dlcp_fw/asm/dlcp_main_v34.asm gated command dispatch reapply failure fault-mute path	emitted	prior_batch_cmd_dispatch_gated
flow_cmd_dispatch_gated_reapply_wait_name	cmd_dispatch_gated__defer_reapply_until_filename_ready	local_label	preset	src/dlcp_fw/asm/dlcp_main_v34.asm gated command dispatch reapply defer until filename ready	emitted	prior_batch_cmd_dispatch_gated
flow_cmd_dispatch_gated_1a9c	cmd_dispatch_gated__check_mute_dirty	local_label	i2c_tas3108	src/dlcp_fw/asm/dlcp_main_v34.asm gated command dispatch mute dirty check	emitted	prior_batch_cmd_dispatch_gated
flow_cmd_dispatch_gated_1ab6	cmd_dispatch_gated__mute_dirty_unmuted	local_label	i2c_tas3108	src/dlcp_fw/asm/dlcp_main_v34.asm gated command dispatch unmuted mute-dirty path	emitted	prior_batch_cmd_dispatch_gated
flow_cmd_dispatch_gated_1ab8	cmd_dispatch_gated__mute_dirty_complete	local_label	i2c_tas3108	src/dlcp_fw/asm/dlcp_main_v34.asm gated command dispatch mute dirty completion	emitted	prior_batch_cmd_dispatch_gated
flow_cmd_dispatch_gated_1aca	cmd_dispatch_gated__check_channel_enable_dirty	local_label	i2c_secondary	src/dlcp_fw/asm/dlcp_main_v34.asm gated command dispatch channel-enable dirty check	emitted	prior_batch_cmd_dispatch_gated
flow_cmd_dispatch_gated_route_bit_loop	cmd_dispatch_gated__write_next_channel_enable_bit	local_label	i2c_secondary	src/dlcp_fw/asm/dlcp_main_v34.asm gated command dispatch channel-enable bit write loop	emitted	prior_batch_cmd_dispatch_gated
flow_cmd_dispatch_gated_1b8c	cmd_dispatch_gated__channel_enable_write_complete	local_label	i2c_secondary	src/dlcp_fw/asm/dlcp_main_v34.asm gated command dispatch channel-enable write completion	emitted	prior_batch_cmd_dispatch_gated
flow_cmd_dispatch_gated_1baa	cmd_dispatch_gated__check_route_sync_dirty	local_label	i2c_secondary	src/dlcp_fw/asm/dlcp_main_v34.asm gated command dispatch route sync dirty check	emitted	prior_batch_cmd_dispatch_gated
flow_cmd_dispatch_gated_1bc8	cmd_dispatch_gated__check_shared_setup_eeprom_dirty	local_label	eeprom	src/dlcp_fw/asm/dlcp_main_v34.asm gated command dispatch shared-setup EEPROM dirty check	emitted	prior_batch_cmd_dispatch_gated
flow_cmd_dispatch_gated_1bd6	cmd_dispatch_gated__check_setup_profile_eeprom_dirty	local_label	eeprom	src/dlcp_fw/asm/dlcp_main_v34.asm gated command dispatch setup-profile EEPROM dirty check	emitted	prior_batch_cmd_dispatch_gated
stock_0B4_b0	setup_profile_setting_b0	ram_var	uart_link	src/dlcp_fw/asm/dlcp_main_ram.inc setup profile setting alias	emitted	prior_batch_setup_profile
stock_0B4_b0_op	setup_profile_setting_op	ram_var	uart_link	src/dlcp_fw/asm/dlcp_main_ram.inc setup profile setting operand alias	emitted	prior_batch_setup_profile
stock_0B4_b0_phys	setup_profile_setting_phys	ram_var	uart_link	src/dlcp_fw/asm/dlcp_main_ram.inc setup profile setting physical alias	emitted	prior_batch_setup_profile
stock_0B1_b0	setup_profile_shadow_b0	ram_var	uart_link	src/dlcp_fw/asm/dlcp_main_ram.inc setup profile shadow alias	emitted	prior_batch_setup_profile
stock_0B1_b0_op	setup_profile_shadow_op	ram_var	uart_link	src/dlcp_fw/asm/dlcp_main_ram.inc setup profile shadow operand alias	emitted	prior_batch_setup_profile
stock_0B1_b0_phys	setup_profile_shadow_phys	ram_var	uart_link	src/dlcp_fw/asm/dlcp_main_ram.inc setup profile shadow physical alias	emitted	prior_batch_setup_profile
main_usb_service_490c	timer3_timeout_elapsed_carry	private_helper	timer3	src/dlcp_fw/asm/dlcp_main_v34.asm Timer3 timeout elapsed carry predicate	emitted	prior_batch_tail_helpers
flow_main_usb_service_490c_4914	timer3_timeout_elapsed_carry__timer_stopped	local_label	timer3	src/dlcp_fw/asm/dlcp_main_v34.asm Timer3 timeout predicate timer-stopped path	emitted	prior_batch_tail_helpers
flow_main_usb_service_490c_4916	timer3_timeout_elapsed_carry__return	local_label	timer3	src/dlcp_fw/asm/dlcp_main_v34.asm Timer3 timeout predicate return path	emitted	prior_batch_tail_helpers
main_core_service_492e	timer3_blocking_delay_1ms	private_helper	timer3	src/dlcp_fw/asm/dlcp_main_v34.asm 1 ms Timer3 blocking delay helper	emitted	prior_batch_tail_helpers
main_uart_service_4938	uart_reconfigure_and_resync_parser	private_helper	uart_link	src/dlcp_fw/asm/dlcp_main_v34.asm UART reconfigure and parser resync helper	emitted	prior_batch_tail_helpers
main_core_service_4942	timer3_blocking_delay_2ms	private_helper	timer3	src/dlcp_fw/asm/dlcp_main_v34.asm 2 ms Timer3 blocking delay helper	emitted	prior_batch_tail_helpers
main_timer_service_494c	timer3_stop_interrupt_countdown	private_helper	timer3	src/dlcp_fw/asm/dlcp_main_v34.asm Timer3 interrupt countdown stop helper	emitted	prior_batch_tail_helpers
stock_0A4_b0	channel_enable_mask_b0	ram_var	i2c_secondary	src/dlcp_fw/asm/dlcp_main_ram.inc channel-enable mask alias	emitted	prior_batch_channel_enable
stock_0A4_b0_op	channel_enable_mask_op	ram_var	i2c_secondary	src/dlcp_fw/asm/dlcp_main_ram.inc channel-enable mask operand alias	emitted	prior_batch_channel_enable
stock_0A4_b0_phys	channel_enable_mask_phys	ram_var	i2c_secondary	src/dlcp_fw/asm/dlcp_main_ram.inc channel-enable mask physical alias	emitted	prior_batch_channel_enable
stock_0B0_b0	channel_enable_shadow_b0	ram_var	i2c_secondary	src/dlcp_fw/asm/dlcp_main_ram.inc channel-enable shadow alias	emitted	prior_batch_channel_enable
stock_0B0_b0_op	channel_enable_shadow_op	ram_var	i2c_secondary	src/dlcp_fw/asm/dlcp_main_ram.inc channel-enable shadow operand alias	emitted	prior_batch_channel_enable
stock_0B0_b0_phys	channel_enable_shadow_phys	ram_var	i2c_secondary	src/dlcp_fw/asm/dlcp_main_ram.inc channel-enable shadow physical alias	emitted	prior_batch_channel_enable
stock_060_b0	channel_1_source_config_b0	ram_var	i2c_secondary	src/dlcp_fw/asm/dlcp_main_ram.inc channel 1 source config alias	emitted	prior_batch_channel_configs
stock_060_b0_op	channel_1_source_config_op	ram_var	i2c_secondary	src/dlcp_fw/asm/dlcp_main_ram.inc channel 1 source config operand alias	emitted	prior_batch_channel_configs
stock_060_b0_phys	channel_1_source_config_phys	ram_var	i2c_secondary	src/dlcp_fw/asm/dlcp_main_ram.inc channel 1 source config physical alias	emitted	prior_batch_channel_configs
stock_061_b0	channel_2_source_config_b0	ram_var	i2c_secondary	src/dlcp_fw/asm/dlcp_main_ram.inc channel 2 source config alias	emitted	prior_batch_channel_configs
stock_061_b0_op	channel_2_source_config_op	ram_var	i2c_secondary	src/dlcp_fw/asm/dlcp_main_ram.inc channel 2 source config operand alias	emitted	prior_batch_channel_configs
stock_061_b0_phys	channel_2_source_config_phys	ram_var	i2c_secondary	src/dlcp_fw/asm/dlcp_main_ram.inc channel 2 source config physical alias	emitted	prior_batch_channel_configs
stock_062_b0	channel_3_source_config_b0	ram_var	i2c_secondary	src/dlcp_fw/asm/dlcp_main_ram.inc channel 3 source config alias	emitted	prior_batch_channel_configs
stock_062_b0_op	channel_3_source_config_op	ram_var	i2c_secondary	src/dlcp_fw/asm/dlcp_main_ram.inc channel 3 source config operand alias	emitted	prior_batch_channel_configs
stock_062_b0_phys	channel_3_source_config_phys	ram_var	i2c_secondary	src/dlcp_fw/asm/dlcp_main_ram.inc channel 3 source config physical alias	emitted	prior_batch_channel_configs
stock_063_b0	channel_4_source_config_b0	ram_var	i2c_secondary	src/dlcp_fw/asm/dlcp_main_ram.inc channel 4 source config alias	emitted	prior_batch_channel_configs
stock_063_b0_op	channel_4_source_config_op	ram_var	i2c_secondary	src/dlcp_fw/asm/dlcp_main_ram.inc channel 4 source config operand alias	emitted	prior_batch_channel_configs
stock_063_b0_phys	channel_4_source_config_phys	ram_var	i2c_secondary	src/dlcp_fw/asm/dlcp_main_ram.inc channel 4 source config physical alias	emitted	prior_batch_channel_configs
stock_064_b0	channel_5_source_config_b0	ram_var	i2c_secondary	src/dlcp_fw/asm/dlcp_main_ram.inc channel 5 source config alias	emitted	prior_batch_channel_configs
stock_064_b0_op	channel_5_source_config_op	ram_var	i2c_secondary	src/dlcp_fw/asm/dlcp_main_ram.inc channel 5 source config operand alias	emitted	prior_batch_channel_configs
stock_064_b0_phys	channel_5_source_config_phys	ram_var	i2c_secondary	src/dlcp_fw/asm/dlcp_main_ram.inc channel 5 source config physical alias	emitted	prior_batch_channel_configs
stock_065_b0	channel_6_source_config_b0	ram_var	i2c_secondary	src/dlcp_fw/asm/dlcp_main_ram.inc channel 6 source config alias	emitted	prior_batch_channel_configs
stock_065_b0_op	channel_6_source_config_op	ram_var	i2c_secondary	src/dlcp_fw/asm/dlcp_main_ram.inc channel 6 source config operand alias	emitted	prior_batch_channel_configs
stock_065_b0_phys	channel_6_source_config_phys	ram_var	i2c_secondary	src/dlcp_fw/asm/dlcp_main_ram.inc channel 6 source config physical alias	emitted	prior_batch_channel_configs
stock_0A5_b0	channel_1_source_config_shadow_b0	ram_var	i2c_secondary	src/dlcp_fw/asm/dlcp_main_ram.inc channel 1 source config shadow alias	emitted	prior_batch_channel_configs
stock_0A5_b0_op	channel_1_source_config_shadow_op	ram_var	i2c_secondary	src/dlcp_fw/asm/dlcp_main_ram.inc channel 1 source config shadow operand alias	emitted	prior_batch_channel_configs
stock_0A5_b0_phys	channel_1_source_config_shadow_phys	ram_var	i2c_secondary	src/dlcp_fw/asm/dlcp_main_ram.inc channel 1 source config shadow physical alias	emitted	prior_batch_channel_configs
stock_0A6_b0	channel_2_source_config_shadow_b0	ram_var	i2c_secondary	src/dlcp_fw/asm/dlcp_main_ram.inc channel 2 source config shadow alias	emitted	prior_batch_channel_configs
stock_0A6_b0_op	channel_2_source_config_shadow_op	ram_var	i2c_secondary	src/dlcp_fw/asm/dlcp_main_ram.inc channel 2 source config shadow operand alias	emitted	prior_batch_channel_configs
stock_0A6_b0_phys	channel_2_source_config_shadow_phys	ram_var	i2c_secondary	src/dlcp_fw/asm/dlcp_main_ram.inc channel 2 source config shadow physical alias	emitted	prior_batch_channel_configs
stock_0A7_b0	channel_3_source_config_shadow_b0	ram_var	i2c_secondary	src/dlcp_fw/asm/dlcp_main_ram.inc channel 3 source config shadow alias	emitted	prior_batch_channel_configs
stock_0A7_b0_op	channel_3_source_config_shadow_op	ram_var	i2c_secondary	src/dlcp_fw/asm/dlcp_main_ram.inc channel 3 source config shadow operand alias	emitted	prior_batch_channel_configs
stock_0A7_b0_phys	channel_3_source_config_shadow_phys	ram_var	i2c_secondary	src/dlcp_fw/asm/dlcp_main_ram.inc channel 3 source config shadow physical alias	emitted	prior_batch_channel_configs
stock_0A8_b0	channel_4_source_config_shadow_b0	ram_var	i2c_secondary	src/dlcp_fw/asm/dlcp_main_ram.inc channel 4 source config shadow alias	emitted	prior_batch_channel_configs
stock_0A8_b0_op	channel_4_source_config_shadow_op	ram_var	i2c_secondary	src/dlcp_fw/asm/dlcp_main_ram.inc channel 4 source config shadow operand alias	emitted	prior_batch_channel_configs
stock_0A8_b0_phys	channel_4_source_config_shadow_phys	ram_var	i2c_secondary	src/dlcp_fw/asm/dlcp_main_ram.inc channel 4 source config shadow physical alias	emitted	prior_batch_channel_configs
stock_0A9_b0	channel_5_source_config_shadow_b0	ram_var	i2c_secondary	src/dlcp_fw/asm/dlcp_main_ram.inc channel 5 source config shadow alias	emitted	prior_batch_channel_configs
stock_0A9_b0_op	channel_5_source_config_shadow_op	ram_var	i2c_secondary	src/dlcp_fw/asm/dlcp_main_ram.inc channel 5 source config shadow operand alias	emitted	prior_batch_channel_configs
stock_0A9_b0_phys	channel_5_source_config_shadow_phys	ram_var	i2c_secondary	src/dlcp_fw/asm/dlcp_main_ram.inc channel 5 source config shadow physical alias	emitted	prior_batch_channel_configs
stock_0AA_b0	channel_6_source_config_shadow_b0	ram_var	i2c_secondary	src/dlcp_fw/asm/dlcp_main_ram.inc channel 6 source config shadow alias	emitted	prior_batch_channel_configs
stock_0AA_b0_op	channel_6_source_config_shadow_op	ram_var	i2c_secondary	src/dlcp_fw/asm/dlcp_main_ram.inc channel 6 source config shadow operand alias	emitted	prior_batch_channel_configs
stock_0AA_b0_phys	channel_6_source_config_shadow_phys	ram_var	i2c_secondary	src/dlcp_fw/asm/dlcp_main_ram.inc channel 6 source config shadow physical alias	emitted	prior_batch_channel_configs
stock_09B_b0	route_0_volume_trim_b0	ram_var	i2c_tas3108	src/dlcp_fw/asm/dlcp_main_ram.inc route 0 volume trim alias	emitted	prior_batch_channel_configs
stock_09B_b0_op	route_0_volume_trim_op	ram_var	i2c_tas3108	src/dlcp_fw/asm/dlcp_main_ram.inc route 0 volume trim operand alias	emitted	prior_batch_channel_configs
stock_09B_b0_phys	route_0_volume_trim_phys	ram_var	i2c_tas3108	src/dlcp_fw/asm/dlcp_main_ram.inc route 0 volume trim physical alias	emitted	prior_batch_channel_configs
stock_09C_b0	route_5_volume_trim_b0	ram_var	i2c_tas3108	src/dlcp_fw/asm/dlcp_main_ram.inc route 5 volume trim alias	emitted	prior_batch_channel_configs
stock_09C_b0_op	route_5_volume_trim_op	ram_var	i2c_tas3108	src/dlcp_fw/asm/dlcp_main_ram.inc route 5 volume trim operand alias	emitted	prior_batch_channel_configs
stock_09C_b0_phys	route_5_volume_trim_phys	ram_var	i2c_tas3108	src/dlcp_fw/asm/dlcp_main_ram.inc route 5 volume trim physical alias	emitted	prior_batch_channel_configs
stock_09D_b0	route_6_volume_trim_b0	ram_var	i2c_tas3108	src/dlcp_fw/asm/dlcp_main_ram.inc route 6 volume trim alias	emitted	prior_batch_channel_configs
stock_09D_b0_op	route_6_volume_trim_op	ram_var	i2c_tas3108	src/dlcp_fw/asm/dlcp_main_ram.inc route 6 volume trim operand alias	emitted	prior_batch_channel_configs
stock_09D_b0_phys	route_6_volume_trim_phys	ram_var	i2c_tas3108	src/dlcp_fw/asm/dlcp_main_ram.inc route 6 volume trim physical alias	emitted	prior_batch_channel_configs
stock_09E_b0	route_7_volume_trim_b0	ram_var	i2c_tas3108	src/dlcp_fw/asm/dlcp_main_ram.inc route 7 volume trim alias	emitted	prior_batch_channel_configs
stock_09E_b0_op	route_7_volume_trim_op	ram_var	i2c_tas3108	src/dlcp_fw/asm/dlcp_main_ram.inc route 7 volume trim operand alias	emitted	prior_batch_channel_configs
stock_09E_b0_phys	route_7_volume_trim_phys	ram_var	i2c_tas3108	src/dlcp_fw/asm/dlcp_main_ram.inc route 7 volume trim physical alias	emitted	prior_batch_channel_configs
stock_0AC_b0	route_0_volume_trim_shadow_b0	ram_var	i2c_tas3108	src/dlcp_fw/asm/dlcp_main_ram.inc route 0 volume trim shadow alias	emitted	prior_batch_channel_configs
stock_0AC_b0_op	route_0_volume_trim_shadow_op	ram_var	i2c_tas3108	src/dlcp_fw/asm/dlcp_main_ram.inc route 0 volume trim shadow operand alias	emitted	prior_batch_channel_configs
stock_0AC_b0_phys	route_0_volume_trim_shadow_phys	ram_var	i2c_tas3108	src/dlcp_fw/asm/dlcp_main_ram.inc route 0 volume trim shadow physical alias	emitted	prior_batch_channel_configs
stock_0AD_b0	route_5_volume_trim_shadow_b0	ram_var	i2c_tas3108	src/dlcp_fw/asm/dlcp_main_ram.inc route 5 volume trim shadow alias	emitted	prior_batch_channel_configs
stock_0AD_b0_op	route_5_volume_trim_shadow_op	ram_var	i2c_tas3108	src/dlcp_fw/asm/dlcp_main_ram.inc route 5 volume trim shadow operand alias	emitted	prior_batch_channel_configs
stock_0AD_b0_phys	route_5_volume_trim_shadow_phys	ram_var	i2c_tas3108	src/dlcp_fw/asm/dlcp_main_ram.inc route 5 volume trim shadow physical alias	emitted	prior_batch_channel_configs
stock_0AE_b0	route_6_volume_trim_shadow_b0	ram_var	i2c_tas3108	src/dlcp_fw/asm/dlcp_main_ram.inc route 6 volume trim shadow alias	emitted	prior_batch_channel_configs
stock_0AE_b0_op	route_6_volume_trim_shadow_op	ram_var	i2c_tas3108	src/dlcp_fw/asm/dlcp_main_ram.inc route 6 volume trim shadow operand alias	emitted	prior_batch_channel_configs
stock_0AE_b0_phys	route_6_volume_trim_shadow_phys	ram_var	i2c_tas3108	src/dlcp_fw/asm/dlcp_main_ram.inc route 6 volume trim shadow physical alias	emitted	prior_batch_channel_configs
stock_0AF_b0	route_7_volume_trim_shadow_b0	ram_var	i2c_tas3108	src/dlcp_fw/asm/dlcp_main_ram.inc route 7 volume trim shadow alias	emitted	prior_batch_channel_configs
stock_0AF_b0_op	route_7_volume_trim_shadow_op	ram_var	i2c_tas3108	src/dlcp_fw/asm/dlcp_main_ram.inc route 7 volume trim shadow operand alias	emitted	prior_batch_channel_configs
stock_0AF_b0_phys	route_7_volume_trim_shadow_phys	ram_var	i2c_tas3108	src/dlcp_fw/asm/dlcp_main_ram.inc route 7 volume trim shadow physical alias	emitted	prior_batch_channel_configs
stock_05F_acc	src_route_status_code_acc	ram_var	src4382	src/dlcp_fw/asm/dlcp_main_ram.inc SRC route status code access alias	emitted	prior_batch_src_status_link
stock_05F_acc_op	src_route_status_code_acc_op	ram_var	src4382	src/dlcp_fw/asm/dlcp_main_ram.inc SRC route status code access operand alias	emitted	prior_batch_src_status_link
stock_05F_acc_phys	src_route_status_code_acc_phys	ram_var	src4382	src/dlcp_fw/asm/dlcp_main_ram.inc SRC route status code access physical alias	emitted	prior_batch_src_status_link
stock_05F_b0	src_route_status_code_b0	ram_var	src4382	src/dlcp_fw/asm/dlcp_main_ram.inc SRC route status code bank0 alias	emitted	prior_batch_src_status_link
stock_05F_b0_op	src_route_status_code_b0_op	ram_var	src4382	src/dlcp_fw/asm/dlcp_main_ram.inc SRC route status code bank0 operand alias	emitted	prior_batch_src_status_link
stock_05F_b0_phys	src_route_status_code_b0_phys	ram_var	src4382	src/dlcp_fw/asm/dlcp_main_ram.inc SRC route status code bank0 physical alias	emitted	prior_batch_src_status_link
stock_0C3_b0	link_address_setting_b0	ram_var	uart_link	src/dlcp_fw/asm/dlcp_main_ram.inc link address setting alias	emitted	prior_batch_src_status_link
stock_0C3_b0_op	link_address_setting_op	ram_var	uart_link	src/dlcp_fw/asm/dlcp_main_ram.inc link address setting operand alias	emitted	prior_batch_src_status_link
stock_0C3_b0_phys	link_address_setting_phys	ram_var	uart_link	src/dlcp_fw/asm/dlcp_main_ram.inc link address setting physical alias	emitted	prior_batch_src_status_link
stock_0B2_b0	link_address_shadow_b0	ram_var	uart_link	src/dlcp_fw/asm/dlcp_main_ram.inc link address shadow alias	emitted	prior_batch_src_status_link
stock_0B2_b0_op	link_address_shadow_op	ram_var	uart_link	src/dlcp_fw/asm/dlcp_main_ram.inc link address shadow operand alias	emitted	prior_batch_src_status_link
stock_0B2_b0_phys	link_address_shadow_phys	ram_var	uart_link	src/dlcp_fw/asm/dlcp_main_ram.inc link address shadow physical alias	emitted	prior_batch_src_status_link
active_flags_bit0	uart_link_frame_addressed_to_this_unit	flag_bit	uart_link	src/dlcp_fw/asm/dlcp_main_v34.asm active_flags bit0 route/address ownership comments and parser use	emitted	prior_batch_packed_flags
active_flags_bit2	selected_preset_b	flag_bit	preset	src/dlcp_fw/asm/dlcp_main_v34.asm active_flags bit2 preset B active/remap use	emitted	prior_batch_packed_flags
active_flags_bit3	command_dispatch_gate_open	flag_bit	uart_link	src/dlcp_fw/asm/dlcp_main_v34.asm active_flags bit3 command-dispatch active gate comments	emitted	prior_batch_packed_flags
active_flags_bit4	mute_target_asserted	flag_bit	i2c_tas3108	src/dlcp_fw/asm/dlcp_main_v34.asm active_flags bit4 effective mute target comments and uses	emitted	prior_batch_packed_flags
active_flags_bit5	mute_state_applied_shadow	flag_bit	i2c_tas3108	src/dlcp_fw/asm/dlcp_main_v34.asm:3286-3301 compares mute desired bit4 with bit5, then mirrors bit4 into bit5 after applying mute state; semantic review consensus confirmed 4/4; second-stage 16-agent review 2026-06-18 retained emitted status for reviewed 32-row set; no in-scope material issues found	emitted	semantic_review_consensus_2026_06_18
active_flags_bit6	uart_link_ack_echo_pending	flag_bit	uart_link	src/dlcp_fw/asm/dlcp_main_v34.asm active_flags bit6 UART ACK echo latch/consume use	emitted	prior_batch_packed_flags
active_flags_bit7	lifecycle_reapply_pending	flag_bit	preset	src/dlcp_fw/asm/dlcp_main_v34.asm:1470-1497 drains the reapply flag; 3932 and 9807-9809 set it from wake and preset lifecycle paths; semantic review consensus confirmed 4/4; second-stage 16-agent review 2026-06-18 retained emitted status for reviewed 32-row set; no in-scope material issues found	emitted	semantic_review_consensus_2026_06_18
event_flags_bit0	eeprom_persist_pending	flag_bit	eeprom	src/dlcp_fw/asm/dlcp_main_v34.asm event_flags bit0 EEPROM persistence service gate	emitted	prior_batch_packed_flags
event_flags_bit1	input_route_apply_pending	flag_bit	i2c_secondary	src/dlcp_fw/asm/dlcp_main_v34.asm event_flags bit1 input/route side-effect owner comments	emitted	prior_batch_packed_flags
event_flags_bit2	standby_wake_event_pending	flag_bit	boot	src/dlcp_fw/asm/dlcp_main_v34.asm event_flags bit2 standby/wake dispatch pending use	emitted	prior_batch_packed_flags
event_flags_bit3	volume_coefficients_dirty	flag_bit	i2c_tas3108	src/dlcp_fw/asm/dlcp_main_v34.asm event_flags bit3 volume DSP write dirty use	emitted	prior_batch_packed_flags
event_flags_bit4	channel_route_sync_dirty	flag_bit	i2c_secondary	src/dlcp_fw/asm/dlcp_main_v34.asm event_flags bit4 route/channel sync comments	emitted	prior_batch_packed_flags
event_flags_bit5	mute_coefficients_dirty	flag_bit	i2c_tas3108	src/dlcp_fw/asm/dlcp_main_v34.asm event_flags bit5 mute coefficient refresh use	emitted	prior_batch_packed_flags
event_flags_bit6	channel_enable_dirty	flag_bit	i2c_secondary	src/dlcp_fw/asm/dlcp_main_v34.asm event_flags bit6 channel enable dirty use	emitted	prior_batch_packed_flags
event_flags_bit7	bounded_i2c_waits_enabled	flag_bit	i2c_secondary	src/dlcp_fw/asm/dlcp_main_v34.asm event_flags bit7 boot-complete bounded wait enable comments	emitted	prior_batch_packed_flags
dsp_fault_flags_bit2	i2c_ackstat_nack_latch	flag_bit	i2c_tas3108	src/dlcp_fw/asm/dlcp_main_v34.asm dsp_fault_flags bit2 ACKSTAT latch comments and I2C TX use	emitted	prior_batch_packed_flags
dsp_fault_flags_bits3_5	volume_dsp_write_retry_count	flag_bit	i2c_tas3108	src/dlcp_fw/asm/dlcp_main_v34.asm dsp_fault_flags bits 3..5 volume_dsp_write retry counter comments	emitted	prior_batch_packed_flags
dsp_fault_flags_bit6	dsp_fault_active	flag_bit	i2c_tas3108	src/dlcp_fw/asm/dlcp_main_v34.asm dsp_fault_flags bit6 DSP_FAULT comments and BF/08 forwarding	emitted	prior_batch_packed_flags
filename_dirty_flags_bit0	volume_input_status_link_eeprom_dirty	flag_bit	eeprom	src/dlcp_fw/asm/dlcp_main_v34.asm filename_dirty_flags bit0 static EEPROM block 0 persistence	emitted	prior_batch_packed_flags
filename_dirty_flags_bit1	channel_source_config_eeprom_dirty	flag_bit	eeprom	src/dlcp_fw/asm/dlcp_main_v34.asm filename_dirty_flags bit1 static EEPROM block 1 persistence	emitted	prior_batch_packed_flags
filename_dirty_flags_bit2	setup_profile_shared_setup_eeprom_dirty	flag_bit	eeprom	src/dlcp_fw/asm/dlcp_main_v34.asm filename_dirty_flags bit2 static EEPROM block 2 persistence	emitted	prior_batch_packed_flags
filename_dirty_flags_bit3	route_volume_trim_eeprom_dirty	flag_bit	eeprom	src/dlcp_fw/asm/dlcp_main_v34.asm filename_dirty_flags bit3 static EEPROM block 3 persistence	emitted	prior_batch_packed_flags
filename_dirty_flags_bit4	filter_window_eeprom_dirty	flag_bit	eeprom	src/dlcp_fw/asm/dlcp_main_v34.asm filename_dirty_flags bit4 EEPROM filter window persistence loop	emitted	prior_batch_packed_flags
filename_dirty_flags_bit5	preset_filename_eeprom_dirty	flag_bit	preset	src/dlcp_fw/asm/dlcp_main_v34.asm filename_dirty_flags bit5 preset filename EEPROM dirty comments	emitted	prior_batch_packed_flags
filename_dirty_flags_bit6	usb_filename_transaction_pending	flag_bit	usb_hid	src/dlcp_fw/asm/dlcp_main_v34.asm filename_dirty_flags bit6 USB filename transaction gate comments	emitted	prior_batch_packed_flags
stock_094_bit5	user_mute_latch	flag_bit	i2c_tas3108	src/dlcp_fw/asm/dlcp_main_v34.asm stock_094 bit5 V3.4 user mute latch comments	emitted	prior_batch_packed_flags
stock_094_bit6	wake_i2c_barrier_pending	flag_bit	i2c_secondary	src/dlcp_fw/asm/dlcp_main_v34.asm stock_094 bit6 FIELD-10 wake I2C barrier comments	emitted	prior_batch_packed_flags
stock_094_bit7	late_bit1_attempt_marker	flag_bit	i2c_secondary	src/dlcp_fw/asm/dlcp_main_v34.asm stock_094 bit7 per-dispatch bit1 attempt marker comments	emitted	prior_batch_packed_flags
flow_hid_command_dispatch_15a8	hid_cmd_diag_snapshot_probe	local_label	diag	src/dlcp_fw/asm/dlcp_main_v34.asm HID command 0x44 diagnostics snapshot probe	emitted	prior_batch_diag_snapshot
diag_send_burst_xx	diag_low_nibble_reply_burst	private_helper	diag	src/dlcp_fw/asm/dlcp_main_v34.asm shared low-nibble BF diagnostics reply burst helper	emitted	prior_batch_diag_snapshot
main_core_service_1e88	restore_eeprom_settings_on_boot	private_helper	boot	src/dlcp_fw/asm/dlcp_main_v34.asm boot-time EEPROM restore and settings validation routine	emitted	prior_batch_boot_restore
flow_main_core_service_1e88_1f54	restore_eeprom_settings_on_boot__clamp_volume_minimum	local_label	boot	src/dlcp_fw/asm/dlcp_main_v34.asm boot restore computed volume minimum clamp	emitted	prior_batch_boot_restore
flow_main_core_service_1e88_1f60	restore_eeprom_settings_on_boot__validate_input_select	local_label	boot	src/dlcp_fw/asm/dlcp_main_v34.asm boot restore input select validation	emitted	prior_batch_boot_restore
flow_main_core_service_1e88_1f6a	restore_eeprom_settings_on_boot__validate_channel1_source	local_label	boot	src/dlcp_fw/asm/dlcp_main_v34.asm boot restore channel 1 source validation	emitted	prior_batch_boot_restore
flow_main_core_service_1e88_1f72	restore_eeprom_settings_on_boot__validate_channel2_source	local_label	boot	src/dlcp_fw/asm/dlcp_main_v34.asm boot restore channel 2 source validation	emitted	prior_batch_boot_restore
flow_main_core_service_1e88_1f7e	restore_eeprom_settings_on_boot__validate_channel3_source	local_label	boot	src/dlcp_fw/asm/dlcp_main_v34.asm boot restore channel 3 source validation	emitted	prior_batch_boot_restore
flow_main_core_service_1e88_1f8a	restore_eeprom_settings_on_boot__validate_channel4_source	local_label	boot	src/dlcp_fw/asm/dlcp_main_v34.asm boot restore channel 4 source validation	emitted	prior_batch_boot_restore
flow_main_core_service_1e88_1f98	restore_eeprom_settings_on_boot__validate_channel5_source	local_label	boot	src/dlcp_fw/asm/dlcp_main_v34.asm boot restore channel 5 source validation	emitted	prior_batch_boot_restore
flow_main_core_service_1e88_1fa6	restore_eeprom_settings_on_boot__validate_channel6_source	local_label	boot	src/dlcp_fw/asm/dlcp_main_v34.asm boot restore channel 6 source validation	emitted	prior_batch_boot_restore
flow_main_core_service_1e88_1fb4	restore_eeprom_settings_on_boot__validate_src_route_status	local_label	boot	src/dlcp_fw/asm/dlcp_main_v34.asm boot restore SRC route status validation	emitted	prior_batch_boot_restore
flow_main_core_service_1e88_1fbc	restore_eeprom_settings_on_boot__validate_link_address	local_label	boot	src/dlcp_fw/asm/dlcp_main_v34.asm boot restore link address validation	emitted	prior_batch_boot_restore
flow_main_core_service_1e88_1fc6	restore_eeprom_settings_on_boot__mirror_runtime_settings	local_label	boot	src/dlcp_fw/asm/dlcp_main_v34.asm boot restore runtime setting shadow mirror path	emitted	prior_batch_boot_restore
flow_main_core_service_1e88_2026	restore_eeprom_settings_on_boot__clamp_shared_setup_maximum	local_label	boot	src/dlcp_fw/asm/dlcp_main_v34.asm boot restore shared setup maximum clamp	emitted	prior_batch_boot_restore
flow_main_core_service_1e88_2030	restore_eeprom_settings_on_boot__read_route_trim_eeprom	local_label	boot	src/dlcp_fw/asm/dlcp_main_v34.asm boot restore route trim EEPROM read path	emitted	prior_batch_boot_restore
flow_main_core_service_1e88_2070	restore_eeprom_settings_on_boot__validate_route5_trim	local_label	boot	src/dlcp_fw/asm/dlcp_main_v34.asm boot restore route 5 trim validation	emitted	prior_batch_boot_restore
flow_main_core_service_1e88_2078	restore_eeprom_settings_on_boot__validate_route6_trim	local_label	boot	src/dlcp_fw/asm/dlcp_main_v34.asm boot restore route 6 trim validation	emitted	prior_batch_boot_restore
flow_main_core_service_1e88_2080	restore_eeprom_settings_on_boot__validate_route7_trim	local_label	boot	src/dlcp_fw/asm/dlcp_main_v34.asm boot restore route 7 trim validation	emitted	prior_batch_boot_restore
flow_main_core_service_1e88_2088	restore_eeprom_settings_on_boot__mirror_route_trim_shadows	local_label	boot	src/dlcp_fw/asm/dlcp_main_v34.asm boot restore route trim shadow mirror path	emitted	prior_batch_boot_restore
flow_main_core_service_1e88_209c	restore_eeprom_settings_on_boot__read_filter_window	local_label	boot	src/dlcp_fw/asm/dlcp_main_v34.asm boot restore filter window EEPROM read loop	emitted	prior_batch_boot_restore
flow_main_core_service_1e88_20c2	restore_eeprom_settings_on_boot__read_preset_a_filename	local_label	boot	src/dlcp_fw/asm/dlcp_main_v34.asm boot restore preset A filename EEPROM read loop	emitted	prior_batch_boot_restore
eeprom_read_00a_to_indf2_inc	eeprom_read_indexed_byte_to_postinc2	private_helper	eeprom	src/dlcp_fw/asm/dlcp_main_v34.asm EEPROM byte read using stock_00A index to POSTINC2	emitted	prior_batch_boot_restore
runtime_eeprom_write_03_w	eeprom_write_runtime_version_03_at_w	private_helper	eeprom	src/dlcp_fw/asm/dlcp_main_v34.asm boot restore runtime EEPROM version byte writer	emitted	prior_batch_boot_restore
eeprom_read_byte_W	eeprom_read_byte_at_w	private_helper	eeprom	src/dlcp_fw/asm/dlcp_main_v34.asm EEPROM byte read wrapper with address in W	emitted	prior_batch_boot_restore
fsr1_page1_copy_from_indf2_w	copy_indf2_to_page1_w	private_helper	ram	src/dlcp_fw/asm/dlcp_main_v34.asm copy INDF2 byte to page-1 address selected by W	emitted	current_batch_i2c_route_sync
prep_bank1_ram004	ram_clear_prepare_page1_address_high	private_helper	ram	src/dlcp_fw/asm/dlcp_main_v34.asm prepare ram_block_clear page-1 address high byte	emitted	current_batch_i2c_route_sync
ram_block_clear_4	ram_block_clear_four_bytes_from_w	private_helper	ram	src/dlcp_fw/asm/dlcp_main_v34.asm four-byte RAM block clear helper with low address in W	emitted	current_batch_i2c_route_sync
ram_block_clear_4_bank0_w	ram_block_clear_four_bytes_bank0_from_w	private_helper	ram	src/dlcp_fw/asm/dlcp_main_v34.asm bank-0 four-byte RAM block clear wrapper with low address in W	emitted	current_batch_i2c_route_sync
tblrd_fsr1_from_tblptrh_w	tblrd_load_fsr1_pair_from_table_page_w	private_helper	ram	src/dlcp_fw/asm/dlcp_main_v34.asm TBLRD helper loads FSR1 pair from table page selected by W	emitted	current_batch_i2c_route_sync
main_i2c_service_2100	i2c_apply_channel_route_sync_burst	private_helper	i2c_secondary	src/dlcp_fw/asm/dlcp_main_v34.asm channel route sync I2C burst for secondary device and TAS3108	emitted	current_batch_i2c_route_sync
flow_main_i2c_service_2100_217a	i2c_apply_channel_route_sync_burst__map_next_channel_route_pair	local_label	i2c_secondary	src/dlcp_fw/asm/dlcp_main_v34.asm route sync table loop maps next channel route pair	emitted	current_batch_i2c_route_sync
flow_main_i2c_service_2100_226a	i2c_apply_channel_route_sync_burst__stage_next_dsp_source_block	local_label	i2c_secondary	src/dlcp_fw/asm/dlcp_main_v34.asm route sync source table loop stages next DSP block	emitted	current_batch_i2c_route_sync
flow_main_i2c_service_2100_2286	i2c_apply_channel_route_sync_burst__start_next_dsp_transaction	local_label	i2c_secondary	src/dlcp_fw/asm/dlcp_main_v34.asm route sync starts next I2C DSP transaction	emitted	current_batch_i2c_route_sync
flow_main_i2c_service_2100_22a8	i2c_apply_channel_route_sync_burst__write_next_channel_coefficient	local_label	i2c_tas3108	src/dlcp_fw/asm/dlcp_main_v34.asm route sync inner coefficient write loop	emitted	current_batch_i2c_route_sync
flow_main_i2c_service_2100_22c2	i2c_apply_channel_route_sync_burst__check_source_code_three	local_label	i2c_tas3108	src/dlcp_fw/asm/dlcp_main_v34.asm route sync source-code 3 coefficient special case check	emitted	current_batch_i2c_route_sync
flow_main_i2c_service_2100_22da	i2c_apply_channel_route_sync_burst__stage_forced_source_coefficients	local_label	i2c_tas3108	src/dlcp_fw/asm/dlcp_main_v34.asm route sync forced source coefficient staging path	emitted	current_batch_i2c_route_sync
flow_main_i2c_service_2100_22de	i2c_apply_channel_route_sync_burst__compute_source_coefficients	local_label	i2c_tas3108	src/dlcp_fw/asm/dlcp_main_v34.asm route sync computed source coefficient path	emitted	current_batch_i2c_route_sync
flow_main_i2c_service_2100_22fc	i2c_apply_channel_route_sync_burst__write_staged_coefficients	local_label	i2c_tas3108	src/dlcp_fw/asm/dlcp_main_v34.asm route sync writes staged coefficient bytes	emitted	current_batch_i2c_route_sync
main_i2c_service_2100_timeout	i2c_apply_channel_route_sync_burst__timeout	local_label	i2c_secondary	src/dlcp_fw/asm/dlcp_main_v34.asm route sync bounded I2C timeout path	emitted	current_batch_i2c_route_sync
main_i2c_service_2100_pen_timeout	i2c_apply_channel_route_sync_burst__pen_timeout	local_label	i2c_secondary	src/dlcp_fw/asm/dlcp_main_v34.asm route sync bounded PEN timeout path	emitted	current_batch_i2c_route_sync
main_i2c_service_2100_dispatch_table	channel_route_pair_destination_table	data_table	i2c_secondary	src/dlcp_fw/asm/dlcp_main_v34.asm route sync destination pair table for mapped route bytes	emitted	current_batch_i2c_route_sync
main_i2c_service_2100_source_table	channel_route_sync_source_block_table	data_table	i2c_secondary	src/dlcp_fw/asm/dlcp_main_v34.asm route sync source block table for DSP transaction staging	emitted	current_batch_i2c_route_sync
main_i2c_service_32f8	i2c_secondary_apply_wake_init_table	private_helper	i2c_secondary	src/dlcp_fw/asm/dlcp_main_v34.asm wake-time secondary-device initialization table applier	emitted	current_batch_wake_secondary_init
main_i2c_service_32f8_table	i2c_secondary_wake_init_table	data_table	i2c_secondary	src/dlcp_fw/asm/dlcp_main_v34.asm wake-time secondary-device register/value initialization table	emitted	current_batch_wake_secondary_init
i2c_secondary_write_rows	i2c_secondary_write_table_rows	private_helper	i2c_secondary	src/dlcp_fw/asm/dlcp_main_v34.asm generic TBLPTR-driven secondary-device register/value row writer	emitted	current_batch_wake_secondary_init
i2c_secondary_write_rows_loop	i2c_secondary_write_table_rows__write_next_row	local_label	i2c_secondary	src/dlcp_fw/asm/dlcp_main_v34.asm secondary-device table row writer loop body	emitted	current_batch_wake_secondary_init
main_i2c_service_355c	boot_init_peripherals_and_enter_adc_gate	private_helper	boot	src/dlcp_fw/asm/dlcp_main_v34.asm cold boot peripheral/SFR init, config-marker handling, settings restore, ADC gate entry	emitted	current_batch_boot_peripheral_init
flow_main_i2c_service_355c_35bc	boot_init_peripherals_and_enter_adc_gate__maybe_rewrite_config_bits	local_label	boot	src/dlcp_fw/asm/dlcp_main_v34.asm boot config-marker branch optionally calls flash_write_with_gie_off before ADC gate	emitted	current_batch_boot_peripheral_init
main_usb_service_475c	usb_poll_host_presence_reinit_or_shutdown	private_helper	usb_ep0	src/dlcp_fw/asm/dlcp_main_v34.asm USB host-presence polling reinitializes UCON/UCFG or shuts USB down	emitted	current_batch_usb_reinit_activity
flow_main_usb_service_475c_476e	usb_poll_host_presence_reinit_or_shutdown__host_absent_shutdown_check	local_label	usb_ep0	src/dlcp_fw/asm/dlcp_main_v34.asm USB host absent branch checks enabled state before shutdown	emitted	current_batch_usb_reinit_activity
flow_main_usb_service_475c_4778	usb_poll_host_presence_reinit_or_shutdown__return	local_label	usb_ep0	src/dlcp_fw/asm/dlcp_main_v34.asm USB host-presence reinit/shutdown return path	emitted	current_batch_usb_reinit_activity
flow_main_usb_service_4812_4814	usb_delay_countdown_with_clrwdt__decrement	local_label	usb_ep0	src/dlcp_fw/asm/dlcp_main_v34.asm USB countdown delay loop clears WDT and decrements 16-bit counter	emitted	current_batch_usb_reinit_activity
main_usb_service_4812	usb_delay_countdown_with_clrwdt	private_helper	usb_ep0	src/dlcp_fw/asm/dlcp_main_v34.asm 16-bit USB countdown delay with CLRWDT on each iteration	emitted	current_batch_usb_reinit_activity
flow_main_usb_service_4812_481e	usb_delay_countdown_with_clrwdt__check_remaining	local_label	usb_ep0	src/dlcp_fw/asm/dlcp_main_v34.asm USB countdown delay remaining-count check	emitted	current_batch_usb_reinit_activity
main_usb_service_4828	usb_disconnect_wait_clear_state	private_helper	usb_ep0	src/dlcp_fw/asm/dlcp_main_v34.asm USB disconnect path clears UCON, waits, and clears USB device state	emitted	current_batch_usb_reinit_activity
main_usb_service_483c	usb_clear_activity_interrupt_after_settle	private_helper	usb_ep0	src/dlcp_fw/asm/dlcp_main_v34.asm USB activity interrupt settle delay and flag clear helper	emitted	current_batch_usb_reinit_activity
flow_main_usb_service_483c_4846	usb_clear_activity_interrupt_after_settle__clear_flag	local_label	usb_ep0	src/dlcp_fw/asm/dlcp_main_v34.asm USB activity interrupt flag clear loop body	emitted	current_batch_usb_reinit_activity
flow_main_usb_service_483c_4848	usb_clear_activity_interrupt_after_settle__poll_flag	local_label	usb_ep0	src/dlcp_fw/asm/dlcp_main_v34.asm USB activity interrupt flag poll path	emitted	current_batch_usb_reinit_activity
main_core_service_4924	usb_activity_settle_delay_with_clrwdt	private_helper	usb_ep0	src/dlcp_fw/asm/dlcp_main_v34.asm USB activity settle delay wrapper seeds 0x0300 countdown with CLRWDT	emitted	current_batch_usb_reinit_activity
main_core_service_3682	usb_ep0_dispatch_standard_setup_request	private_helper	usb_ep0	src/dlcp_fw/asm/dlcp_main_v34.asm EP0 setup service dispatches standard USB request codes	emitted	current_batch_usb_ep0_standard_setup
flow_main_core_service_3682_368c	usb_ep0_dispatch_standard_setup_request__set_address	local_label	usb_ep0	src/dlcp_fw/asm/dlcp_main_v34.asm EP0 standard SET_ADDRESS request case	emitted	current_batch_usb_ep0_standard_setup
flow_main_core_service_3682_3696	usb_ep0_dispatch_standard_setup_request__get_descriptor	local_label	usb_ep0	src/dlcp_fw/asm/dlcp_main_v34.asm EP0 standard GET_DESCRIPTOR request case	emitted	current_batch_usb_ep0_standard_setup
flow_main_core_service_3682_369c	usb_ep0_dispatch_standard_setup_request__set_configuration	local_label	usb_ep0	src/dlcp_fw/asm/dlcp_main_v34.asm EP0 standard SET_CONFIGURATION request case	emitted	current_batch_usb_ep0_standard_setup
flow_main_core_service_3682_36a2	usb_ep0_dispatch_standard_setup_request__get_configuration	local_label	usb_ep0	src/dlcp_fw/asm/dlcp_main_v34.asm EP0 standard GET_CONFIGURATION request case	emitted	current_batch_usb_ep0_standard_setup
flow_main_core_service_3682_36b4	usb_ep0_dispatch_standard_setup_request__get_status	local_label	usb_ep0	src/dlcp_fw/asm/dlcp_main_v34.asm EP0 standard GET_STATUS request case	emitted	current_batch_usb_ep0_standard_setup
flow_main_core_service_3682_36ba	usb_ep0_dispatch_standard_setup_request__clear_or_set_feature	local_label	usb_ep0	src/dlcp_fw/asm/dlcp_main_v34.asm EP0 standard CLEAR_FEATURE/SET_FEATURE request case	emitted	current_batch_usb_ep0_standard_setup
usb_stage_0c8_0d3_offset_ec	usb_ep0_stage_interface_alt_setting_offset	private_helper	usb_ep0	src/dlcp_fw/asm/dlcp_main_v34.asm EP0 interface alternate setting offset helper using wIndex low byte	emitted	current_batch_usb_ep0_standard_setup
flow_main_core_service_3682_36c0	usb_ep0_dispatch_standard_setup_request__get_interface	local_label	usb_ep0	src/dlcp_fw/asm/dlcp_main_v34.asm EP0 standard GET_INTERFACE request case	emitted	current_batch_usb_ep0_standard_setup
flow_main_core_service_3682_36d2	usb_ep0_dispatch_standard_setup_request__set_interface	local_label	usb_ep0	src/dlcp_fw/asm/dlcp_main_v34.asm EP0 standard SET_INTERFACE request case	emitted	current_batch_usb_ep0_standard_setup
flow_main_core_service_3682_36e4	usb_ep0_dispatch_standard_setup_request__dispatch_request_code	local_label	usb_ep0	src/dlcp_fw/asm/dlcp_main_v34.asm EP0 standard request code XOR-chain dispatch	emitted	current_batch_usb_ep0_standard_setup
flow_main_core_service_3682_370e	usb_ep0_dispatch_standard_setup_request__return	local_label	usb_ep0	src/dlcp_fw/asm/dlcp_main_v34.asm EP0 standard setup dispatch return path	emitted	current_batch_usb_ep0_standard_setup
main_core_service_3432	usb_ep0_apply_clear_set_feature_request	private_helper	usb_ep0	src/dlcp_fw/asm/dlcp_main_v34.asm EP0 applies standard CLEAR_FEATURE and SET_FEATURE requests	emitted	current_batch_usb_ep0_standard_setup
flow_main_core_service_3432_344a	usb_ep0_apply_clear_set_feature_request__clear_device_remote_wakeup	local_label	usb_ep0	src/dlcp_fw/asm/dlcp_main_v34.asm EP0 CLEAR_FEATURE clears device remote-wakeup status bit	emitted	current_batch_usb_ep0_standard_setup
flow_main_core_service_3432_344c	usb_ep0_apply_clear_set_feature_request__check_endpoint_halt	local_label	usb_ep0	src/dlcp_fw/asm/dlcp_main_v34.asm EP0 feature request endpoint halt eligibility check	emitted	current_batch_usb_ep0_standard_setup
flow_main_core_service_3432_349c	usb_ep0_apply_clear_set_feature_request__clear_in_endpoint_halt	local_label	usb_ep0	src/dlcp_fw/asm/dlcp_main_v34.asm EP0 CLEAR_FEATURE endpoint-halt path for IN endpoint direction	emitted	current_batch_usb_ep0_standard_setup
flow_main_core_service_3432_34ae	usb_ep0_apply_clear_set_feature_request__clear_out_endpoint_halt	local_label	usb_ep0	src/dlcp_fw/asm/dlcp_main_v34.asm EP0 CLEAR_FEATURE endpoint-halt path for OUT endpoint direction	emitted	current_batch_usb_ep0_standard_setup
flow_main_core_service_3432_34b8	usb_ep0_apply_clear_set_feature_request__write_endpoint_halt_status	local_label	usb_ep0	src/dlcp_fw/asm/dlcp_main_v34.asm EP0 feature request writes endpoint halt/stall status byte	emitted	current_batch_usb_ep0_standard_setup
flow_main_core_service_3432_34c6	usb_ep0_apply_clear_set_feature_request__return	local_label	usb_ep0	src/dlcp_fw/asm/dlcp_main_v34.asm EP0 feature request return path	emitted	current_batch_usb_ep0_standard_setup
main_core_service_3710	usb_ep0_prepare_get_status_reply	private_helper	usb_ep0	src/dlcp_fw/asm/dlcp_main_v34.asm EP0 prepares standard GET_STATUS two-byte reply by recipient	emitted	current_batch_usb_ep0_standard_setup
flow_main_core_service_3710_3718	usb_ep0_prepare_get_status_reply__device_status	local_label	usb_ep0	src/dlcp_fw/asm/dlcp_main_v34.asm EP0 GET_STATUS device-recipient status path	emitted	current_batch_usb_ep0_standard_setup
flow_main_core_service_3710_3726	usb_ep0_prepare_get_status_reply__interface_status	local_label	usb_ep0	src/dlcp_fw/asm/dlcp_main_v34.asm EP0 GET_STATUS interface-recipient status path	emitted	current_batch_usb_ep0_standard_setup
flow_main_core_service_3710_372c	usb_ep0_prepare_get_status_reply__endpoint_status	local_label	usb_ep0	src/dlcp_fw/asm/dlcp_main_v34.asm EP0 GET_STATUS endpoint-recipient status path	emitted	current_batch_usb_ep0_standard_setup
core_filter_addr_from_0x0D3	usb_ep0_endpoint_bdt_addr_from_windex	private_helper	usb_ep0	src/dlcp_fw/asm/dlcp_main_v34.asm computes endpoint BDT/status RAM address from SETUP wIndex byte	emitted	current_batch_usb_ep0_standard_setup
flow_main_core_service_3710_3770	usb_ep0_prepare_get_status_reply__dispatch_recipient	local_label	usb_ep0	src/dlcp_fw/asm/dlcp_main_v34.asm EP0 GET_STATUS recipient dispatch path	emitted	current_batch_usb_ep0_standard_setup
flow_main_core_service_3710_3780	usb_ep0_prepare_get_status_reply__stage_reply	local_label	usb_ep0	src/dlcp_fw/asm/dlcp_main_v34.asm EP0 GET_STATUS stages two-byte reply buffer/length	emitted	current_batch_usb_ep0_standard_setup
flow_main_core_service_3710_3794	usb_ep0_prepare_get_status_reply__return	local_label	usb_ep0	src/dlcp_fw/asm/dlcp_main_v34.asm EP0 GET_STATUS return path	emitted	current_batch_usb_ep0_standard_setup
main_flash_service_3796	usb_ep0_select_get_descriptor_payload	private_helper	usb_ep0	src/dlcp_fw/asm/dlcp_main_v34.asm EP0 GET_DESCRIPTOR selects descriptor pointer and transfer length	emitted	current_batch_usb_ep0_descriptor_select
flow_main_flash_service_3796_379e	usb_ep0_select_get_descriptor_payload__device_descriptor	local_label	usb_ep0	src/dlcp_fw/asm/dlcp_main_v34.asm EP0 GET_DESCRIPTOR device descriptor case	emitted	current_batch_usb_ep0_descriptor_select
flow_main_flash_service_3796_37ae	usb_ep0_select_get_descriptor_payload__configuration_descriptor	local_label	usb_ep0	src/dlcp_fw/asm/dlcp_main_v34.asm EP0 GET_DESCRIPTOR configuration descriptor case	emitted	current_batch_usb_ep0_descriptor_select
flow_main_flash_service_3796_37c4	usb_ep0_select_get_descriptor_payload__store_descriptor_length	local_label	usb_ep0	src/dlcp_fw/asm/dlcp_main_v34.asm EP0 GET_DESCRIPTOR stores selected fixed descriptor length	emitted	current_batch_usb_ep0_descriptor_select
flow_main_flash_service_3796_37c8	usb_ep0_select_get_descriptor_payload__string_descriptor	local_label	usb_ep0	src/dlcp_fw/asm/dlcp_main_v34.asm EP0 GET_DESCRIPTOR string descriptor pointer-table case	emitted	current_batch_usb_ep0_descriptor_select
flow_main_flash_service_3796_37f4	usb_ep0_select_get_descriptor_payload__read_string_length_via_fsr	local_label	usb_ep0	src/dlcp_fw/asm/dlcp_main_v34.asm EP0 GET_DESCRIPTOR reads low-memory string length through FSR fallback	emitted	current_batch_usb_ep0_descriptor_select
flow_main_flash_service_3796_37f6	usb_ep0_select_get_descriptor_payload__store_string_length	local_label	usb_ep0	src/dlcp_fw/asm/dlcp_main_v34.asm EP0 GET_DESCRIPTOR stores computed string descriptor length	emitted	current_batch_usb_ep0_descriptor_select
flow_main_flash_service_3796_37fe	usb_ep0_select_get_descriptor_payload__dispatch_descriptor_type	local_label	usb_ep0	src/dlcp_fw/asm/dlcp_main_v34.asm EP0 GET_DESCRIPTOR descriptor-type dispatch chain	emitted	current_batch_usb_ep0_descriptor_select
flow_main_flash_service_3796_380c	usb_ep0_select_get_descriptor_payload__mark_data_stage_dirty	local_label	usb_ep0	src/dlcp_fw/asm/dlcp_main_v34.asm EP0 GET_DESCRIPTOR marks IN data stage descriptor payload ready	emitted	current_batch_usb_ep0_descriptor_select
flow_main_flash_service_3796_380e	usb_ep0_select_get_descriptor_payload__return	local_label	usb_ep0	src/dlcp_fw/asm/dlcp_main_v34.asm EP0 GET_DESCRIPTOR return path	emitted	current_batch_usb_ep0_descriptor_select
main_flash_service_3810	read_low_memory_byte_at_tblptr	private_helper	ram	src/dlcp_fw/asm/dlcp_main_v34.asm reads byte at TBLPTR by mirroring TBLPTR into FSR1 for low-memory tables	emitted	current_batch_usb_ep0_descriptor_select
main_service_rx_frame_gap	periodic_service_loop__check_rx_frame_gap	local_label	uart_link	src/dlcp_fw/asm/dlcp_main_v34.asm periodic service parser-stall watchdog checks RX frame progress gap	emitted	current_batch_periodic_loop_locals
main_rx_frame_gap_expired	periodic_service_loop__reset_stalled_rx_frame	local_label	uart_link	src/dlcp_fw/asm/dlcp_main_v34.asm periodic service parser-stall watchdog resets stalled RX frame state	emitted	current_batch_periodic_loop_locals
main_rx_frame_gap_idle	periodic_service_loop__clear_rx_frame_gap_timeout	local_label	uart_link	src/dlcp_fw/asm/dlcp_main_v34.asm periodic service parser-stall watchdog clears timeout when idle/progressing	emitted	current_batch_periodic_loop_locals
main_rx_frame_gap_done	periodic_service_loop__continue_service_slots	local_label	uart_link	src/dlcp_fw/asm/dlcp_main_v34.asm periodic service continues after RX frame gap watchdog	emitted	current_batch_periodic_loop_locals
ra1_no_edge	ra1_edge_monitor__restore_bsr_return	local_label	diag	src/dlcp_fw/asm/dlcp_main_v34.asm RA1 diagnostic edge monitor no-edge path restores BSR and returns	emitted	current_batch_periodic_loop_locals
main_flash_service_35f0	usb_ep0_stage_in_data_packet	private_helper	usb_ep0	src/dlcp_fw/asm/dlcp_main_v34.asm EP0 IN data-stage helper copies up to 8 bytes from staged source pointer into EP0 buffer and updates remaining length	emitted	current_batch_usb_ep0_in_data_stage
flow_main_flash_service_35f0_3608	usb_ep0_stage_in_data_packet__advance_data_toggle_state	local_label	usb_ep0	src/dlcp_fw/asm/dlcp_main_v34.asm EP0 IN data-stage advances nonzero data-toggle state before staging packet	emitted	current_batch_usb_ep0_in_data_stage
flow_main_flash_service_35f0_360e	usb_ep0_stage_in_data_packet__store_data_toggle_state	local_label	usb_ep0	src/dlcp_fw/asm/dlcp_main_v34.asm EP0 IN data-stage stores selected data-toggle state byte	emitted	current_batch_usb_ep0_in_data_stage
flow_main_flash_service_35f0_3610	usb_ep0_stage_in_data_packet__stage_packet_length_and_buffer	local_label	usb_ep0	src/dlcp_fw/asm/dlcp_main_v34.asm EP0 IN data-stage commits packet byte count to BDT count and points destination at EP0 buffer 0x0424	emitted	current_batch_usb_ep0_in_data_stage
flow_main_flash_service_35f0_362c	usb_ep0_stage_in_data_packet__copy_table_source_byte	local_label	usb_ep0	src/dlcp_fw/asm/dlcp_main_v34.asm EP0 IN data-stage loop copies next byte from descriptor/table source selected by stock_0CE bit1	emitted	current_batch_usb_ep0_in_data_stage
flow_main_flash_service_35f0_3638	usb_ep0_stage_in_data_packet__read_lowpage_table_byte	local_label	usb_ep0	src/dlcp_fw/asm/dlcp_main_v34.asm EP0 IN data-stage table-source loop uses low-memory fallback when TBLPTRH is not above table-read threshold	emitted	current_batch_usb_ep0_in_data_stage
flow_main_flash_service_35f0_363c	usb_ep0_stage_in_data_packet__store_table_source_byte	local_label	usb_ep0	src/dlcp_fw/asm/dlcp_main_v34.asm EP0 IN data-stage table-source loop stores current byte then advances pointers	emitted	current_batch_usb_ep0_in_data_stage
flow_main_flash_service_35f0_363e	usb_ep0_stage_in_data_packet__check_table_source_remaining	local_label	usb_ep0	src/dlcp_fw/asm/dlcp_main_v34.asm EP0 IN data-stage table-source loop tests remaining packet byte count	emitted	current_batch_usb_ep0_in_data_stage
flow_main_flash_service_35f0_3644	usb_ep0_stage_in_data_packet__copy_lowpage_source_byte	local_label	usb_ep0	src/dlcp_fw/asm/dlcp_main_v34.asm EP0 IN data-stage loop copies next byte from low-page/control source selected when stock_0CE bit1 is clear	emitted	current_batch_usb_ep0_in_data_stage
flow_main_flash_service_35f0_3650	usb_ep0_stage_in_data_packet__read_lowpage_source_byte	local_label	usb_ep0	src/dlcp_fw/asm/dlcp_main_v34.asm EP0 IN data-stage low-page source loop reads byte through low-memory fallback path	emitted	current_batch_usb_ep0_in_data_stage
flow_main_flash_service_35f0_3654	usb_ep0_stage_in_data_packet__store_lowpage_source_byte	local_label	usb_ep0	src/dlcp_fw/asm/dlcp_main_v34.asm EP0 IN data-stage low-page source loop stores current byte then advances pointers	emitted	current_batch_usb_ep0_in_data_stage
flow_main_flash_service_35f0_3656	usb_ep0_stage_in_data_packet__check_lowpage_source_remaining	local_label	usb_ep0	src/dlcp_fw/asm/dlcp_main_v34.asm EP0 IN data-stage low-page source loop tests remaining packet byte count	emitted	current_batch_usb_ep0_in_data_stage
flow_main_flash_service_35f0_365a	usb_ep0_stage_in_data_packet__return	local_label	usb_ep0	src/dlcp_fw/asm/dlcp_main_v34.asm EP0 IN data-stage common return after staged packet copy	emitted	current_batch_usb_ep0_in_data_stage
main_flash_service_365c	usb_ep0_prepare_in_data_copy_pointers	private_helper	usb_ep0	src/dlcp_fw/asm/dlcp_main_v34.asm EP0 IN data-stage prepares TBLPTR from source pointer and FSR2 from EP0 destination pointer before each byte copy	emitted	current_batch_usb_ep0_in_data_stage
main_core_service_3672	usb_ep0_store_in_data_byte_and_advance	private_helper	usb_ep0	src/dlcp_fw/asm/dlcp_main_v34.asm EP0 IN data-stage stores W to destination buffer then advances source/destination pointers and decrements packet count	emitted	current_batch_usb_ep0_in_data_stage
usb_store_stock116_w_bsr0	usb_stage_bdt_template_status_w	private_helper	usb_ep0	src/dlcp_fw/asm/dlcp_main_v34.asm stages W into the four-byte USB BDT template status byte at stock_116 before EP0 BD arm calls	emitted	current_batch_usb_ep0_bdt_arm
main_core_service_4080	usb_ep0_arm_out_pingpong_bd	private_helper	usb_ep0	src/dlcp_fw/asm/dlcp_main_v34.asm arms EP0 OUT even or odd ping-pong BDT by copying the staged four-byte descriptor template and setting OWN	emitted	current_batch_usb_ep0_bdt_arm
flow_main_core_service_4080_40a8	usb_ep0_arm_out_pingpong_bd__select_odd_bd	local_label	usb_ep0	src/dlcp_fw/asm/dlcp_main_v34.asm nonzero selector path uses BDT offset 0x0404 and buffer address low 0x1C for EP0 OUT odd BD	emitted	current_batch_usb_ep0_bdt_arm
flow_main_core_service_4080_40ae	usb_ep0_arm_out_pingpong_bd__copy_template_and_set_own	local_label	usb_ep0	src/dlcp_fw/asm/dlcp_main_v34.asm copies four-byte template from stock_116..119 to selected BDT slot then sets BD status bit7 OWN	emitted	current_batch_usb_ep0_bdt_arm
main_core_service_4080_window	usb_ep0_arm_out_pingpong_bd_window	private_helper	usb_ep0	src/dlcp_fw/asm/dlcp_main_v34.asm local rcall-range window that jumps to EP0 OUT ping-pong BD arming helper	emitted	current_batch_usb_ep0_bdt_arm
usb_service_4080_update_stock096	usb_ep0_arm_next_out_pingpong_bd	private_helper	usb_ep0	src/dlcp_fw/asm/dlcp_main_v34.asm toggles stock_096 and arms alternating EP0 OUT even or odd ping-pong BDT slots through main_core_service_4080_window	emitted	current_batch_usb_ep0_bdt_arm
usb_service_4080_update_stock096_nonzero	usb_ep0_arm_next_out_pingpong_bd__arm_even_bd	local_label	usb_ep0	src/dlcp_fw/asm/dlcp_main_v34.asm stock_096 nonzero-decrement path arms EP0 OUT even BDT offset 0x0400 and reloads toggle to 1	emitted	current_batch_usb_ep0_bdt_arm
usb_stage_lowpage_descriptor_dirty_w	usb_ep0_stage_one_byte_lowpage_in_data_pointer	private_helper	usb_ep0	src/dlcp_fw/asm/dlcp_main_v34.asm stages one-byte low-page control IN data by clearing high source pointer, storing W as low pointer, and falling through to ready path	emitted	current_batch_usb_ep0_bdt_arm
usb_stage_descriptor_dirty_return	usb_ep0_mark_one_byte_lowpage_in_data_ready	private_helper	usb_ep0	src/dlcp_fw/asm/dlcp_main_v34.asm marks low-page one-byte EP0 IN data ready by clearing table-source flag and setting remaining length to 1	emitted	current_batch_usb_ep0_bdt_arm
stock_096_b0	usb_ep0_out_next_bd_toggle_b0	ram_var	usb_ep0	src/dlcp_fw/asm/dlcp_main_ram.inc EP0 OUT ping-pong next-BD toggle used by usb_ep0_arm_next_out_pingpong_bd	emitted	current_batch_usb_ep0_bdt_arm
stock_096_b0_op	usb_ep0_out_next_bd_toggle_op	ram_var	usb_ep0	src/dlcp_fw/asm/dlcp_main_ram.inc EP0 OUT ping-pong next-BD toggle operand alias	emitted	current_batch_usb_ep0_bdt_arm
stock_096_b0_phys	usb_ep0_out_next_bd_toggle_phys	ram_var	usb_ep0	src/dlcp_fw/asm/dlcp_main_ram.inc EP0 OUT ping-pong next-BD toggle physical alias	emitted	current_batch_usb_ep0_bdt_arm
stock_116_b1	usb_bdt_template_status_b1	ram_var	usb_ep0	src/dlcp_fw/asm/dlcp_main_ram.inc staged USB BDT template status byte copied to selected EP0 OUT BD status slot	emitted	current_batch_usb_ep0_bdt_arm
stock_116_b1_op	usb_bdt_template_status_op	ram_var	usb_ep0	src/dlcp_fw/asm/dlcp_main_ram.inc staged USB BDT template status operand alias	emitted	current_batch_usb_ep0_bdt_arm
stock_116_b1_phys	usb_bdt_template_status_phys	ram_var	usb_ep0	src/dlcp_fw/asm/dlcp_main_ram.inc staged USB BDT template status physical alias	emitted	current_batch_usb_ep0_bdt_arm
stock_117_b1	usb_bdt_template_count_b1	ram_var	usb_ep0	src/dlcp_fw/asm/dlcp_main_ram.inc staged USB BDT template byte-count field set to 0x08 before EP0 OUT BD arm	emitted	current_batch_usb_ep0_bdt_arm
stock_117_b1_op	usb_bdt_template_count_op	ram_var	usb_ep0	src/dlcp_fw/asm/dlcp_main_ram.inc staged USB BDT template byte-count operand alias	emitted	current_batch_usb_ep0_bdt_arm
stock_117_b1_phys	usb_bdt_template_count_phys	ram_var	usb_ep0	src/dlcp_fw/asm/dlcp_main_ram.inc staged USB BDT template byte-count physical alias	emitted	current_batch_usb_ep0_bdt_arm
stock_118_b1	usb_bdt_template_addr_lo_b1	ram_var	usb_ep0	src/dlcp_fw/asm/dlcp_main_ram.inc staged USB BDT template address-low byte selects EP0 OUT buffer 0x0414 or 0x041C	emitted	current_batch_usb_ep0_bdt_arm
stock_118_b1_op	usb_bdt_template_addr_lo_op	ram_var	usb_ep0	src/dlcp_fw/asm/dlcp_main_ram.inc staged USB BDT template address-low operand alias	emitted	current_batch_usb_ep0_bdt_arm
stock_118_b1_phys	usb_bdt_template_addr_lo_phys	ram_var	usb_ep0	src/dlcp_fw/asm/dlcp_main_ram.inc staged USB BDT template address-low physical alias	emitted	current_batch_usb_ep0_bdt_arm
stock_119_b1	usb_bdt_template_addr_hi_b1	ram_var	usb_ep0	src/dlcp_fw/asm/dlcp_main_ram.inc staged USB BDT template address-high byte set to USB RAM page 0x04 for EP0 OUT buffers	emitted	current_batch_usb_ep0_bdt_arm
stock_119_b1_op	usb_bdt_template_addr_hi_op	ram_var	usb_ep0	src/dlcp_fw/asm/dlcp_main_ram.inc staged USB BDT template address-high operand alias	emitted	current_batch_usb_ep0_bdt_arm
stock_119_b1_phys	usb_bdt_template_addr_hi_phys	ram_var	usb_ep0	src/dlcp_fw/asm/dlcp_main_ram.inc staged USB BDT template address-high physical alias	emitted	current_batch_usb_ep0_bdt_arm
stock_400_b4	usb_ep0_out_even_bd_status_b4	ram_var	usb_ep0	src/dlcp_fw/asm/dlcp_main_ram.inc EP0 OUT even BDT status alias at 0x0400 under OUT-EP0 ping-pong mode	emitted	current_batch_usb_ep0_bdt_arm
stock_400_b4_op	usb_ep0_out_even_bd_status_op	ram_var	usb_ep0	src/dlcp_fw/asm/dlcp_main_ram.inc EP0 OUT even BDT status operand alias	emitted	current_batch_usb_ep0_bdt_arm
stock_400_b4_phys	usb_ep0_out_even_bd_status_phys	ram_var	usb_ep0	src/dlcp_fw/asm/dlcp_main_ram.inc EP0 OUT even BDT status physical alias	emitted	current_batch_usb_ep0_bdt_arm
stock_404_b4	usb_ep0_out_odd_bd_status_b4	ram_var	usb_ep0	src/dlcp_fw/asm/dlcp_main_ram.inc EP0 OUT odd BDT status alias at 0x0404 under OUT-EP0 ping-pong mode	emitted	current_batch_usb_ep0_bdt_arm
stock_404_b4_op	usb_ep0_out_odd_bd_status_op	ram_var	usb_ep0	src/dlcp_fw/asm/dlcp_main_ram.inc EP0 OUT odd BDT status operand alias	emitted	current_batch_usb_ep0_bdt_arm
stock_404_b4_phys	usb_ep0_out_odd_bd_status_phys	ram_var	usb_ep0	src/dlcp_fw/asm/dlcp_main_ram.inc EP0 OUT odd BDT status physical alias	emitted	current_batch_usb_ep0_bdt_arm
stock_408_b4	usb_ep0_in_bd_status_b4	ram_var	usb_ep0	src/dlcp_fw/asm/dlcp_main_ram.inc EP0 IN BDT status alias used by EP0 IN transaction arming path	emitted	current_batch_usb_ep0_bdt_arm
stock_408_b4_op	usb_ep0_in_bd_status_op	ram_var	usb_ep0	src/dlcp_fw/asm/dlcp_main_ram.inc EP0 IN BDT status operand alias	emitted	current_batch_usb_ep0_bdt_arm
stock_408_b4_phys	usb_ep0_in_bd_status_phys	ram_var	usb_ep0	src/dlcp_fw/asm/dlcp_main_ram.inc EP0 IN BDT status physical alias	emitted	current_batch_usb_ep0_bdt_arm
stock_409_b4	usb_ep0_in_bd_count_b4	ram_var	usb_ep0	src/dlcp_fw/asm/dlcp_main_ram.inc EP0 IN BDT byte-count alias loaded from staged EP0 IN packet length	emitted	current_batch_usb_ep0_bdt_arm
stock_409_b4_op	usb_ep0_in_bd_count_op	ram_var	usb_ep0	src/dlcp_fw/asm/dlcp_main_ram.inc EP0 IN BDT byte-count operand alias	emitted	current_batch_usb_ep0_bdt_arm
stock_409_b4_phys	usb_ep0_in_bd_count_phys	ram_var	usb_ep0	src/dlcp_fw/asm/dlcp_main_ram.inc EP0 IN BDT byte-count physical alias	emitted	current_batch_usb_ep0_bdt_arm
stock_40A_b4	usb_ep0_in_bd_addr_lo_b4	ram_var	usb_ep0	src/dlcp_fw/asm/dlcp_main_ram.inc EP0 IN BDT address-low alias set to control IN buffer low byte 0x24	emitted	current_batch_usb_ep0_bdt_arm
stock_40A_b4_op	usb_ep0_in_bd_addr_lo_op	ram_var	usb_ep0	src/dlcp_fw/asm/dlcp_main_ram.inc EP0 IN BDT address-low operand alias	emitted	current_batch_usb_ep0_bdt_arm
stock_40A_b4_phys	usb_ep0_in_bd_addr_lo_phys	ram_var	usb_ep0	src/dlcp_fw/asm/dlcp_main_ram.inc EP0 IN BDT address-low physical alias	emitted	current_batch_usb_ep0_bdt_arm
stock_40B_b4	usb_ep0_in_bd_addr_hi_b4	ram_var	usb_ep0	src/dlcp_fw/asm/dlcp_main_ram.inc EP0 IN BDT address-high alias set to USB RAM page 0x04	emitted	current_batch_usb_ep0_bdt_arm
stock_40B_b4_op	usb_ep0_in_bd_addr_hi_op	ram_var	usb_ep0	src/dlcp_fw/asm/dlcp_main_ram.inc EP0 IN BDT address-high operand alias	emitted	current_batch_usb_ep0_bdt_arm
stock_40B_b4_phys	usb_ep0_in_bd_addr_hi_phys	ram_var	usb_ep0	src/dlcp_fw/asm/dlcp_main_ram.inc EP0 IN BDT address-high physical alias	emitted	current_batch_usb_ep0_bdt_arm
flow_adaptive_baud_select_3936	adaptive_baud_select__master_role_31250_path	local_label	uart_link	src/dlcp_fw/asm/dlcp_main_v34.asm adaptive_baud_select RC2-low branch clears LATB2 and applies uart_baud_31250_prefix for master/protocol baud	emitted	current_batch_adaptive_baud_select_locals
flow_adaptive_baud_select_3940	adaptive_baud_select__common_pin_and_uart_init	local_label	uart_link	src/dlcp_fw/asm/dlcp_main_v34.asm adaptive_baud_select convergence after role baud setup clears output pins and calls main_uart_service_4938 before enabling interrupts	emitted	current_batch_adaptive_baud_select_locals
flash_read_fsr2_0017	flash_read_to_scratch_buffer	private_helper	flash	src/dlcp_fw/asm/dlcp_main_v34.asm helper clears destination high byte, sets destination low byte to scratch buffer 0x17, then falls through into remapped flash_read	emitted	current_batch_flash_read_locals
flash_read_stock	flash_read_without_preset_remap	private_helper	flash	src/dlcp_fw/asm/dlcp_main_v34.asm physical flash-read entry skips preset_b_remap_start_addr and reads caller-supplied program address directly	emitted	current_batch_flash_read_locals
flash_read_stock_fsr2_0017	flash_read_without_preset_remap_to_scratch_buffer	private_helper	flash	src/dlcp_fw/asm/dlcp_main_v34.asm physical flash-read scratch helper sets destination to 0x0017 then branches to no-remap flash_read path	emitted	current_batch_flash_read_locals
flow_flash_read_4052	flash_read__copy_next_program_byte	local_label	flash	src/dlcp_fw/asm/dlcp_main_v34.asm flash_read loop executes TBLRD*+, stores TABLAT through FSR2, and advances destination pointer	emitted	current_batch_flash_read_locals
flow_flash_read_4064	flash_read__test_remaining_byte_count	local_label	flash	src/dlcp_fw/asm/dlcp_main_v34.asm flash_read loop updates remaining byte count and branches back while bytes remain before restoring caller TBLPTR	emitted	current_batch_flash_read_locals
flash_erase_remap_end	flash_erase__remap_end_address	local_label	flash	src/dlcp_fw/asm/dlcp_main_v34.asm flash_erase remap path checks and adjusts the end-address high byte for preset-B table window	emitted	current_batch_flash_erase_locals
flash_erase_stock	flash_erase_without_preset_remap	private_helper	flash	src/dlcp_fw/asm/dlcp_main_v34.asm physical flash-erase entry skips preset-B remap and erases caller-supplied program-memory block range	emitted	current_batch_flash_erase_locals
flow_flash_erase_3dc0	flash_erase__stage_next_block	local_label	flash	src/dlcp_fw/asm/dlcp_main_v34.asm flash_erase loop stages current block address into TBLPTR and sets EECON1 erase/write-enable bits	emitted	current_batch_flash_erase_locals
flow_flash_erase_3dde	flash_erase__unlock_and_advance_block	local_label	flash	src/dlcp_fw/asm/dlcp_main_v34.asm flash_erase loop runs PIC18 unlock sequence, restores GIE if saved, and advances block cursor by 0x40	emitted	current_batch_flash_erase_locals
flow_flash_erase_3df4	flash_erase__check_end_address	local_label	flash	src/dlcp_fw/asm/dlcp_main_v34.asm flash_erase loop compares current block cursor against inclusive end address before erasing next block	emitted	current_batch_flash_erase_locals
flash_write_stock	flash_write_without_preset_remap	private_helper	flash	src/dlcp_fw/asm/dlcp_main_v34.asm physical flash-write entry skips preset-B remap and writes caller-supplied program-memory address range	emitted	current_batch_flash_write_locals
flash_stage_tblptr_from_014_016	flash_write_stage_block_cursor_shadow	private_helper	flash	src/dlcp_fw/asm/dlcp_main_v34.asm flash_write helper copies current block cursor bytes 0x014..0x016 into the TBLPTR shadow bytes 0x011..0x013	emitted	current_batch_flash_write_locals
flow_flash_write_2e84	flash_write__shift_start_addr_to_block_index	local_label	flash	src/dlcp_fw/asm/dlcp_main_v34.asm flash_write prologue shifts start address right five times to derive the 32-byte block index	emitted	current_batch_flash_write_locals
flow_flash_write_2e94	flash_write__restore_block_base_from_index	local_label	flash	src/dlcp_fw/asm/dlcp_main_v34.asm flash_write prologue shifts the block index left five times and advances to the next 32-byte boundary	emitted	current_batch_flash_write_locals
flow_flash_write_2eb6	flash_write__start_next_block	local_label	flash	src/dlcp_fw/asm/dlcp_main_v34.asm flash_write loop stages the next block cursor before checking per-block byte capacity	emitted	current_batch_flash_write_locals
flow_flash_write_2ec4	flash_write__copy_next_source_byte	local_label	flash	src/dlcp_fw/asm/dlcp_main_v34.asm flash_write loop copies one source byte through TABLAT and TBLWT then advances source pointer and program cursor	emitted	current_batch_flash_write_locals
flow_flash_write_2ef6	flash_write__test_block_bytes_remaining	local_label	flash	src/dlcp_fw/asm/dlcp_main_v34.asm flash_write loop decrements the 32-byte block-space counter and continues copying until the staged block is full	emitted	current_batch_flash_write_locals
flow_flash_write_2efc	flash_write__prepare_block_commit	local_label	flash	src/dlcp_fw/asm/dlcp_main_v34.asm flash_write loop saves the post-write cursor, stages the block cursor, sets EECON1 program-memory write bits, and records GIE state	emitted	current_batch_flash_write_locals
flow_flash_write_2f24	flash_write__unlock_and_clear_wren	local_label	flash	src/dlcp_fw/asm/dlcp_main_v34.asm flash_write commit path runs the PIC18 unlock/WR helper and clears EECON1.WREN afterwards	emitted	current_batch_flash_write_locals
flow_flash_write_2f32	flash_write__reload_next_block_cursor	local_label	flash	src/dlcp_fw/asm/dlcp_main_v34.asm flash_write loop restores the saved post-write cursor as the next block cursor and resets block-space counter to 0x20	emitted	current_batch_flash_write_locals
flow_flash_write_2f44	flash_write__check_remaining_byte_count	local_label	flash	src/dlcp_fw/asm/dlcp_main_v34.asm flash_write loop checks remaining byte count and returns when no source bytes remain before starting another block	emitted	current_batch_flash_write_locals
flash_addr_setup_from_82_83	fw_update_stage_flash_addr_from_cursor	private_helper	flash	src/dlcp_fw/asm/dlcp_main_v34.asm copies firmware-update flash cursor stock_082:083 into flash operation start address bytes and clears upper address bytes	emitted	current_batch_fw_update_page_commit
flash_addr_setup_page_c0_0300	fw_update_stage_flash_page_window	private_helper	flash	src/dlcp_fw/asm/dlcp_main_v34.asm stages firmware-update flash cursor plus 0x00C0 byte count and page-buffer destination 0x0300 for flash read/write operations	emitted	current_batch_fw_update_page_commit
main_flash_service_2bb8	fw_update_commit_hid_payload_page	private_helper	flash	src/dlcp_fw/asm/dlcp_main_v34.asm HID/programming path appends staged 20-byte payload into page buffer, then erases/writes completed 0xC0 flash page chunks	emitted	current_batch_fw_update_page_commit
flow_main_flash_service_2bb8_2bdc	fw_update_commit_hid_payload_page__copy_staged_payload	local_label	flash	src/dlcp_fw/asm/dlcp_main_v34.asm firmware-update page helper copies staged HID payload bytes into the 0x0300 page buffer at stock_0C5 offset	emitted	current_batch_fw_update_page_commit
flow_main_flash_service_2bb8_src_ready	fw_update_commit_hid_payload_page__payload_source_ready	local_label	flash	src/dlcp_fw/asm/dlcp_main_v34.asm firmware-update page helper converges after optional stock-compatible payload source skew adjustment	emitted	current_batch_fw_update_page_commit
flow_main_flash_service_2bb8_2ca6	fw_update_commit_hid_payload_page__return	local_label	flash	src/dlcp_fw/asm/dlcp_main_v34.asm firmware-update page helper return path after partial buffer fill or after committing completed flash chunk	emitted	current_batch_fw_update_page_commit
flow_intel_hex_checksum_updat_3f90	intel_hex_checksum_update__decode_high_alpha_nibble	local_label	flash	src/dlcp_fw/asm/dlcp_main_v34.asm Intel HEX decode helper reaches this path after high digit-range test fails and checks uppercase A-F for the high nibble	emitted	current_batch_intel_hex_decode_locals
flow_intel_hex_checksum_updat_3fa0	intel_hex_checksum_update__store_high_nibble	local_label	flash	src/dlcp_fw/asm/dlcp_main_v34.asm Intel HEX decode helper stores the decoded high ASCII nibble before swapping it into the byte high half	emitted	current_batch_intel_hex_decode_locals
flow_intel_hex_checksum_updat_3fa2	intel_hex_checksum_update__decode_low_nibble	local_label	flash	src/dlcp_fw/asm/dlcp_main_v34.asm Intel HEX decode helper common path swaps the high nibble into place then begins low ASCII nibble decoding	emitted	current_batch_intel_hex_decode_locals
flow_intel_hex_checksum_updat_3fba	intel_hex_checksum_update__decode_low_alpha_nibble	local_label	flash	src/dlcp_fw/asm/dlcp_main_v34.asm Intel HEX decode helper reaches this path after low digit-range test fails and checks uppercase A-F for the low nibble	emitted	current_batch_intel_hex_decode_locals
flow_intel_hex_checksum_updat_3fca	intel_hex_checksum_update__add_low_nibble	local_label	flash	src/dlcp_fw/asm/dlcp_main_v34.asm Intel HEX decode helper adds the decoded low nibble into the staged high-nibble byte	emitted	current_batch_intel_hex_decode_locals
flow_intel_hex_checksum_updat_3fcc	intel_hex_checksum_update__return_decoded_byte	local_label	flash	src/dlcp_fw/asm/dlcp_main_v34.asm Intel HEX decode helper returns the merged decoded byte in W after digit or alpha low-nibble path	emitted	current_batch_intel_hex_decode_locals
flash_config_write_tablat_w	config_flash_write_tablat_byte	private_helper	flash	src/dlcp_fw/asm/dlcp_main_v34.asm CONFIG rewrite helper stages W into TABLAT, issues TBLWT, sets EECON1=0xC4, and calls the NVM unlock/write helper	emitted	current_batch_intel_hex_decode_locals
flash_config_write_tablat_w_wait	config_flash_write__wait_wr_clear	local_label	flash	src/dlcp_fw/asm/dlcp_main_v34.asm CONFIG rewrite helper waits until EECON1.WR clears after the CONFIG byte write	emitted	current_batch_intel_hex_decode_locals
main_adc_service_4124	adc_divide_staged_words	private_helper	adc_rail	src/dlcp_fw/asm/dlcp_main_v34.asm staged 16-bit division helper normalizes divisor stock_005:006, builds quotient in stock_007:008, and returns it through stock_003:004	emitted	current_batch_adc_divide_helpers
flow_main_adc_service_4124_4134	adc_divide_staged_words__normalize_divisor_left	local_label	adc_rail	src/dlcp_fw/asm/dlcp_main_v34.asm division helper shifts divisor stock_005:006 left and counts shifts until high bit reaches bit 15	emitted	current_batch_adc_divide_helpers
flow_main_adc_service_4124_413c	adc_divide_staged_words__test_divisor_msb	local_label	adc_rail	src/dlcp_fw/asm/dlcp_main_v34.asm division helper tests normalized divisor high bit before starting quotient-bit loop	emitted	current_batch_adc_divide_helpers
flow_main_adc_service_4124_4140	adc_divide_staged_words__next_quotient_bit	local_label	adc_rail	src/dlcp_fw/asm/dlcp_main_v34.asm division helper shifts quotient accumulator, conditionally subtracts staged divisor, and sets quotient bit on carry	emitted	current_batch_adc_divide_helpers
flow_main_adc_service_4124_415a	adc_divide_staged_words__shift_divisor_right	local_label	adc_rail	src/dlcp_fw/asm/dlcp_main_v34.asm division helper shifts staged divisor right and decrements the normalization counter for the next bit	emitted	current_batch_adc_divide_helpers
flow_main_adc_service_4124_4164	adc_divide_staged_words__store_quotient_result	local_label	adc_rail	src/dlcp_fw/asm/dlcp_main_v34.asm division helper copies quotient bytes stock_007:008 back to result bytes stock_003:004 before returning	emitted	current_batch_adc_divide_helpers
main_core_service_427a	adc_remainder_staged_words	private_helper	adc_rail	src/dlcp_fw/asm/dlcp_main_v34.asm staged 16-bit remainder helper normalizes divisor stock_005:006 and repeatedly subtracts shifted divisors from stock_003:004 without building a quotient	emitted	current_batch_adc_divide_helpers
flow_main_core_service_427a_4286	adc_remainder_staged_words__normalize_divisor_left	local_label	adc_rail	src/dlcp_fw/asm/dlcp_main_v34.asm remainder helper shifts divisor stock_005:006 left and counts shifts until the divisor high bit is set	emitted	current_batch_adc_divide_helpers
flow_main_core_service_427a_428e	adc_remainder_staged_words__test_divisor_msb	local_label	adc_rail	src/dlcp_fw/asm/dlcp_main_v34.asm remainder helper tests divisor high bit before entering the shifted-subtract loop	emitted	current_batch_adc_divide_helpers
flow_main_core_service_427a_4292	adc_remainder_staged_words__subtract_shifted_divisor	local_label	adc_rail	src/dlcp_fw/asm/dlcp_main_v34.asm remainder helper calls the shared compare/subtract routine against the current shifted divisor	emitted	current_batch_adc_divide_helpers
flow_main_core_service_427a_42a4	adc_remainder_staged_words__shift_divisor_right	local_label	adc_rail	src/dlcp_fw/asm/dlcp_main_v34.asm remainder helper shifts divisor right and decrements the normalization counter for the next subtract pass	emitted	current_batch_adc_divide_helpers
flow_main_core_service_427a_42ae	adc_remainder_staged_words__return	local_label	adc_rail	src/dlcp_fw/asm/dlcp_main_v34.asm remainder helper common return path also handles zero divisor input	emitted	current_batch_adc_divide_helpers
main_usb_service_40d6	usb_bus_reset_reinitialize	private_helper	usb_ep0	src/dlcp_fw/asm/dlcp_main_v34.asm USB interrupt path calls this helper when UIR bit0 is set; it clears USB interrupt/address state, disables endpoints, resets ping-pong buffering, arms EP0 OUT, and clears USB state mirrors	emitted	current_batch_usb_reset_set_config
flow_main_usb_service_40d6_40fc	usb_bus_reset_reinitialize__clear_transaction_flag	local_label	usb_ep0	src/dlcp_fw/asm/dlcp_main_v34.asm bus-reset helper clears UIR bit3 and services WDT while ping-pong reset is asserted	emitted	current_batch_usb_reset_set_config
flow_main_usb_service_40d6_4102	usb_bus_reset_reinitialize__drain_transaction_flags	local_label	usb_ep0	src/dlcp_fw/asm/dlcp_main_v34.asm bus-reset helper loops while UIR bit3 remains set before clearing UCON reset/packet-disable bits and arming EP0 OUT	emitted	current_batch_usb_reset_set_config
main_usb_service_41fe	usb_apply_set_configuration	private_helper	usb_ep1	src/dlcp_fw/asm/dlcp_main_v34.asm standard-request decoder reaches this helper on bRequest 9 SET_CONFIGURATION; it mirrors the configuration value, conditionally configures EP1 when value is 1, and updates USB device state	emitted	current_batch_usb_reset_set_config
flow_main_usb_service_41fe_4212	usb_apply_set_configuration__clear_config_status_byte	local_label	usb_ep1	src/dlcp_fw/asm/dlcp_main_v34.asm SET_CONFIGURATION helper clears the low-page configuration/status byte at offset 0xEC before mirroring the requested configuration value	emitted	current_batch_usb_reset_set_config
flow_main_usb_service_41fe_4236	usb_apply_set_configuration__configured_state	local_label	usb_ep1	src/dlcp_fw/asm/dlcp_main_v34.asm SET_CONFIGURATION helper selects the configured-state literal when the requested configuration value is nonzero	emitted	current_batch_usb_reset_set_config
flow_main_usb_service_41fe_4238	usb_apply_set_configuration__store_device_state	local_label	usb_ep1	src/dlcp_fw/asm/dlcp_main_v34.asm SET_CONFIGURATION helper stores the addressed/configured device-state literal into stock_0CD before returning	emitted	current_batch_usb_reset_set_config
stock_0CF_b0	usb_setup_bm_request_type_b0	ram_var	usb_ep0	src/dlcp_fw/asm/dlcp_main_v34.asm setup packet byte 0; decoder tests bit7 direction, bits4..0 recipient, and request type bits for standard/vendor paths	emitted	current_batch_usb_setup_packet_ram
stock_0CF_b0_op	usb_setup_bm_request_type_op	ram_var	usb_ep0	src/dlcp_fw/asm/dlcp_main_ram.inc operand alias for USB setup bmRequestType byte	emitted	current_batch_usb_setup_packet_ram
stock_0CF_b0_phys	usb_setup_bm_request_type_phys	ram_var	usb_ep0	src/dlcp_fw/asm/dlcp_main_ram.inc physical alias for USB setup bmRequestType byte used by setup decode	emitted	current_batch_usb_setup_packet_ram
stock_0D0_b0	usb_setup_b_request_b0	ram_var	usb_ep0	src/dlcp_fw/asm/dlcp_main_v34.asm setup packet byte 1; decoder compares against standard requests including GET_STATUS, CLEAR/SET_FEATURE, SET_ADDRESS, GET_DESCRIPTOR, SET_DESCRIPTOR, GET_CONFIGURATION, and SET_CONFIGURATION	emitted	current_batch_usb_setup_packet_ram
stock_0D0_b0_op	usb_setup_b_request_op	ram_var	usb_ep0	src/dlcp_fw/asm/dlcp_main_ram.inc operand alias for USB setup bRequest byte	emitted	current_batch_usb_setup_packet_ram
stock_0D0_b0_phys	usb_setup_b_request_phys	ram_var	usb_ep0	src/dlcp_fw/asm/dlcp_main_ram.inc physical alias for USB setup bRequest byte used by setup decode	emitted	current_batch_usb_setup_packet_ram
stock_0D1_b0	usb_setup_w_value_lo_b0	ram_var	usb_ep0	src/dlcp_fw/asm/dlcp_main_v34.asm setup packet byte 2; used as SET_ADDRESS value, SET_CONFIGURATION value, string descriptor index, and feature selector low byte	emitted	current_batch_usb_setup_packet_ram
stock_0D1_b0_op	usb_setup_w_value_lo_op	ram_var	usb_ep0	src/dlcp_fw/asm/dlcp_main_ram.inc operand alias for USB setup wValue low byte	emitted	current_batch_usb_setup_packet_ram
stock_0D1_b0_phys	usb_setup_w_value_lo_phys	ram_var	usb_ep0	src/dlcp_fw/asm/dlcp_main_ram.inc physical alias for USB setup wValue low byte used by UADDR/configuration and descriptor decode	emitted	current_batch_usb_setup_packet_ram
stock_0D2_b0	usb_setup_w_value_hi_b0	ram_var	usb_ep0	src/dlcp_fw/asm/dlcp_main_v34.asm setup packet byte 3; used as descriptor type high byte for device/config/string/HID/report descriptor dispatch	emitted	current_batch_usb_setup_packet_ram
stock_0D2_b0_op	usb_setup_w_value_hi_op	ram_var	usb_ep0	src/dlcp_fw/asm/dlcp_main_ram.inc operand alias for USB setup wValue high byte	emitted	current_batch_usb_setup_packet_ram
stock_0D2_b0_phys	usb_setup_w_value_hi_phys	ram_var	usb_ep0	src/dlcp_fw/asm/dlcp_main_ram.inc physical alias for USB setup wValue high byte used by descriptor type decode	emitted	current_batch_usb_setup_packet_ram
stock_0D3_b0	usb_setup_w_index_lo_b0	ram_var	usb_ep0	src/dlcp_fw/asm/dlcp_main_v34.asm setup packet byte 4; used as low wIndex for endpoint/interface recipient checks and low-page descriptor/status offsets	emitted	current_batch_usb_setup_packet_ram
stock_0D3_b0_op	usb_setup_w_index_lo_op	ram_var	usb_ep0	src/dlcp_fw/asm/dlcp_main_ram.inc operand alias for USB setup wIndex low byte	emitted	current_batch_usb_setup_packet_ram
stock_0D3_b0_phys	usb_setup_w_index_lo_phys	ram_var	usb_ep0	src/dlcp_fw/asm/dlcp_main_ram.inc physical alias for USB setup wIndex low byte used by endpoint/interface decode	emitted	current_batch_usb_setup_packet_ram
stock_0D5_b0	usb_setup_w_length_lo_b0	ram_var	usb_ep0	src/dlcp_fw/asm/dlcp_main_v34.asm setup packet byte 6; compared with staged descriptor length and copied to EP0 transfer remaining low byte	emitted	current_batch_usb_setup_packet_ram
stock_0D5_b0_op	usb_setup_w_length_lo_op	ram_var	usb_ep0	src/dlcp_fw/asm/dlcp_main_ram.inc operand alias for USB setup wLength low byte	emitted	current_batch_usb_setup_packet_ram
stock_0D5_b0_phys	usb_setup_w_length_lo_phys	ram_var	usb_ep0	src/dlcp_fw/asm/dlcp_main_ram.inc physical alias for USB setup wLength low byte used by EP0 transfer length clipping	emitted	current_batch_usb_setup_packet_ram
stock_0D6_b0	usb_setup_w_length_hi_b0	ram_var	usb_ep0	src/dlcp_fw/asm/dlcp_main_v34.asm setup packet byte 7; compared with staged descriptor length and copied to EP0 transfer remaining high byte	emitted	current_batch_usb_setup_packet_ram
stock_0D6_b0_op	usb_setup_w_length_hi_op	ram_var	usb_ep0	src/dlcp_fw/asm/dlcp_main_ram.inc operand alias for USB setup wLength high byte	emitted	current_batch_usb_setup_packet_ram
stock_0D6_b0_phys	usb_setup_w_length_hi_phys	ram_var	usb_ep0	src/dlcp_fw/asm/dlcp_main_ram.inc physical alias for USB setup wLength high byte used by EP0 transfer length clipping	emitted	current_batch_usb_setup_packet_ram
stock_0E7_b0	usb_ep0_transfer_remaining_lo_b0	ram_var	usb_ep0	src/dlcp_fw/asm/dlcp_main_v34.asm EP0 descriptor/data-stage length low byte is loaded from staged descriptor lengths, clipped by setup wLength, decremented by EP0 IN packet service, and cleared on USB reset/reinit	emitted	current_batch_usb_ep0_transfer_len
stock_0E7_b0_op	usb_ep0_transfer_remaining_lo_op	ram_var	usb_ep0	src/dlcp_fw/asm/dlcp_main_ram.inc operand alias for EP0 data-stage remaining length low byte	emitted	current_batch_usb_ep0_transfer_len
stock_0E7_b0_phys	usb_ep0_transfer_remaining_lo_phys	ram_var	usb_ep0	src/dlcp_fw/asm/dlcp_main_ram.inc physical alias for EP0 data-stage remaining length low byte used by length clipping and packet service	emitted	current_batch_usb_ep0_transfer_len
stock_0E8_b0	usb_ep0_transfer_remaining_hi_b0	ram_var	usb_ep0	src/dlcp_fw/asm/dlcp_main_v34.asm EP0 descriptor/data-stage length high byte is cleared for short descriptors, clipped by setup wLength high byte, decremented by EP0 IN packet service, and cleared on USB reset/reinit	emitted	current_batch_usb_ep0_transfer_len
stock_0E8_b0_op	usb_ep0_transfer_remaining_hi_op	ram_var	usb_ep0	src/dlcp_fw/asm/dlcp_main_ram.inc operand alias for EP0 data-stage remaining length high byte	emitted	current_batch_usb_ep0_transfer_len
stock_0E8_b0_phys	usb_ep0_transfer_remaining_hi_phys	ram_var	usb_ep0	src/dlcp_fw/asm/dlcp_main_ram.inc physical alias for EP0 data-stage remaining length high byte used by length clipping and packet service	emitted	current_batch_usb_ep0_transfer_len
stock_0EB_b0	usb_current_configuration_b0	ram_var	usb_ep0	src/dlcp_fw/asm/dlcp_main_v34.asm USB current configuration byte is cleared on bus reset, written from SET_CONFIGURATION wValue, returned through GET_CONFIGURATION, and consulted during HID descriptor handling	emitted	current_batch_usb_configuration_ram
stock_0EB_b0_op	usb_current_configuration_op	ram_var	usb_ep0	src/dlcp_fw/asm/dlcp_main_ram.inc operand alias for USB current configuration byte	emitted	current_batch_usb_configuration_ram
stock_0EB_b0_phys	usb_current_configuration_phys	ram_var	usb_ep0	src/dlcp_fw/asm/dlcp_main_ram.inc physical alias for USB current configuration byte used by SET_CONFIGURATION and descriptor handling	emitted	current_batch_usb_configuration_ram
stock_0CE_b0	usb_ep0_control_flags_b0	flag_field	usb_ep0	src/dlcp_fw/asm/dlcp_main_v34.asm packed EP0 control flag byte is cleared on bus reset; bit0 is SET/CLEAR_FEATURE endpoint status state and bit1 selects the EP0 IN data-source path	emitted	current_batch_usb_ep0_control_flags
stock_0CE_b0_op	usb_ep0_control_flags_op	flag_field	usb_ep0	src/dlcp_fw/asm/dlcp_main_ram.inc operand alias for packed EP0 control flag byte	emitted	current_batch_usb_ep0_control_flags
stock_0CE_b0_phys	usb_ep0_control_flags_phys	flag_field	usb_ep0	src/dlcp_fw/asm/dlcp_main_ram.inc physical alias for packed EP0 control flag byte used by EP0 setup decode and packet service	emitted	current_batch_usb_ep0_control_flags
stock_075_b0	usb_ep0_in_source_ptr_lo_b0	ram_var	usb_ep0	src/dlcp_fw/asm/dlcp_main_v34.asm EP0 IN source pointer low byte is loaded from USB descriptor/table addresses, mirrored into TBLPTRL, and incremented after each staged IN data byte	emitted	current_batch_usb_ep0_source_ptr
stock_075_b0_op	usb_ep0_in_source_ptr_lo_op	ram_var	usb_ep0	src/dlcp_fw/asm/dlcp_main_ram.inc operand alias for EP0 IN data source pointer low byte	emitted	current_batch_usb_ep0_source_ptr
stock_075_b0_phys	usb_ep0_in_source_ptr_lo_phys	ram_var	usb_ep0	src/dlcp_fw/asm/dlcp_main_ram.inc physical alias for EP0 IN data source pointer low byte used by TBLPTR staging and string descriptor pointer loads	emitted	current_batch_usb_ep0_source_ptr
stock_076_b0	usb_ep0_in_source_ptr_hi_b0	ram_var	usb_ep0	src/dlcp_fw/asm/dlcp_main_v34.asm EP0 IN source pointer high byte is loaded from USB descriptor/table addresses, mirrored into TBLPTRH, and incremented on source pointer carry	emitted	current_batch_usb_ep0_source_ptr
stock_076_b0_op	usb_ep0_in_source_ptr_hi_op	ram_var	usb_ep0	src/dlcp_fw/asm/dlcp_main_ram.inc operand alias for EP0 IN data source pointer high byte	emitted	current_batch_usb_ep0_source_ptr
stock_076_b0_phys	usb_ep0_in_source_ptr_hi_phys	ram_var	usb_ep0	src/dlcp_fw/asm/dlcp_main_ram.inc physical alias for EP0 IN data source pointer high byte used by TBLPTR staging and descriptor table loads	emitted	current_batch_usb_ep0_source_ptr
stock_08F_b0	usb_ep0_in_packet_count_b0	ram_var	usb_ep0	src/dlcp_fw/asm/dlcp_main_v34.asm EP0 IN packet byte count is initialized to 8, clipped to remaining transfer length, copied into EP0 IN BDT count, and decremented per copied byte	emitted	current_batch_usb_ep0_packet_count
stock_08F_b0_op	usb_ep0_in_packet_count_op	ram_var	usb_ep0	src/dlcp_fw/asm/dlcp_main_ram.inc operand alias for EP0 IN packet byte count	emitted	current_batch_usb_ep0_packet_count
stock_08F_b0_phys	usb_ep0_in_packet_count_phys	ram_var	usb_ep0	src/dlcp_fw/asm/dlcp_main_ram.inc physical alias for EP0 IN packet byte count copied into the EP0 IN BDT count	emitted	current_batch_usb_ep0_packet_count
stock_082_b0	fw_update_flash_cursor_lo_b0	ram_var	flash	src/dlcp_fw/asm/dlcp_main_v34.asm firmware-update flash cursor low byte is initialized to 0x5600, staged into flash operation start addresses, compared against 0x5F3F, and advanced by 0xC0 per committed page	emitted	current_batch_fw_update_cursor_ram
stock_082_b0_op	fw_update_flash_cursor_lo_op	ram_var	flash	src/dlcp_fw/asm/dlcp_main_ram.inc operand alias for firmware-update flash cursor low byte	emitted	current_batch_fw_update_cursor_ram
stock_082_b0_phys	fw_update_flash_cursor_lo_phys	ram_var	flash	src/dlcp_fw/asm/dlcp_main_ram.inc physical alias for firmware-update flash cursor low byte used by flash address staging	emitted	current_batch_fw_update_cursor_ram
stock_083_b0	fw_update_flash_cursor_hi_b0	ram_var	flash	src/dlcp_fw/asm/dlcp_main_v34.asm firmware-update flash cursor high byte is initialized to 0x56, staged into flash operation start addresses, compared against 0x5F3F, and receives carry from 0xC0 page advances	emitted	current_batch_fw_update_cursor_ram
stock_083_b0_op	fw_update_flash_cursor_hi_op	ram_var	flash	src/dlcp_fw/asm/dlcp_main_ram.inc operand alias for firmware-update flash cursor high byte	emitted	current_batch_fw_update_cursor_ram
stock_083_b0_phys	fw_update_flash_cursor_hi_phys	ram_var	flash	src/dlcp_fw/asm/dlcp_main_ram.inc physical alias for firmware-update flash cursor high byte used by flash address staging	emitted	current_batch_fw_update_cursor_ram
stock_084_b0	fw_update_relay_addr_lo_b0	ram_var	flash	src/dlcp_fw/asm/dlcp_main_v34.asm firmware-update relay active address low byte is compared by fw_update_cmp_addr_77_w, masked for 0x0F alignment, copied to the saved relay address, and incremented per forwarded record	emitted	current_batch_fw_update_relay_ram
stock_084_b0_op	fw_update_relay_addr_lo_op	ram_var	flash	src/dlcp_fw/asm/dlcp_main_ram.inc operand alias for firmware-update relay active address low byte	emitted	current_batch_fw_update_relay_ram
stock_084_b0_phys	fw_update_relay_addr_lo_phys	ram_var	flash	src/dlcp_fw/asm/dlcp_main_ram.inc physical alias for firmware-update relay active address low byte copied into the saved address slot	emitted	current_batch_fw_update_relay_ram
stock_085_b0	fw_update_relay_addr_hi_b0	ram_var	flash	src/dlcp_fw/asm/dlcp_main_v34.asm firmware-update relay active address high byte participates in fw_update_cmp_addr_77_w bounds checks, is copied to the saved relay address, and receives carry from per-record increment	emitted	current_batch_fw_update_relay_ram
stock_085_b0_op	fw_update_relay_addr_hi_op	ram_var	flash	src/dlcp_fw/asm/dlcp_main_ram.inc operand alias for firmware-update relay active address high byte	emitted	current_batch_fw_update_relay_ram
stock_085_b0_phys	fw_update_relay_addr_hi_phys	ram_var	flash	src/dlcp_fw/asm/dlcp_main_ram.inc physical alias for firmware-update relay active address high byte copied into the saved address slot	emitted	current_batch_fw_update_relay_ram
stock_086_b0	fw_update_relay_saved_addr_lo_b0	ram_var	flash	src/dlcp_fw/asm/dlcp_main_v34.asm firmware-update relay saved address low byte is copied from the active address, tested for pending status, added into the relay checksum, and emitted as an ASCII hex pair	emitted	current_batch_fw_update_relay_ram
stock_086_b0_op	fw_update_relay_saved_addr_lo_op	ram_var	flash	src/dlcp_fw/asm/dlcp_main_ram.inc operand alias for firmware-update relay saved address low byte	emitted	current_batch_fw_update_relay_ram
stock_086_b0_phys	fw_update_relay_saved_addr_lo_phys	ram_var	flash	src/dlcp_fw/asm/dlcp_main_ram.inc physical alias for firmware-update relay saved address low byte used by movff copies and hex emission	emitted	current_batch_fw_update_relay_ram
stock_087_b0	fw_update_relay_saved_addr_hi_b0	ram_var	flash	src/dlcp_fw/asm/dlcp_main_v34.asm firmware-update relay saved address high byte is copied from the active address, tested for pending status, added into the relay checksum, and emitted before the saved low byte	emitted	current_batch_fw_update_relay_ram
stock_087_b0_op	fw_update_relay_saved_addr_hi_op	ram_var	flash	src/dlcp_fw/asm/dlcp_main_ram.inc operand alias for firmware-update relay saved address high byte	emitted	current_batch_fw_update_relay_ram
stock_087_b0_phys	fw_update_relay_saved_addr_hi_phys	ram_var	flash	src/dlcp_fw/asm/dlcp_main_ram.inc physical alias for firmware-update relay saved address high byte used by movff copies and hex emission	emitted	current_batch_fw_update_relay_ram
stock_08E_b0	fw_update_relay_retry_delay_count_b0	ram_var	flash	src/dlcp_fw/asm/dlcp_main_v34.asm firmware-update relay retry delay counter is cleared when no saved address is pending, incremented until four attempts, and gates the 10 ms retry delay before status emission	emitted	current_batch_fw_update_relay_ram
stock_08E_b0_op	fw_update_relay_retry_delay_count_op	ram_var	flash	src/dlcp_fw/asm/dlcp_main_ram.inc operand alias for firmware-update relay retry delay counter	emitted	current_batch_fw_update_relay_ram
stock_08E_b0_phys	fw_update_relay_retry_delay_count_phys	ram_var	flash	src/dlcp_fw/asm/dlcp_main_ram.inc physical alias for firmware-update relay retry delay counter	emitted	current_batch_fw_update_relay_ram
stock_080_b0	fw_update_relay_checksum_accum_lo_b0	ram_var	flash	src/dlcp_fw/asm/dlcp_main_v34.asm firmware-update relay checksum accumulator low byte is cleared at relay boundaries, receives saved address and payload byte additions, is complemented into the transmitted checksum byte, and is compared with the parsed response checksum	emitted	current_batch_fw_update_checksum_ram
stock_080_b0_op	fw_update_relay_checksum_accum_lo_op	ram_var	flash	src/dlcp_fw/asm/dlcp_main_ram.inc operand alias for firmware-update relay checksum accumulator low byte	emitted	current_batch_fw_update_checksum_ram
stock_080_b0_phys	fw_update_relay_checksum_accum_lo_phys	ram_var	flash	src/dlcp_fw/asm/dlcp_main_ram.inc physical alias for firmware-update relay checksum accumulator low byte copied into the hex conversion scratch byte	emitted	current_batch_fw_update_checksum_ram
stock_081_b0	fw_update_relay_checksum_accum_hi_b0	ram_var	flash	src/dlcp_fw/asm/dlcp_main_v34.asm firmware-update relay checksum accumulator high byte receives carry from checksum additions, is complemented with the low byte during checksum derivation, and is cleared at relay boundaries	emitted	current_batch_fw_update_checksum_ram
stock_081_b0_op	fw_update_relay_checksum_accum_hi_op	ram_var	flash	src/dlcp_fw/asm/dlcp_main_ram.inc operand alias for firmware-update relay checksum accumulator high byte	emitted	current_batch_fw_update_checksum_ram
stock_081_b0_phys	fw_update_relay_checksum_accum_hi_phys	ram_var	flash	src/dlcp_fw/asm/dlcp_main_ram.inc physical alias for firmware-update relay checksum accumulator high byte	emitted	current_batch_fw_update_checksum_ram
stock_08A_b0	fw_update_relay_alignment_remainder_lo_b0	ram_var	flash	src/dlcp_fw/asm/dlcp_main_v34.asm firmware-update relay alignment remainder low byte stores active relay address low nibble before the zero check that skips unaligned relay status emission	emitted	current_batch_fw_update_checksum_ram
stock_08A_b0_op	fw_update_relay_alignment_remainder_lo_op	ram_var	flash	src/dlcp_fw/asm/dlcp_main_ram.inc operand alias for firmware-update relay alignment remainder low byte	emitted	current_batch_fw_update_checksum_ram
stock_08A_b0_phys	fw_update_relay_alignment_remainder_lo_phys	ram_var	flash	src/dlcp_fw/asm/dlcp_main_ram.inc physical alias for firmware-update relay alignment remainder low byte	emitted	current_batch_fw_update_checksum_ram
stock_08B_b0	fw_update_relay_alignment_remainder_hi_b0	ram_var	flash	src/dlcp_fw/asm/dlcp_main_v34.asm firmware-update relay alignment remainder high byte is cleared before ORing with the low-nibble remainder to form the zero alignment test	emitted	current_batch_fw_update_checksum_ram
stock_08B_b0_op	fw_update_relay_alignment_remainder_hi_op	ram_var	flash	src/dlcp_fw/asm/dlcp_main_ram.inc operand alias for firmware-update relay alignment remainder high byte	emitted	current_batch_fw_update_checksum_ram
stock_08B_b0_phys	fw_update_relay_alignment_remainder_hi_phys	ram_var	flash	src/dlcp_fw/asm/dlcp_main_ram.inc physical alias for firmware-update relay alignment remainder high byte	emitted	current_batch_fw_update_checksum_ram
stock_09F_b0	fw_update_relay_response_retry_count_b0	ram_var	flash	src/dlcp_fw/asm/dlcp_main_v34.asm firmware-update relay response retry counter is cleared before response polling, copied into the retry-delay helper inputs, incremented on checksum mismatch, and caps retries at 0x19 before returning	emitted	current_batch_fw_update_checksum_ram
stock_09F_b0_op	fw_update_relay_response_retry_count_op	ram_var	flash	src/dlcp_fw/asm/dlcp_main_ram.inc operand alias for firmware-update relay response retry counter	emitted	current_batch_fw_update_checksum_ram
stock_09F_b0_phys	fw_update_relay_response_retry_count_phys	ram_var	flash	src/dlcp_fw/asm/dlcp_main_ram.inc physical alias for firmware-update relay response retry counter copied into retry-delay helper inputs	emitted	current_batch_fw_update_checksum_ram
fw_update_cmp_addr_77_w	fw_update_compare_relay_addr_limit_w	private_helper	flash	src/dlcp_fw/asm/dlcp_main_v34.asm helper compares the active firmware-update relay address against a 0x77xx limit whose low byte is supplied in W and leaves carry for range branches	emitted	current_batch_fw_update_relay_labels
fw_update_add_w_to_08081	fw_update_add_byte_to_relay_checksum	private_helper	flash	src/dlcp_fw/asm/dlcp_main_v34.asm helper adds W into the firmware-update relay checksum accumulator low byte and carries into the high byte	emitted	current_batch_fw_update_relay_labels
flow_fw_update_relay_15e4	fw_update_relay__process_next_hid_payload_byte	local_label	flash	src/dlcp_fw/asm/dlcp_main_v34.asm relay loop entry reads the next HID payload byte through FSR2 using the payload cursor and later advances that cursor with the relay address	emitted	current_batch_fw_update_relay_labels
flow_fw_update_relay_1634	fw_update_relay__check_minimum_flash_addr	local_label	flash	src/dlcp_fw/asm/dlcp_main_v34.asm branch checks the active relay address against the 0x0040 lower bound and skips payload handling for addresses below the flash payload range	emitted	current_batch_fw_update_relay_labels
flow_fw_update_relay_1640	fw_update_relay__check_crc_region_limit	local_label	flash	src/dlcp_fw/asm/dlcp_main_v34.asm branch checks whether the active relay address has reached the 0x77C0 upper CRC region limit before continuing relay status processing	emitted	current_batch_fw_update_relay_labels
flow_fw_update_relay_164c	fw_update_relay__check_address_alignment	local_label	flash	src/dlcp_fw/asm/dlcp_main_v34.asm branch masks the active relay address low nibble and skips the saved-address status path when the address is not aligned	emitted	current_batch_fw_update_relay_labels
fw_update_relay_to_18d0	fw_update_relay__advance_cursor_trampoline	local_label	flash	src/dlcp_fw/asm/dlcp_main_v34.asm local trampoline centralizes branches that skip current byte handling and jump to the relay address and payload cursor advance	emitted	current_batch_fw_update_relay_labels
flow_fw_update_relay_165a	fw_update_relay__check_saved_status_addr	local_label	flash	src/dlcp_fw/asm/dlcp_main_v34.asm branch tests the saved relay address pair for pending status work before either polling a response or resetting the retry delay counter	emitted	current_batch_fw_update_relay_labels
flow_fw_update_relay_1662	fw_update_relay__emit_saved_addr_checksum	local_label	flash	src/dlcp_fw/asm/dlcp_main_v34.asm branch folds the saved relay address into the checksum accumulator, derives the transmitted checksum byte, and stages its ASCII hex text	emitted	current_batch_fw_update_relay_labels
flow_fw_update_relay_16fa	fw_update_relay__poll_status_response	local_label	flash	src/dlcp_fw/asm/dlcp_main_v34.asm loop polls a framed UART response, updates the Intel HEX checksum from the received line, and compares it with the relay checksum accumulator	emitted	current_batch_fw_update_relay_labels
flow_fw_update_relay_172a	fw_update_relay__handle_status_checksum_mismatch	local_label	flash	src/dlcp_fw/asm/dlcp_main_v34.asm checksum mismatch path emits retry diagnostics, delays using the retry counter, and retries until the response cap is reached	emitted	current_batch_fw_update_relay_labels
flow_fw_update_relay_1792	fw_update_relay__return_after_retry_exhausted	local_label	flash	src/dlcp_fw/asm/dlcp_main_v34.asm retry cap path increments the response retry counter one final time and returns from the firmware-update relay	emitted	current_batch_fw_update_relay_labels
flow_fw_update_relay_1796	fw_update_relay__retry_until_response_matches	local_label	flash	src/dlcp_fw/asm/dlcp_main_v34.asm convergence label checks the response-match flag and loops back to response polling until the checksum comparison succeeds	emitted	current_batch_fw_update_relay_labels
flow_fw_update_relay_179c	fw_update_relay__clear_retry_delay_counter	local_label	flash	src/dlcp_fw/asm/dlcp_main_v34.asm no-saved-address path clears the bounded retry-delay counter before entering the status emission gate	emitted	current_batch_fw_update_relay_labels
flow_fw_update_relay_179e	fw_update_relay__maybe_delay_before_status_emit	local_label	flash	src/dlcp_fw/asm/dlcp_main_v34.asm branch checks the upper relay address limit and bounded retry-delay counter before optionally inserting a 10 ms delay	emitted	current_batch_fw_update_relay_labels
flow_fw_update_relay_17bc	fw_update_relay__emit_active_addr_status_line	local_label	flash	src/dlcp_fw/asm/dlcp_main_v34.asm aligned status path copies the active relay address into the saved address pair, formats the address as ASCII hex, transmits the status line, and clears the relay checksum accumulator	emitted	current_batch_fw_update_relay_labels
flow_fw_update_relay_182e	fw_update_relay__forward_payload_byte	local_label	flash	src/dlcp_fw/asm/dlcp_main_v34.asm payload forwarding gate checks the upper relay address limit and odd/even address phase before staging the current payload byte for UART text output	emitted	current_batch_fw_update_relay_labels
flow_fw_update_relay_1884	fw_update_relay__copy_payload_text_byte	local_label	flash	src/dlcp_fw/asm/dlcp_main_v34.asm loop body copies one staged payload text byte from page 0 into the page 1 transmit buffer and advances both counters	emitted	current_batch_fw_update_relay_labels
flow_fw_update_relay_18a0	fw_update_relay__copy_payload_text_until_nul	local_label	flash	src/dlcp_fw/asm/dlcp_main_v34.asm loop test reads staged payload text bytes until the zero terminator before appending the transmit-buffer terminator	emitted	current_batch_fw_update_relay_labels
flow_fw_update_relay_18bc	fw_update_relay__stage_odd_payload_byte	local_label	flash	src/dlcp_fw/asm/dlcp_main_v34.asm odd-address path saves the current payload byte as the first byte of the next pair instead of emitting a completed text block	emitted	current_batch_fw_update_relay_labels
flow_fw_update_relay_18c0	fw_update_relay__accumulate_payload_checksum	local_label	flash	src/dlcp_fw/asm/dlcp_main_v34.asm convergence path adds the current payload byte into the firmware-update relay checksum accumulator before advancing the cursor	emitted	current_batch_fw_update_relay_labels
flow_fw_update_relay_18cc	fw_update_relay__clear_checksum_after_range	local_label	flash	src/dlcp_fw/asm/dlcp_main_v34.asm post-range path clears the checksum accumulator once the active relay address is at or beyond the upper relay limit	emitted	current_batch_fw_update_relay_labels
flow_fw_update_relay_18d0	fw_update_relay__advance_payload_cursor	local_label	flash	src/dlcp_fw/asm/dlcp_main_v34.asm shared tail advances the active relay address, increments the HID payload cursor, and loops until the payload cursor exceeds its end bound	emitted	current_batch_fw_update_relay_labels
stock_07C_b0	fw_update_relay_signature_accum_lo_b0	ram_var	flash	src/dlcp_fw/asm/dlcp_main_v34.asm firmware-update relay signature accumulator low byte is cleared with relay status, shifted and polynomial-xored for early payload bytes, and later compared with the staged host signature low byte	emitted	current_batch_fw_update_signature
stock_07C_b0_op	fw_update_relay_signature_accum_lo_op	ram_var	flash	src/dlcp_fw/asm/dlcp_main_ram.inc operand alias for firmware-update relay signature accumulator low byte	emitted	current_batch_fw_update_signature
stock_07C_b0_phys	fw_update_relay_signature_accum_lo_phys	ram_var	flash	src/dlcp_fw/asm/dlcp_main_ram.inc physical alias for firmware-update relay signature accumulator low byte	emitted	current_batch_fw_update_signature
stock_07D_b0	fw_update_relay_signature_accum_hi_b0	ram_var	flash	src/dlcp_fw/asm/dlcp_main_v34.asm firmware-update relay signature accumulator high byte is cleared with relay status, supplies the feedback bit for the update loop, and is later compared with the staged host signature high byte	emitted	current_batch_fw_update_signature
stock_07D_b0_op	fw_update_relay_signature_accum_hi_op	ram_var	flash	src/dlcp_fw/asm/dlcp_main_ram.inc operand alias for firmware-update relay signature accumulator high byte	emitted	current_batch_fw_update_signature
stock_07D_b0_phys	fw_update_relay_signature_accum_hi_phys	ram_var	flash	src/dlcp_fw/asm/dlcp_main_ram.inc physical alias for firmware-update relay signature accumulator high byte	emitted	current_batch_fw_update_signature
flow_fw_update_relay_1606	fw_update_relay__update_signature_bit_loop	local_label	flash	src/dlcp_fw/asm/dlcp_main_v34.asm loop entry processes one bit of the current payload byte into the firmware-update relay signature accumulator	emitted	current_batch_fw_update_signature
flow_fw_update_relay_1610	fw_update_relay__clear_signature_feedback_flag	local_label	flash	src/dlcp_fw/asm/dlcp_main_v34.asm branch clears the temporary signature feedback flag when the accumulator high-byte feedback bit is not set	emitted	current_batch_fw_update_signature
flow_fw_update_relay_1612	fw_update_relay__shift_signature_with_payload_bit	local_label	flash	src/dlcp_fw/asm/dlcp_main_v34.asm convergence path shifts the signature accumulator left, injects the current payload bit, shifts the payload byte, and optionally applies the feedback polynomial xor	emitted	current_batch_fw_update_signature
flow_fw_update_relay_162c	fw_update_relay__advance_signature_bit_count	local_label	flash	src/dlcp_fw/asm/dlcp_main_v34.asm loop tail increments the bit counter and repeats until all eight bits of the current payload byte have updated the signature accumulator	emitted	current_batch_fw_update_signature
stock_0CB_b0	fw_update_relay_session_active_b0	ram_var	flash	src/dlcp_fw/asm/dlcp_main_v34.asm firmware-update relay session gate byte is cleared at HID dispatch entry, set after the UART handshake and echo check pass, cleared on handshake failure, and tested before running fw_update_relay	emitted	current_batch_fw_update_dispatch
stock_0CB_b0_op	fw_update_relay_session_active_op	ram_var	flash	src/dlcp_fw/asm/dlcp_main_ram.inc operand alias for firmware-update relay session gate byte	emitted	current_batch_fw_update_dispatch
stock_0CB_b0_phys	fw_update_relay_session_active_phys	ram_var	flash	src/dlcp_fw/asm/dlcp_main_ram.inc physical alias for firmware-update relay session gate byte	emitted	current_batch_fw_update_dispatch
flow_hid_command_dispatch_13d0	hid_command_dispatch__enter_fw_update_boot_marker	local_label	flash	src/dlcp_fw/asm/dlcp_main_v34.asm HID command path for firmware-update entry clears and sets the boot marker bytes then jumps to flash_entry_quiet_shutdown	emitted	current_batch_fw_update_dispatch
flow_hid_command_dispatch_14ce	fw_update_init_sequence__compare_echo_buffer_byte	local_label	flash	src/dlcp_fw/asm/dlcp_main_v34.asm firmware-update init loop compares staged page 0 bytes against the UART response echo buffer and clears the relay session gate on mismatch	emitted	current_batch_fw_update_dispatch
flow_hid_command_dispatch_14f0	fw_update_init_sequence__advance_echo_compare	local_label	flash	src/dlcp_fw/asm/dlcp_main_v34.asm firmware-update init loop advances the echo compare index and repeats until the expected handshake bytes have been checked	emitted	current_batch_fw_update_dispatch
flow_hid_command_dispatch_14fa	fw_update_init_sequence__clear_failed_session	local_label	flash	src/dlcp_fw/asm/dlcp_main_v34.asm short UART handshake response path clears the firmware-update relay session gate before returning to the command dispatcher	emitted	current_batch_fw_update_dispatch
flow_hid_command_dispatch_14fc	fw_update_init_sequence__gate_relay_session	local_label	flash	src/dlcp_fw/asm/dlcp_main_v34.asm firmware-update init convergence checks the relay session gate and falls back to normal command completion when the handshake did not activate a relay session	emitted	current_batch_fw_update_dispatch
flow_hid_command_dispatch_1504	fw_update_init_sequence__run_relay_session	local_label	flash	src/dlcp_fw/asm/dlcp_main_v34.asm active firmware-update session path calls fw_update_relay and then returns through the normal HID command completion path	emitted	current_batch_fw_update_dispatch
flow_hid_command_dispatch_150a	hid_command_dispatch__validate_fw_update_signature	local_label	flash	src/dlcp_fw/asm/dlcp_main_v34.asm HID command path stages the host-provided signature bytes, emits the current status frame, and compares them against the relay signature accumulator	emitted	current_batch_fw_update_dispatch
flow_hid_command_dispatch_1524	hid_command_dispatch__check_fw_update_signature_result	local_label	flash	src/dlcp_fw/asm/dlcp_main_v34.asm signature validation convergence branches to reject on either high-byte or low-byte mismatch and otherwise emits the zero status lines	emitted	current_batch_fw_update_dispatch
flow_hid_command_dispatch_1532	hid_command_dispatch__reject_fw_update_signature	local_label	flash	src/dlcp_fw/asm/dlcp_main_v34.asm firmware-update signature mismatch path stores the failure status byte, clears relay status accumulators, and returns through HID command completion	emitted	current_batch_fw_update_dispatch
flow_hid_command_dispatch_10ca	hid_command_dispatch__clear_relay_session_before_decode	local_label	usb_hid	src/dlcp_fw/asm/dlcp_main_v34.asm non-0x42 HID commands clear the firmware-update relay session gate before entering the cumulative opcode XOR decoder	emitted	current_batch_hid_opcode_decoder
hid_cmd_xor_dispatch	hid_command_dispatch__decode_opcode_xor_chain	local_label	usb_hid	src/dlcp_fw/asm/dlcp_main_v34.asm cumulative XOR decoder dispatches HID opcodes 0x01 through 0x0C plus firmware-update and diagnostics opcodes	emitted	current_batch_hid_opcode_decoder
flow_hid_command_dispatch_1562	hid_command_dispatch__probe_opcode_04	local_label	usb_hid	src/dlcp_fw/asm/dlcp_main_v34.asm cumulative XOR decoder branch tests opcode 0x04 and dispatches to the associated HID payload handler on match	emitted	current_batch_hid_opcode_decoder
flow_hid_command_dispatch_1568	hid_command_dispatch__probe_opcode_05	local_label	usb_hid	src/dlcp_fw/asm/dlcp_main_v34.asm cumulative XOR decoder branch tests opcode 0x05 and dispatches to the settings input and volume staging handler on match	emitted	current_batch_hid_opcode_decoder
flow_hid_command_dispatch_156e	hid_command_dispatch__probe_opcode_06	local_label	usb_hid	src/dlcp_fw/asm/dlcp_main_v34.asm cumulative XOR decoder branch tests opcode 0x06 and dispatches to the command staging path on match	emitted	current_batch_hid_opcode_decoder
flow_hid_command_dispatch_1574	hid_command_dispatch__probe_upload_opcode_range	local_label	usb_hid	src/dlcp_fw/asm/dlcp_main_v34.asm decoder range check routes HID opcodes 0x07 through 0x0B into the upload and firmware-update staging path	emitted	current_batch_hid_opcode_decoder
flow_hid_command_dispatch_157c_not_upload	hid_command_dispatch__probe_opcode_0c	local_label	usb_hid	src/dlcp_fw/asm/dlcp_main_v34.asm branch entered after opcodes 0x07 through 0x0B fail the range check and then tests opcode 0x0C	emitted	current_batch_hid_opcode_decoder
flow_hid_command_dispatch_1598	hid_command_dispatch__probe_fw_boot_opcode_40	local_label	usb_hid	src/dlcp_fw/asm/dlcp_main_v34.asm cumulative XOR decoder branch tests opcode 0x40 and dispatches to firmware-update boot-marker entry on match	emitted	current_batch_hid_opcode_decoder
flow_hid_command_dispatch_159e	hid_command_dispatch__probe_fw_update_opcodes	local_label	usb_hid	src/dlcp_fw/asm/dlcp_main_v34.asm decoder branch handles firmware-update opcodes 0x41 and 0x42 before falling through to diagnostic opcode probes	emitted	current_batch_hid_opcode_decoder
hid_cmd_diag_memread_probe	hid_command_dispatch__probe_diag_memread_opcode	local_label	usb_hid	src/dlcp_fw/asm/dlcp_main_v34.asm decoder branch tests diagnostic opcode 0x43 and jumps to the diagnostic flash and EEPROM memread handler on match	emitted	current_batch_hid_opcode_decoder
flow_hid_command_dispatch_154c	hid_command_dispatch__unsupported_opcode	local_label	usb_hid	src/dlcp_fw/asm/dlcp_main_v34.asm unsupported HID opcode path clears the command byte and falls through to the common command-clear return	emitted	current_batch_hid_opcode_decoder
flow_hid_command_dispatch_15aa	hid_command_dispatch__clear_opcode_and_return	local_label	usb_hid	src/dlcp_fw/asm/dlcp_main_v34.asm common HID command completion tail clears the opcode byte in the OUT report buffer and returns to the USB service	emitted	current_batch_hid_opcode_decoder
stock_097_b0	hid_opcode03_subcommand_b0	ram_var	usb_hid	src/dlcp_fw/asm/dlcp_main_v34.asm HID opcode 0x03 subcommand byte is copied from the OUT report, tested for subcommands 0x09 and 0x0A, and later used to decide whether filename RAM dirty flags should be set	emitted	current_batch_hid_opcode03
stock_097_b0_op	hid_opcode03_subcommand_op	ram_var	usb_hid	src/dlcp_fw/asm/dlcp_main_ram.inc operand alias for HID opcode 0x03 subcommand byte	emitted	current_batch_hid_opcode03
stock_097_b0_phys	hid_opcode03_subcommand_phys	ram_var	usb_hid	src/dlcp_fw/asm/dlcp_main_ram.inc physical alias for HID opcode 0x03 subcommand byte copied from the OUT report	emitted	current_batch_hid_opcode03
flow_hid_command_dispatch_10d0	hid_command_dispatch__handle_opcode_03	local_label	usb_hid	src/dlcp_fw/asm/dlcp_main_v34.asm HID opcode 0x03 handler copies the subcommand byte from the OUT report and dispatches subcommands 0x09 and 0x0A into sparse config update paths	emitted	current_batch_hid_opcode03
flow_hid_command_dispatch_10e0	hid_command_dispatch__copy_sparse_config_byte_loop	local_label	usb_hid	src/dlcp_fw/asm/dlcp_main_v34.asm subcommand 0x09 loop reads indexed HID OUT payload bytes and copies nonzero bytes into the page-2 configuration window	emitted	current_batch_hid_opcode03
flow_hid_command_dispatch_10fa	hid_command_dispatch__fill_sparse_config_byte_ff	local_label	usb_hid	src/dlcp_fw/asm/dlcp_main_v34.asm subcommand 0x09 zero-byte path fills the corresponding page-2 configuration byte with 0xFF instead of copying zero	emitted	current_batch_hid_opcode03
flow_hid_command_dispatch_10fc	hid_command_dispatch__advance_sparse_config_index	local_label	usb_hid	src/dlcp_fw/asm/dlcp_main_v34.asm sparse config loop tail advances the index and repeats through the 0x02..0x1F payload range	emitted	current_batch_hid_opcode03
flow_hid_command_dispatch_1104	hid_command_dispatch__probe_config_clear_subcommand	local_label	usb_hid	src/dlcp_fw/asm/dlcp_main_v34.asm opcode 0x03 branch tests whether the subcommand is 0x0A after the 0x09 sparse-copy case did not match	emitted	current_batch_hid_opcode03
flow_hid_command_dispatch_1110	hid_command_dispatch__fill_config_range_ff	local_label	usb_hid	src/dlcp_fw/asm/dlcp_main_v34.asm subcommand 0x0A loop fills the page-2 configuration byte range for indices 0x02..0x1F with 0xFF	emitted	current_batch_hid_opcode03
flow_hid_command_dispatch_111a	hid_command_dispatch__stage_opcode03_status	local_label	usb_hid	src/dlcp_fw/asm/dlcp_main_v34.asm opcode 0x03 convergence stages status selector 0x03 and copies the subcommand byte into the status argument before response generation	emitted	current_batch_hid_opcode03
flow_hid_command_dispatch_111a_dirty	hid_command_dispatch__mark_filename_ram_dirty	local_label	usb_hid	src/dlcp_fw/asm/dlcp_main_v34.asm subcommands 0x09 and 0x0A mark filename RAM dirty and bump the filename seqlock revision after changing the configuration window	emitted	current_batch_hid_opcode03
flow_hid_command_dispatch_1126	hid_command_dispatch__arm_timer0_after_update	local_label	usb_hid	src/dlcp_fw/asm/dlcp_main_v34.asm post-update path arms the Timer0 wake-me-later tick before the short response delay and status response generation	emitted	current_batch_hid_opcode03
flow_hid_command_dispatch_112a	hid_command_dispatch__delay_before_status_response	local_label	usb_hid	src/dlcp_fw/asm/dlcp_main_v34.asm shared HID response path inserts the existing 1 ms Timer3 blocking delay before status response assembly	emitted	current_batch_hid_opcode03
flow_hid_command_dispatch_112e	hid_command_dispatch__emit_status_response	local_label	usb_hid	src/dlcp_fw/asm/dlcp_main_v34.asm shared HID response path calls the status response builder and then returns through the common opcode-clear tail	emitted	current_batch_hid_opcode03
main_core_service_15b0	hid_out_payload_index_to_fsr2	private_helper	usb_hid	src/dlcp_fw/asm/dlcp_main_v34.asm helper converts the current HID payload index into an FSR2 pointer at OUT report offset 0x1A plus the index	emitted	current_batch_hid_opcode03
main_core_service_15be	hid_config_fill_ff_at_index	private_helper	usb_hid	src/dlcp_fw/asm/dlcp_main_v34.asm helper maps the current config index to the page-2 0xBE plus index window and writes 0xFF there	emitted	current_batch_hid_opcode03
stock_0B7_b0	hid_opcode04_action_b0	ram_var	usb_hid	src/dlcp_fw/asm/dlcp_main_v34.asm HID opcode 0x04 action byte is copied from OUT report byte 2 when report byte 1 equals one and dispatches action values one and two	emitted	current_batch_hid_opcode04
stock_0B7_b0_op	hid_opcode04_action_op	ram_var	usb_hid	src/dlcp_fw/asm/dlcp_main_ram.inc operand alias for HID opcode 0x04 action byte	emitted	current_batch_hid_opcode04
stock_0B7_b0_phys	hid_opcode04_action_phys	ram_var	usb_hid	src/dlcp_fw/asm/dlcp_main_ram.inc physical alias for HID opcode 0x04 action byte copied from OUT report byte 2	emitted	current_batch_hid_opcode04
stock_0B5_b0	hid_opcode04_payload_mode_b0	ram_var	usb_hid	src/dlcp_fw/asm/dlcp_main_v34.asm HID opcode 0x04 payload mode byte is copied from OUT report byte 4 when report byte 1 equals two and selects the payload-copy or quick-status path	emitted	current_batch_hid_opcode04
stock_0B5_b0_op	hid_opcode04_payload_mode_op	ram_var	usb_hid	src/dlcp_fw/asm/dlcp_main_ram.inc operand alias for HID opcode 0x04 payload mode byte	emitted	current_batch_hid_opcode04
stock_0B5_b0_phys	hid_opcode04_payload_mode_phys	ram_var	usb_hid	src/dlcp_fw/asm/dlcp_main_ram.inc physical alias for HID opcode 0x04 payload mode byte copied from OUT report byte 4	emitted	current_batch_hid_opcode04
flow_hid_command_dispatch_1134	hid_command_dispatch__handle_opcode_04	local_label	usb_hid	src/dlcp_fw/asm/dlcp_main_v34.asm HID opcode 0x04 handler dispatches report-byte-one values one and two into action or payload-mode subpaths	emitted	current_batch_hid_opcode04
hid_stage_0c1_04_0c2_01	hid_stage_opcode04_status_one	private_helper	usb_hid	src/dlcp_fw/asm/dlcp_main_v34.asm helper stages HID status selector 0x04 and status argument 0x01 for opcode 0x04 responses	emitted	current_batch_hid_opcode04
flow_hid_command_dispatch_1140	hid_command_dispatch__opcode04_ack_action_one	local_label	usb_hid	src/dlcp_fw/asm/dlcp_main_v34.asm opcode 0x04 action value one stages the standard 0x04/0x01 status response and continues through the shared response delay	emitted	current_batch_hid_opcode04
flow_hid_command_dispatch_114a	hid_command_dispatch__opcode04_stage_fault_action	local_label	usb_hid	src/dlcp_fw/asm/dlcp_main_v34.asm opcode 0x04 action value two copies OUT report byte 3 into the shared setup byte, stages status 0x04/0x01, and sets fault/dirty flags	emitted	current_batch_hid_opcode04
flow_hid_command_dispatch_115c	hid_command_dispatch__dispatch_opcode04_action	local_label	usb_hid	src/dlcp_fw/asm/dlcp_main_v34.asm opcode 0x04 action dispatcher tests action values one and two and otherwise returns through the command-clear tail	emitted	current_batch_hid_opcode04
flow_hid_command_dispatch_116a	hid_command_dispatch__probe_opcode04_payload_mode	local_label	usb_hid	src/dlcp_fw/asm/dlcp_main_v34.asm opcode 0x04 branch tests whether report byte 1 equals two before accepting the payload-mode subpath	emitted	current_batch_hid_opcode04
flow_hid_command_dispatch_1172	hid_command_dispatch__handle_opcode04_payload_mode	local_label	usb_hid	src/dlcp_fw/asm/dlcp_main_v34.asm opcode 0x04 payload-mode handler copies OUT report byte 4, stages status 0x04/0x02, and dispatches payload mode 0x06	emitted	current_batch_hid_opcode04
flow_hid_command_dispatch_118a	hid_command_dispatch__copy_opcode04_payload_loop	local_label	usb_hid	src/dlcp_fw/asm/dlcp_main_v34.asm payload mode 0x06 loop reads indexed HID OUT payload bytes and copies nonzero bytes into the low configuration window	emitted	current_batch_hid_opcode04
flow_hid_command_dispatch_11a4	hid_command_dispatch__fill_opcode04_payload_byte_ff	local_label	usb_hid	src/dlcp_fw/asm/dlcp_main_v34.asm payload mode 0x06 zero-byte path fills the corresponding low configuration byte with 0xFF instead of copying zero	emitted	current_batch_hid_opcode04
flow_hid_command_dispatch_11b2	hid_command_dispatch__advance_opcode04_payload_index	local_label	usb_hid	src/dlcp_fw/asm/dlcp_main_v34.asm opcode 0x04 payload-copy loop tail advances the index through the 0x05..0x13 payload range and marks filename data dirty when complete	emitted	current_batch_hid_opcode04
flow_hid_command_dispatch_11c0	hid_command_dispatch__check_opcode04_quick_status_modes	local_label	usb_hid	src/dlcp_fw/asm/dlcp_main_v34.asm opcode 0x04 non-copy mode path accepts quick-status modes 0x05 and 0x07 and otherwise falls through to command-clear return	emitted	current_batch_hid_opcode04
flow_hid_command_dispatch_11ce	hid_command_dispatch__apply_settings_payload	local_label	usb_hid	src/dlcp_fw/asm/dlcp_main_v34.asm HID settings handler copies input and computed-volume fields from the OUT report, applies the mute bit, and rebuilds the channel-enable mask from payload bits	emitted	current_batch_hid_settings_mirrors
flow_hid_command_dispatch_124e	hid_command_dispatch__compare_settings_mirrors	local_label	usb_hid	src/dlcp_fw/asm/dlcp_main_v34.asm settings handler copies channel setup fields from the OUT report and begins comparing current settings against their cached mirror bytes	emitted	current_batch_hid_settings_mirrors
flow_hid_command_dispatch_129c	hid_command_dispatch__mark_volume_dirty_if_changed	local_label	usb_hid	src/dlcp_fw/asm/dlcp_main_v34.asm branch marks volume dirty only when the computed volume differs from the logical-volume mirror comparison	emitted	current_batch_hid_settings_mirrors
flow_hid_command_dispatch_12a2	hid_command_dispatch__check_route_trim_dirty	local_label	usb_hid	src/dlcp_fw/asm/dlcp_main_v34.asm branch compares route trim bytes against their shadow mirror and marks filename data dirty when the trim block changed	emitted	current_batch_hid_settings_mirrors
flow_hid_command_dispatch_12ca	hid_command_dispatch__check_mute_state_dirty	local_label	usb_hid	src/dlcp_fw/asm/dlcp_main_v34.asm branch compares active mute state against the mute shadow bit and marks mute dirty when they differ	emitted	current_batch_hid_settings_mirrors
flow_hid_command_dispatch_12e0	hid_command_dispatch__check_channel_setup_dirty	local_label	usb_hid	src/dlcp_fw/asm/dlcp_main_v34.asm branch compares channel-enable, setup-profile, and channel-source settings against their shadows and raises the relevant dirty flags on mismatch	emitted	current_batch_hid_settings_mirrors
flow_hid_command_dispatch_1324	hid_command_dispatch__mark_channel_source_dirty	local_label	usb_hid	src/dlcp_fw/asm/dlcp_main_v34.asm nonmatching channel-source config comparison path marks the channel-source dirty event before refreshing settings mirrors	emitted	current_batch_hid_settings_mirrors
flow_hid_command_dispatch_1342	hid_command_dispatch__clear_mute_shadow	local_label	usb_hid	src/dlcp_fw/asm/dlcp_main_v34.asm branch clears the mute shadow bit when the active mute flag is not set after settings payload application	emitted	current_batch_hid_settings_mirrors
flow_hid_command_dispatch_1344	hid_command_dispatch__snapshot_settings_mirrors	local_label	usb_hid	src/dlcp_fw/asm/dlcp_main_v34.asm convergence path snapshots channel-enable, channel-source, setup-profile, and route-trim settings into their mirror/shadow bytes	emitted	current_batch_hid_settings_mirrors
stock_0C5_b0	fw_update_page_buffer_offset_b0	ram_var	flash	src/dlcp_fw/asm/dlcp_main_v34.asm firmware-update page buffer offset is cleared before the first opcode 0x07 upload block, used to place 20-byte HID payload chunks into the 0x0300 page buffer, advanced by 0x18, and cleared after a full page	emitted	current_batch_hid_upload_status
stock_0C5_b0_op	fw_update_page_buffer_offset_op	ram_var	flash	src/dlcp_fw/asm/dlcp_main_ram.inc operand alias for firmware-update page buffer offset	emitted	current_batch_hid_upload_status
stock_0C5_b0_phys	fw_update_page_buffer_offset_phys	ram_var	flash	src/dlcp_fw/asm/dlcp_main_ram.inc physical alias for firmware-update page buffer offset	emitted	current_batch_hid_upload_status
flow_hid_command_dispatch_1374	hid_command_dispatch__stage_status_05	local_label	usb_hid	src/dlcp_fw/asm/dlcp_main_v34.asm HID opcode 0x06 alternate-status path stages status selector 0x05 before converging on the shared selected-status response path	emitted	current_batch_hid_upload_status
flow_hid_command_dispatch_1378	hid_command_dispatch__handle_opcode_06	local_label	usb_hid	src/dlcp_fw/asm/dlcp_main_v34.asm HID opcode 0x06 handler dispatches OUT report byte 1 values one and two to delayed status selector 0x06 or 0x05 responses	emitted	current_batch_hid_upload_status
flow_hid_command_dispatch_1384	hid_command_dispatch__emit_selected_status	local_label	usb_hid	src/dlcp_fw/asm/dlcp_main_v34.asm shared HID status response path stores the selected status byte from W and then jumps to the common status response builder	emitted	current_batch_hid_upload_status
flow_hid_command_dispatch_138a	hid_command_dispatch__probe_opcode06_alt_status	local_label	usb_hid	src/dlcp_fw/asm/dlcp_main_v34.asm opcode 0x06 branch tests whether OUT report byte 1 equals two before selecting the alternate status 0x05 response	emitted	current_batch_hid_upload_status
flow_hid_command_dispatch_1392	hid_command_dispatch__delay_before_status_05	local_label	usb_hid	src/dlcp_fw/asm/dlcp_main_v34.asm opcode 0x06 alternate-status branch inserts the 2 ms delay before staging status selector 0x05	emitted	current_batch_hid_upload_status
flow_hid_command_dispatch_1398	hid_command_dispatch__handle_opcode_0c	local_label	usb_hid	src/dlcp_fw/asm/dlcp_main_v34.asm HID opcode 0x0C handler tests OUT report byte 1 for 0x0F, sets the reconnect-pending active flag on match, and then enters the upload staging path	emitted	current_batch_hid_upload_status
flow_hid_command_dispatch_13a2	hid_command_dispatch__stage_upload_payload	local_label	usb_hid	src/dlcp_fw/asm/dlcp_main_v34.asm HID upload staging path handles opcodes 0x07 through 0x0B, resets the firmware-update page buffer offset and flash cursor for the first opcode 0x07 block, then commits the payload chunk	emitted	current_batch_hid_upload_status
flow_hid_command_dispatch_13ba	hid_command_dispatch__commit_upload_payload	local_label	usb_hid	src/dlcp_fw/asm/dlcp_main_v34.asm HID upload commit path disables receive, marks the command addressed to this unit, clears UART RX positions, and calls the firmware-update page commit helper	emitted	current_batch_hid_upload_status
flow_hid_command_dispatch_13ca	hid_command_dispatch__emit_opcode_status	local_label	usb_hid	src/dlcp_fw/asm/dlcp_main_v34.asm common HID status path copies the opcode into the status selector byte and jumps to the shared status response builder	emitted	current_batch_hid_upload_status
hid_cmd_diag_memread	hid_diag_memread_dispatch	public_routine	diag	src/dlcp_fw/asm/dlcp_main_v34.asm HID diagnostic cmd 0x43 handler stages the response header, validates read length, dispatches flash versus EEPROM regions, and returns through the HID command completion tail	emitted	current_batch_hid_diag_handlers
hid_cmd_diag_memread_bad_len	hid_diag_memread__reject_invalid_length	local_label	diag	src/dlcp_fw/asm/dlcp_main_v34.asm memory-read handler path stages error status 0x02 when requested length is zero or exceeds the 0x3D byte response payload limit	emitted	current_batch_hid_diag_handlers
hid_cmd_diag_memread_len_ok	hid_diag_memread__dispatch_region	local_label	diag	src/dlcp_fw/asm/dlcp_main_v34.asm memory-read handler path dispatches region 0 to flash, region 1 to EEPROM, and rejects unsupported region selectors with error status 0x01	emitted	current_batch_hid_diag_handlers
hid_cmd_diag_memread_flash	hid_diag_memread__read_flash_region	local_label	diag	src/dlcp_fw/asm/dlcp_main_v34.asm flash-region path stages the request address and length into the flash_read argument block and writes returned bytes into the HID IN response data area	emitted	current_batch_hid_diag_handlers
hid_cmd_diag_memread_eeprom	hid_diag_memread__read_eeprom_region	local_label	diag	src/dlcp_fw/asm/dlcp_main_v34.asm EEPROM-region path stages the EEPROM address and byte count and points FSR2 at the HID IN response data area	emitted	current_batch_hid_diag_handlers
hid_cmd_diag_memread_eeprom_lp	hid_diag_memread__copy_eeprom_byte_loop	local_label	diag	src/dlcp_fw/asm/dlcp_main_v34.asm EEPROM-region loop reads one EEPROM byte, writes it to the HID IN response data buffer, increments the EEPROM address, and repeats until the requested length is copied	emitted	current_batch_hid_diag_handlers
hid_cmd_diag_memread_fail	hid_diag_memread__stage_error_status	local_label	diag	src/dlcp_fw/asm/dlcp_main_v34.asm diagnostic memory-read failure path stores the error status byte into response offset one before returning the report	emitted	current_batch_hid_diag_handlers
hid_cmd_diag_memread_done	hid_diag_memread__return_response	local_label	diag	src/dlcp_fw/asm/dlcp_main_v34.asm diagnostic memory-read convergence path returns through the common HID opcode-clear completion tail after flash, EEPROM, or error handling	emitted	current_batch_hid_diag_handlers
copy_postinc0_to_postinc2_count_w	hid_diag_snapshot_copy_block_count_w	private_helper	diag	src/dlcp_fw/asm/dlcp_main_v34.asm diagnostic snapshot helper copies W bytes from the FSR0 source block into the HID IN buffer at FSR2	emitted	current_batch_hid_diag_handlers
copy_postinc0_to_postinc2_count_loop	hid_diag_snapshot_copy_block__copy_next_byte	local_label	diag	src/dlcp_fw/asm/dlcp_main_v34.asm diagnostic snapshot copy helper loop copies one byte from POSTINC0 to POSTINC2 and decrements the remaining byte count	emitted	current_batch_hid_diag_handlers
hid_cmd_diag_snapshot	hid_diag_snapshot_emit	public_routine	diag	src/dlcp_fw/asm/dlcp_main_v34.asm HID diagnostic cmd 0x44 handler emits the diagnostics snapshot report with runtime counters, reset flags, and V3.4 SRC/DSP forensic counters	emitted	current_batch_hid_diag_handlers
fw_update_init_sequence	fw_update_start_relay_handshake	private_helper	flash	src/dlcp_fw/asm/dlcp_main_v34.asm firmware-update command 0x42 path clears relay status accumulators, initializes relay buffers, emits the BF/18/01 status, sends the handshake request, validates the echo, and starts fw_update_relay on success	emitted	current_batch_fw_update_helpers
fw_update_stage_005_w_008_1	fw_update_stage_uart_rx_window	private_helper	flash	src/dlcp_fw/asm/dlcp_main_v34.asm helper stages a UART receive window by storing W into stock_005 and setting bank-1 byte stock_008 to one before uart_rx_with_framing	emitted	current_batch_fw_update_helpers
fw_update_ram_clear_len_w	fw_update_clear_buffer_from_003_len_w	private_helper	flash	src/dlcp_fw/asm/dlcp_main_v34.asm helper stores W as the clear length and tail-calls ram_block_clear starting at the address held in stock_003	emitted	current_batch_fw_update_helpers
clear_fw_update_status_accumulators	fw_update_clear_relay_status_accumulators	private_helper	flash	src/dlcp_fw/asm/dlcp_main_v34.asm helper clears firmware-update relay signature, checksum, saved-address, and active-address accumulator bytes before starting or rejecting a relay session	emitted	current_batch_fw_update_helpers
factory_reset_status_emit	fw_update_emit_bf18_status	private_helper	uart_link	src/dlcp_fw/asm/dlcp_main_v34.asm helper emits BF/18/01 status over UART during firmware-update relay initialization despite the legacy factory-reset comment name	emitted	current_batch_fw_update_helpers
flash_entry_quiet_shutdown	flash_entry_mute_and_reset	private_helper	boot	src/dlcp_fw/asm/dlcp_main_v34.asm firmware-update flash-entry path mutes DSP coefficients, drops audio rails and amp-enable pins, waits 100 ms, then branches to hard_reset without the full standby teardown	emitted	current_batch_fw_update_helpers
flow_app_entry_1014	app_entry__jump_to_cold_init	local_label	boot	src/dlcp_fw/asm/dlcp_main_v34.asm 0x1000 reset trampoline branches past the ISR spill stub to this label, which jumps to the cold-init boot path	emitted	current_batch_boot_volume_timer0
flow_cmd_dispatch_gated_volume_unmuted	cmd_dispatch_gated__apply_unmuted_volume_dirty	local_label	volume	src/dlcp_fw/asm/dlcp_main_v34.asm volume-dirty dispatch reaches this path only when effective mute is not set, clears stale volume/trim scratch bytes, then applies DSP volume and refreshes USB mailbox state	emitted	current_batch_boot_volume_timer0
flow_cmd_dispatch_gated_trim_load	cmd_dispatch_gated__load_applied_route_volume_trim	local_label	volume	src/dlcp_fw/asm/dlcp_main_v34.asm V3.4 comment documents selecting trim by applied route shadow stock_0AB; this label indexes the route trim table into stock_09A before computed-volume accumulation	emitted	current_batch_boot_volume_timer0
main_timer_service_48a6	timer0_rearm_50ms_heartbeat	private_helper	timer0	src/dlcp_fw/asm/dlcp_main_v34.asm helper loads TMR0H/TMR0L with 0xA471, clears T0IF, enables T0IE/TMR0ON, and returns the low preload byte for the approximately 50 ms heartbeat	emitted	current_batch_boot_volume_timer0
main_timer_service_48a6_low_window	timer0_rearm_50ms_low_window_trampoline	private_helper	timer0	src/dlcp_fw/asm/dlcp_main_v34.asm low-address trampoline is called from HID and command-dispatch paths and immediately jumps to the Timer0 50 ms heartbeat rearm helper	emitted	current_batch_boot_volume_timer0
main_uart_service_1be6	uart_link_parser_drain_rx_and_forward	private_helper	uart_link	src/dlcp_fw/asm/dlcp_main_v34.asm routine comment and body show it drains the native RX ring, parses 3-byte route/cmd/data frames, forwards non-addressed bytes downstream, and dispatches addressed commands	emitted	current_batch_uart_mute_entry
flow_main_uart_service_1be6_1cc2	uart_link_parser__stage_zero_mute_compare_value	local_label	uart_link	src/dlcp_fw/asm/dlcp_main_v34.asm local mute-refresh path stages W=0 immediately before the shared XOR compare against stock_005, preserving the literal compare value without address residue	emitted	current_batch_uart_mute_entry
flow_main_uart_service_1be6_1cc8	uart_link_parser__mark_mute_refresh_dirty	local_label	uart_link	src/dlcp_fw/asm/dlcp_main_v34.asm after the mute desired-vs-shadow XOR compare leaves Z clear, this label sets event_flags bit5 to request a DSP mute refresh	emitted	current_batch_uart_mute_entry
flow_main_uart_service_1be6_1cca	uart_link_parser__sync_mute_shadow	local_label	uart_link	src/dlcp_fw/asm/dlcp_main_v34.asm convergence path updates active_flags bit5 to match current user mute bit4 before returning through the UART parser handler tail	emitted	current_batch_uart_mute_entry
main_i2c_service_381c	preset_table_apply_entry_legacy_blocking	private_helper	preset	src/dlcp_fw/asm/dlcp_main_v34.asm legacy synchronous preset-table apply wrapper calls preset_table_apply_entry_core, applies one TAS3108 table row, and converts bounded wait failures into advertised I2C recovery paths	emitted	current_batch_preset_i2c_legacy_apply
flow_main_i2c_service_381c_38a0	preset_table_apply_entry_legacy__success_return	local_label	preset	src/dlcp_fw/asm/dlcp_main_v34.asm carry-clear return from preset_table_apply_entry_core falls through to this label and returns to the legacy caller without recovery	emitted	current_batch_preset_i2c_legacy_apply
main_i2c_service_381c_timeout	preset_table_apply_entry_legacy__timeout_recover	local_label	preset	src/dlcp_fw/asm/dlcp_main_v34.asm carry-set failure with stock_00D bit0 clear branches here and jumps to the generic i2c_timeout_recover_advertise path	emitted	current_batch_preset_i2c_legacy_apply
main_i2c_service_381c_pen_timeout	preset_table_apply_entry_legacy__pen_timeout_recover	local_label	preset	src/dlcp_fw/asm/dlcp_main_v34.asm preset_table_apply_entry_core sets stock_00D bit0 only for wait_pen_bounded timeout, and this branch jumps to i2c_pen_timeout_recover_advertise	emitted	current_batch_preset_i2c_legacy_apply
flow_i2c_byte_tx_sspif	i2c_byte_tx__wait_sspif_slave_mode	local_label	i2c_tas3108	src/dlcp_fw/asm/dlcp_main_v34.asm non-master mode path sets SSPCON1.CKP then waits through wait_sspif_bounded before returning SSPSTAT or timing out	emitted	current_batch_i2c_byte_tx_locals
flow_i2c_byte_tx_master	i2c_byte_tx__recheck_master_mode	local_label	i2c_tas3108	src/dlcp_fw/asm/dlcp_main_v34.asm master-mode branch rechecks SSPCON1 low mode nibble for 0x08 or 0x0B before entering the BF wait path	emitted	current_batch_i2c_byte_tx_locals
flow_i2c_byte_tx_bf	i2c_byte_tx__wait_bf_clear_master	local_label	i2c_tas3108	src/dlcp_fw/asm/dlcp_main_v34.asm V3.1 master transmit path waits for BF clear with wait_bf_clear_bounded, then waits for bus idle and samples ACKSTAT	emitted	current_batch_i2c_byte_tx_locals
flow_i2c_byte_tx_was_ack	i2c_byte_tx__ack_received_restore_bsr	local_label	i2c_tas3108	src/dlcp_fw/asm/dlcp_main_v34.asm ACKSTAT clear path skips fault latching and restores the caller BSR before returning SSPCON2 in W	emitted	current_batch_i2c_byte_tx_locals
flow_i2c_byte_tx_exit	i2c_byte_tx__return	local_label	i2c_tas3108	src/dlcp_fw/asm/dlcp_main_v34.asm common local return target for normal slave/master exits and bounded BF failure without recovery branch	emitted	current_batch_i2c_byte_tx_locals
flow_i2c_byte_tx_timeout	i2c_byte_tx__timeout_recover	local_label	i2c_tas3108	src/dlcp_fw/asm/dlcp_main_v34.asm WCOL or bounded SSPIF wait timeout jumps here to route through i2c_timeout_recover_advertise	emitted	current_batch_i2c_byte_tx_locals
flow_hw_standby_shutdown_3c34	hw_standby_shutdown__select_master_baud	local_label	power	src/dlcp_fw/asm/dlcp_main_v34.asm PORTC.RC2 clear branch clears LATB bit2 and calls uart_baud_31250_prefix, matching the documented master-role protocol baud selection	emitted	current_batch_standby_shutdown_locals
flow_hw_standby_shutdown_3c3e	hw_standby_shutdown__drop_outputs_after_baud_select	local_label	power	src/dlcp_fw/asm/dlcp_main_v34.asm chain-role and master-role baud branches converge here before dropping LATB4 and LATA audio/source pins	emitted	current_batch_standby_shutdown_locals
flow_hw_standby_shutdown_3c58	hw_standby_shutdown__rail_discharge_pulse_loop	local_label	power	src/dlcp_fw/asm/dlcp_main_v34.asm rail-threshold path toggles secondary device register 0x1C with 250 ms Timer3 delays for four iterations to discharge rails before standby	emitted	current_batch_standby_shutdown_locals
flow_hw_standby_shutdown_3c78	hw_standby_shutdown__stop_timer0_and_usb	local_label	power	src/dlcp_fw/asm/dlcp_main_v34.asm final standby tail drops LATB3, stops Timer0, masks T0IE, and jumps to usb_shutdown	emitted	current_batch_standby_shutdown_locals
flow_main_isr_dispatch_3b58	main_isr_dispatch__stop_timer3_hold_countdown	local_label	isr	src/dlcp_fw/asm/dlcp_main_v34.asm Timer3 interrupt path branches here when preset_hold_timer_hi/lo reaches zero; it stops T3CON and masks Timer3 interrupt enable until the next preset job	emitted	current_batch_isr_locals
flow_main_isr_dispatch_3b8c	main_isr_dispatch__restore_fsr2_and_return	local_label	isr	src/dlcp_fw/asm/dlcp_main_v34.asm common ISR exit restores FSR2H/FSR2L from vector-entry spill slots and returns through retfie FAST=1	emitted	current_batch_isr_locals
flow_main_flash_service_3ce8_3d4e	boot_cold_init__clear_ram_and_runtime_state	local_label	boot	src/dlcp_fw/asm/dlcp_main_v34.asm reset target at 0x1014 jumps here; comments and body clear usable RAM banks plus V3.2/V3.4 diagnostic/runtime ranges before reset-cause classification	emitted	current_batch_boot_cold_init_tail
flow_main_flash_service_3ce8_3d96	boot_cold_init__copy_fw_update_status_text_seed	local_label	boot	src/dlcp_fw/asm/dlcp_main_v34.asm cold-init loop copies inline_data_table_47E6 firmware-update status text seed bytes through TBLRD into the bank-1 seed buffer until FSR1L reaches zero	emitted	current_batch_boot_cold_init_tail
flow_i2c_wait_bus_idle_48c6	boot_cold_init__run_peripheral_init	local_label	boot	src/dlcp_fw/asm/dlcp_main_v34.asm branch alias after cold-init text copy calls the already-ledgered boot_init_peripherals_and_enter_adc_gate routine before the top-level main_processing_loop window	emitted	current_batch_boot_cold_init_tail
main_flash_service_3ce8	fw_update_signature_status_word_helper	private_helper	flash	src/dlcp_fw/asm/dlcp_main_v34.asm helper entry checks the four-byte signature staged at RAM 0x003 via FSR2, writes a zero status pair for all-zero signatures, or decodes the nonzero status word used by firmware-update signature checks	emitted	current_batch_fw_update_signature_helper
flow_main_flash_service_3ce8_3d04	fw_update_signature_status_word_helper__decode_nonzero_signature	local_label	flash	src/dlcp_fw/asm/dlcp_main_v34.asm nonzero-signature branch masks stock_006, builds a 16-bit status word at the stock_007 pointer, merges stock_005 bit7, applies the -0x7E adjustment, and normalizes status bits	emitted	current_batch_fw_update_signature_helper
flow_main_flash_service_3ce8_3d4c	fw_update_signature_status_word_helper__return	local_label	flash	src/dlcp_fw/asm/dlcp_main_v34.asm shared return target for both all-zero signature handling and decoded nonzero signature handling	emitted	current_batch_fw_update_signature_helper
main_i2c_service_48e2	i2c_tas3108_reg1f_02_clear_source_pins	private_helper	i2c_tas3108	src/dlcp_fw/asm/dlcp_main_v34.asm route-dispatch tail writes TAS3108 register 0x1F with fixed data 0x02 through i2c_tas3108_reg1f_write, then jumps to clear_lata_345 to clear LATA source-select pins	emitted	current_batch_tail_i2c_usb
flow_main_usb_service_490c_4918	usb_reinit_after_wake__clear_pending_and_poll_host	local_label	usb_ep0	src/dlcp_fw/asm/dlcp_main_v34.asm adc_boot_gate wake path jumps here; it disconnect-clears USB state if UCON.USBEN is still set, clears usb_reinit_pending, then branches into the host-presence reinit/shutdown poll	emitted	current_batch_tail_i2c_usb
flow_adc_boot_gate_2dbc	adc_boot_gate__check_rail_threshold	local_label	adc_rail	src/dlcp_fw/asm/dlcp_main_v34.asm rail-rise loop converges here after each 10 ms ADC poll; it compares cached AN0 rail sample stock_088:089 against threshold 0x0236 and exits the boot gate when carry indicates rail is up	emitted	current_batch_adc_boot_gate_local
flow_main_adc_service_4124_41ae	an0_hysteresis_monitor__reset_delay_counter	local_label	adc_rail	src/dlcp_fw/asm/dlcp_main_v34.asm AN0 hysteresis monitor converges here after inactive gate, ADC still busy, high-threshold/no-standby, or standby-trigger paths; it clears an0_delay_b0 before returning	emitted	current_batch_an0_hysteresis_locals
flow_main_adc_service_4124_41b2	an0_hysteresis_monitor__increment_delay_counter	local_label	adc_rail	src/dlcp_fw/asm/dlcp_main_v34.asm AN0 hysteresis monitor takes this path while an0_delay_b0 has not yet reached 0x64; it increments the delay counter before returning	emitted	current_batch_an0_hysteresis_locals
flow_main_adc_service_4124_41b4	an0_hysteresis_monitor__return	local_label	adc_rail	src/dlcp_fw/asm/dlcp_main_v34.asm common AN0 hysteresis monitor return path used when gate is inactive, after delay increment, or after delay reset	emitted	current_batch_an0_hysteresis_locals
main_usb_service_42f4	usb_ep0_service_setup_transaction	private_helper	usb_ep0	src/dlcp_fw/asm/dlcp_main_v34.asm SETUP PID path calls this after copying eight setup bytes into the stock_0CF setup packet staging area; it clears EP0 BDT/control state, clears UCON.PKTDIS, dispatches standard/vendor setup handlers, and arms the EP0 response path	emitted	current_batch_usb_ep0_setup_transaction
flow_main_usb_service_42f4_4308	usb_ep0_service_setup_transaction__check_odd_out_bd	local_label	usb_ep0	src/dlcp_fw/asm/dlcp_main_v34.asm after clearing EP0 IN status and optional EP0 OUT even OWN state, this branch checks the EP0 OUT odd BDT OWN bit before resetting the next-OUT toggle	emitted	current_batch_usb_ep0_setup_transaction
flow_main_usb_service_42f4_4316	usb_ep0_service_setup_transaction__clear_control_state_and_dispatch	local_label	usb_ep0	src/dlcp_fw/asm/dlcp_main_v34.asm common setup-service tail clears EP0 transfer counters and descriptor length state, clears UCON.PKTDIS, calls standard setup dispatch and descriptor staging, then arms the EP0 response	emitted	current_batch_usb_ep0_setup_transaction
main_core_service_30d8	float32_pack_mantissa_exponent_sign	private_helper	dsp_coeff_math	src/dlcp_fw/asm/dlcp_main_v34.asm normalizes a 32-bit mantissa in stock_003..006 using exponent stock_007 and sign flag stock_008; it shifts right or left until normalized, merges exponent bits into the high byte, applies sign bit7, and clears guard bytes	emitted	current_batch_float32_conversion_helpers
main_core_service_30d8_with_save	float32_pack_mantissa_exponent_sign_and_save	private_helper	dsp_coeff_math	src/dlcp_fw/asm/dlcp_main_v34.asm wrapper calls the float32 packer then copies the four-byte packed result from stock_003..006 to stock_00D..010 for callers that need the saved coefficient word	emitted	current_batch_float32_conversion_helpers
main_core_service_3e0a	int32_to_float32_and_save	private_helper	dsp_coeff_math	src/dlcp_fw/asm/dlcp_main_v34.asm converts a signed 32-bit value in stock_00D..010 to a saved float32 word by testing the signed high byte, negating negative magnitudes, setting a sign flag, loading exponent 0x96, and tail-calling the pack-and-save wrapper	emitted	current_batch_float32_conversion_helpers
flow_main_core_service_3e0a_3e24	int32_to_float32_and_save__maybe_negate_magnitude	local_label	dsp_coeff_math	src/dlcp_fw/asm/dlcp_main_v34.asm branch target after signed high-byte and zero-extension checks; negative values fall through here to two's-complement the magnitude and set the sign flag before packing	emitted	current_batch_float32_conversion_helpers
flow_main_core_service_3e0a_3e3a	int32_to_float32_and_save__pack_result	local_label	dsp_coeff_math	src/dlcp_fw/asm/dlcp_main_v34.asm common path after optional signed-magnitude conversion copies the 32-bit magnitude to the packer inputs, loads exponent 0x96, transfers the sign flag, and enters the float32 pack-and-save wrapper	emitted	current_batch_float32_conversion_helpers
main_core_service_45ce	uint8_to_float32_and_save	private_helper	dsp_coeff_math	src/dlcp_fw/asm/dlcp_main_v34.asm stages W as an unsigned byte mantissa with zero high bytes, exponent 0x96, and clear sign before tail-calling the float32 pack-and-save wrapper; used by coefficient staging for non-special table bytes	emitted	current_batch_float32_conversion_helpers
main_core_service_34c8	format_uint16_radix_ascii_to_w_pointer	private_helper	numeric_format	src/dlcp_fw/asm/dlcp_main_v34.asm formats a staged unsigned 16-bit value by repeatedly dividing stock_00E:00F by the staged radix in timeout_hi:saved_w, terminates the output buffer, computes remainders, maps digits to ASCII, and stores them backward from the W-supplied pointer	emitted	current_batch_numeric_ascii_formatters
flow_main_core_service_34c8_34d4	format_uint16_radix_ascii_to_w_pointer__count_digits	local_label	numeric_format	src/dlcp_fw/asm/dlcp_main_v34.asm first loop repeatedly divides the working value by the staged radix and advances stock_011 until the quotient becomes zero, establishing the NUL terminator and final digit position	emitted	current_batch_numeric_ascii_formatters
flow_main_core_service_34c8_3504	format_uint16_radix_ascii_to_w_pointer__emit_next_digit	local_label	numeric_format	src/dlcp_fw/asm/dlcp_main_v34.asm digit-emission loop computes the remainder with adc_remainder_staged_words, divides the value by the staged radix for the next pass, then stores one ASCII digit while walking the output pointer backward	emitted	current_batch_numeric_ascii_formatters
flow_main_core_service_34c8_3542	format_uint16_radix_ascii_to_w_pointer__store_ascii_digit	local_label	numeric_format	src/dlcp_fw/asm/dlcp_main_v34.asm common digit mapping path adds ASCII 0x30 after the optional +7 adjustment for digits above 9, stores the byte through FSR2, and decrements the output pointer	emitted	current_batch_numeric_ascii_formatters
main_core_service_41b6	format_int16_decimal_ascii_to_w_pointer	private_helper	numeric_format	src/dlcp_fw/asm/dlcp_main_v34.asm signed decimal wrapper used by firmware-update status output; W supplies the output pointer, stock_012:013 is tested for sign, negative inputs get '-' stored and are negated, then the magnitude is passed to the radix formatter with radix 10 staged by the caller	emitted	current_batch_numeric_ascii_formatters
flow_main_core_service_41b6_41e4	format_int16_decimal_ascii_to_w_pointer__format_magnitude	local_label	numeric_format	src/dlcp_fw/asm/dlcp_main_v34.asm common path after optional minus-sign emission and two's-complement negation copies the magnitude to the formatter scratch area, passes the updated output pointer in W, and returns the original W pointer saved in stock_016	emitted	current_batch_numeric_ascii_formatters
main_usb_service_2f4e	usb_sie_endpoint_pump	private_helper	usb_ep0	src/dlcp_fw/asm/dlcp_main_v34.asm top-level main_processing_loop calls this as the USB SIE endpoint pump; it polls host presence, handles activity/reset/idle interrupts, scans UIR.TRNIF transactions, copies EP0 SETUP packets, and dispatches EP0 IN service	emitted	current_batch_usb_sie_endpoint_pump
flow_main_usb_service_2f4e_2f58	usb_sie_endpoint_pump__service_enabled_state	local_label	usb_ep0	src/dlcp_fw/asm/dlcp_main_v34.asm active USB-device-state path services UIR activity and reset interrupts, then proceeds toward idle/TRNIF handling unless suspend is active	emitted	current_batch_usb_sie_endpoint_pump
main_usb_service_4720_done	usb_sie_endpoint_pump__idle_interrupt_done	local_label	usb_ep0	src/dlcp_fw/asm/dlcp_main_v34.asm continuation after optional UIR.IDLEIF handling; the idle path masks UIE to activity-only, clears idle, sets suspend, toggles PIE2 USB interrupt enable, restores UIE, then falls through here	emitted	current_batch_usb_sie_endpoint_pump
flow_main_usb_service_2f4e_2f78	usb_sie_endpoint_pump__poll_transaction_flag	local_label	usb_ep0	src/dlcp_fw/asm/dlcp_main_v34.asm bounded transaction scan loop tests UIR.TRNIF, exits when no transaction is pending, or reads USTAT and dispatches the token when pending	emitted	current_batch_usb_sie_endpoint_pump
flow_main_usb_service_2f4e_2f9c	usb_sie_endpoint_pump__select_ep0_out_bd	local_label	usb_ep0	src/dlcp_fw/asm/dlcp_main_v34.asm EP0 OUT transaction path stores the selected even or odd BDT base in stock_07A:07B after USTAT masked endpoint bits are zero	emitted	current_batch_usb_sie_endpoint_pump
flow_main_usb_service_2f4e_2fb6	usb_sie_endpoint_pump__copy_setup_packet_byte	local_label	usb_ep0	src/dlcp_fw/asm/dlcp_main_v34.asm SETUP-token loop uses the selected EP0 OUT BDT buffer pointer to copy eight setup bytes into the stock_0CF setup packet staging area before calling the setup transaction service	emitted	current_batch_usb_sie_endpoint_pump
flow_main_usb_service_2f4e_2ffe	usb_sie_endpoint_pump__service_ep0_in_token_if_selected	local_label	usb_ep0	src/dlcp_fw/asm/dlcp_main_v34.asm nonzero masked-USTAT path clears TRNIF and calls the already-ledgered EP0 IN transaction service only when USTAT equals the EP0 IN token selector 0x04	emitted	current_batch_usb_sie_endpoint_pump
flow_main_usb_service_2f4e_300e	usb_sie_endpoint_pump__advance_transaction_scan	local_label	usb_ep0	src/dlcp_fw/asm/dlcp_main_v34.asm common path after SETUP, EP0 IN, or ignored transaction increments the bounded transaction scan counter and loops back while at most four TRNIF entries are serviced	emitted	current_batch_usb_sie_endpoint_pump
flow_main_usb_service_2f4e_3018	usb_sie_endpoint_pump__return	local_label	usb_ep0	src/dlcp_fw/asm/dlcp_main_v34.asm common return for inactive USB device state, suspend-active exit, no TRNIF pending, or completed bounded transaction scan	emitted	current_batch_usb_sie_endpoint_pump
flow_main_core_service_30d8_30e6	float32_pack_mantissa_exponent_sign__clear_zero_result	local_label	dsp_coeff_math	src/dlcp_fw/asm/dlcp_main_v34.asm zero-input path reached when exponent is zero or the staged mantissa stock_003..006 is all zero; it clears the four result bytes before returning	emitted	current_batch_float32_packer_locals
flow_main_core_service_30d8_30f0	float32_pack_mantissa_exponent_sign__shift_right_increment_exponent	local_label	dsp_coeff_math	src/dlcp_fw/asm/dlcp_main_v34.asm right-normalization path increments exponent stock_007 and calls the 32-bit right-shift helper while high guard bits remain set	emitted	current_batch_float32_packer_locals
flow_main_core_service_30d8_30f4	float32_pack_mantissa_exponent_sign__trim_high_guard_bits	local_label	dsp_coeff_math	src/dlcp_fw/asm/dlcp_main_v34.asm tests stock_006 with mask 0xFE and loops through the right-shift/increment-exponent path until only the low guard bit can remain	emitted	current_batch_float32_packer_locals
flow_main_core_service_30d8_310c	float32_pack_mantissa_exponent_sign__round_guard_and_shift_right	local_label	dsp_coeff_math	src/dlcp_fw/asm/dlcp_main_v34.asm guard-rounding path increments exponent and the low mantissa byte, propagates carry through stock_004..006, then shifts the 32-bit mantissa right	emitted	current_batch_float32_packer_locals
flow_main_core_service_30d8_311a	float32_pack_mantissa_exponent_sign__check_guard_byte	local_label	dsp_coeff_math	src/dlcp_fw/asm/dlcp_main_v34.asm after high guard-bit trimming, this path tests stock_006 and enters guard rounding when the remaining guard byte is nonzero, otherwise it proceeds to left normalization	emitted	current_batch_float32_packer_locals
flow_main_core_service_30d8_3130	float32_pack_mantissa_exponent_sign__shift_left_decrement_exponent	local_label	dsp_coeff_math	src/dlcp_fw/asm/dlcp_main_v34.asm left-normalization path decrements exponent stock_007 and shifts stock_003..006 left until the mantissa reaches the target MSB position	emitted	current_batch_float32_packer_locals
flow_main_core_service_30d8_313c	float32_pack_mantissa_exponent_sign__normalize_left_to_mantissa_msb	local_label	dsp_coeff_math	src/dlcp_fw/asm/dlcp_main_v34.asm tests stock_005 bit7 and loops through the left-shift/decrement-exponent path until the mantissa MSB is positioned for final packing	emitted	current_batch_float32_packer_locals
flow_main_core_service_30d8_3148	float32_pack_mantissa_exponent_sign__merge_exponent_and_sign_bits	local_label	dsp_coeff_math	src/dlcp_fw/asm/dlcp_main_v34.asm final pack path rotates exponent stock_007 right, ORs the shifted exponent bits into stock_006, clears guard bytes, and applies sign bit7 when stock_008 is nonzero	emitted	current_batch_float32_packer_locals
flow_main_core_service_30d8_3186	float32_pack_mantissa_exponent_sign__return	local_label	dsp_coeff_math	src/dlcp_fw/asm/dlcp_main_v34.asm common return target for zero-result and fully packed float32 coefficient paths	emitted	current_batch_float32_packer_locals
main_core_service_3188	shift_003_006_right_clear_c	private_helper	core_math	src/dlcp_fw/asm/dlcp_main_v34.asm helper clears carry then rotates stock_006, stock_005, stock_004, and stock_003 right through carry; used by flash_write scaling and the float32 packer right-normalization paths, matching the existing shift_003_006_left_clear_c helper style	emitted	current_batch_core_shift_helper
flow_main_core_service_3188_3194	usb_ep0_dispatch_hid_setup_request	private_helper	usb_ep0	src/dlcp_fw/asm/dlcp_main_v34.asm setup transaction service calls this after standard setup dispatch; it handles interface-recipient HID GET_DESCRIPTOR requests and HID class GET/SET IDLE/PROTOCOL requests using staged setup bytes stock_0CF..0D3	emitted	current_batch_usb_hid_setup_dispatch
flow_main_core_service_3188_31aa	usb_ep0_dispatch_hid_setup_request__stage_hid_descriptor	local_label	usb_ep0	src/dlcp_fw/asm/dlcp_main_v34.asm HID GET_DESCRIPTOR type 0x21 path stages usb_hid_descriptor pointer, clears high remaining length, and sets length 0x09	emitted	current_batch_usb_hid_setup_dispatch
flow_main_core_service_3188_31bc	usb_ep0_dispatch_hid_setup_request__handle_report_descriptor_request	local_label	usb_ep0	src/dlcp_fw/asm/dlcp_main_v34.asm HID GET_DESCRIPTOR report type 0x22 path marks a control data stage and, when current configuration is one, stages usb_hid_report_descriptor pointer	emitted	current_batch_usb_hid_setup_dispatch
flow_main_core_service_3188_31cc	usb_ep0_dispatch_hid_setup_request__maybe_set_report_descriptor_length	local_label	usb_ep0	src/dlcp_fw/asm/dlcp_main_v34.asm report-descriptor path checks current USB configuration again and only sets the 0x1D report descriptor length when configuration one is active	emitted	current_batch_usb_hid_setup_dispatch
flow_main_core_service_3188_31d4	usb_ep0_dispatch_hid_setup_request__store_descriptor_length	local_label	usb_ep0	src/dlcp_fw/asm/dlcp_main_v34.asm common HID descriptor length store writes W into usb_ep0_transfer_remaining_lo before marking the table-source data path	emitted	current_batch_usb_hid_setup_dispatch
flow_main_core_service_3188_31d8	usb_ep0_dispatch_hid_setup_request__decode_get_descriptor_type	local_label	usb_ep0	src/dlcp_fw/asm/dlcp_main_v34.asm GET_DESCRIPTOR branch decodes setup wValue high byte for HID descriptor type 0x21 and report descriptor type 0x22	emitted	current_batch_usb_hid_setup_dispatch
flow_main_core_service_3188_31e4	usb_ep0_dispatch_hid_setup_request__set_table_source_flag	local_label	usb_ep0	src/dlcp_fw/asm/dlcp_main_v34.asm descriptor handling convergence sets usb_ep0_control_flags bit1 so the EP0 IN data stage reads from descriptor/table source rather than low-page RAM source	emitted	current_batch_usb_hid_setup_dispatch
flow_main_core_service_3188_31e6	usb_ep0_dispatch_hid_setup_request__decode_class_request_type	local_label	usb_ep0	src/dlcp_fw/asm/dlcp_main_v34.asm non-GET_DESCRIPTOR continuation decodes bmRequestType request-type bits and only enters HID class request-code dispatch when the class type value is selected	emitted	current_batch_usb_hid_setup_dispatch
flow_main_core_service_3188_3200	usb_ep0_dispatch_hid_setup_request__stage_get_idle_reply	local_label	usb_ep0	src/dlcp_fw/asm/dlcp_main_v34.asm HID class GET_IDLE path marks a two-stage control transfer and stages one byte from low-page RAM offset 0xEA via usb_stage_lowpage_descriptor_dirty_w	emitted	current_batch_usb_hid_setup_dispatch
flow_main_core_service_3188_3212	usb_ep0_dispatch_hid_setup_request__store_set_idle_duration	local_label	usb_ep0	src/dlcp_fw/asm/dlcp_main_v34.asm HID class SET_IDLE path marks a control data stage and stores setup wValue high byte into stock_0EA as the idle duration byte	emitted	current_batch_usb_hid_setup_dispatch
flow_main_core_service_3188_321c	usb_ep0_dispatch_hid_setup_request__stage_get_protocol_reply	local_label	usb_ep0	src/dlcp_fw/asm/dlcp_main_v34.asm HID class GET_PROTOCOL path marks a two-stage control transfer and stages one byte from low-page RAM offset 0xE9 via usb_stage_lowpage_descriptor_dirty_w	emitted	current_batch_usb_hid_setup_dispatch
flow_main_core_service_3188_3226	usb_ep0_dispatch_hid_setup_request__store_set_protocol_value	local_label	usb_ep0	src/dlcp_fw/asm/dlcp_main_v34.asm HID class SET_PROTOCOL path marks a control data stage and stores setup wValue low byte into stock_0E9 as the protocol selector byte	emitted	current_batch_usb_hid_setup_dispatch
flow_main_core_service_3188_3230	usb_ep0_dispatch_hid_setup_request__decode_class_request_code	local_label	usb_ep0	src/dlcp_fw/asm/dlcp_main_v34.asm HID class request dispatch decodes bRequest values for GET_IDLE, GET_PROTOCOL, SET_IDLE, and SET_PROTOCOL while unsupported GET_REPORT/SET_REPORT cases fall through to return	emitted	current_batch_usb_hid_setup_dispatch
flow_main_core_service_3188_324a	usb_ep0_dispatch_hid_setup_request__return	local_label	usb_ep0	src/dlcp_fw/asm/dlcp_main_v34.asm common return path for unsupported HID setup cases and SET_IDLE/SET_PROTOCOL stores that do not need immediate IN data staging	emitted	current_batch_usb_hid_setup_dispatch
flow_main_core_service_3188_324c	usb_ep0_arm_control_transfer_response	private_helper	usb_ep0	src/dlcp_fw/asm/dlcp_main_v34.asm setup transaction tail enters here after standard and HID setup decode; it chooses no-data status, device-to-host IN data, or host-to-device OUT/status handling and arms the required EP0 BDs	emitted	current_batch_usb_ep0_control_response_arm
flow_main_core_service_3188_3278	usb_ep0_arm_control_transfer_response__dispatch_by_direction	local_label	usb_ep0	src/dlcp_fw/asm/dlcp_main_v34.asm nonzero staged-control-transfer path tests bmRequestType bit7 to choose device-to-host IN data handling or host-to-device OUT/status handling	emitted	current_batch_usb_ep0_control_response_arm
flow_main_core_service_3188_3292	usb_ep0_arm_control_transfer_response__stage_in_data_packet	local_label	usb_ep0	src/dlcp_fw/asm/dlcp_main_v34.asm device-to-host path clips staged remaining length to setup wLength, calls usb_ep0_stage_in_data_packet, arms both EP0 OUT ping-pong BDs, and prepares the EP0 IN BD buffer address	emitted	current_batch_usb_ep0_control_response_arm
flow_main_core_service_3188_32b4	usb_ep0_arm_control_transfer_response__handle_host_to_device_stage	local_label	usb_ep0	src/dlcp_fw/asm/dlcp_main_v34.asm host-to-device path marks the OUT/status data-toggle state, selects an OUT BDT template status, and switches to status-stage template 0x48 when setup wLength is zero	emitted	current_batch_usb_ep0_control_response_arm
flow_main_core_service_3188_32cc	usb_ep0_arm_control_transfer_response__arm_next_out_stage	local_label	usb_ep0	src/dlcp_fw/asm/dlcp_main_v34.asm host-to-device continuation arms the next EP0 OUT ping-pong BD with the selected template before checking whether a zero-length IN status packet is required	emitted	current_batch_usb_ep0_control_response_arm
flow_main_core_service_3188_32e6	usb_ep0_arm_control_transfer_response__maybe_arm_zero_length_in_status	local_label	usb_ep0	src/dlcp_fw/asm/dlcp_main_v34.asm after arming the OUT stage, this path checks setup wLength and skips EP0 IN arming when an OUT data stage is expected; zero-length requests continue to IN status arming	emitted	current_batch_usb_ep0_control_response_arm
flow_main_core_service_3188_32f0	usb_ep0_arm_control_transfer_response__arm_in_bd	local_label	usb_ep0	src/dlcp_fw/asm/dlcp_main_v34.asm common EP0 IN BD arming path writes status 0x48 and sets OWN for staged IN data or zero-length status packets	emitted	current_batch_usb_ep0_control_response_arm
flow_main_core_service_3188_32f6	usb_ep0_arm_control_transfer_response__return	local_label	usb_ep0	src/dlcp_fw/asm/dlcp_main_v34.asm common return after no-data status arming, device-to-host IN packet arming, host-to-device OUT stage arming, or skipped IN status packet	emitted	current_batch_usb_ep0_control_response_arm
repeat_w_main_core_service_30cc	shift_029_02c_right_w_minus_one	private_helper	core_math	src/dlcp_fw/asm/dlcp_main_v34.asm helper enters at the decfsz check and rotates stock_02C..029 right with carry cleared for W-1 passes; main_core_service_301a calls it with W=0x18 and W=0x20 to extract packed coefficient fields	emitted	current_batch_shift_029_02c_helper
repeat_w_main_core_service_30cc_loop	shift_029_02c_right_w_minus_one__rotate_next_bit	local_label	core_math	src/dlcp_fw/asm/dlcp_main_v34.asm loop body clears carry then rotates stock_02C, stock_02B, stock_02A, and stock_029 right once before returning to the W countdown check	emitted	current_batch_shift_029_02c_helper
repeat_w_main_core_service_30cc_check	shift_029_02c_right_w_minus_one__check_remaining	local_label	core_math	src/dlcp_fw/asm/dlcp_main_v34.asm shared entry/check label decrements WREG and exits when the pre-shift countdown reaches zero, otherwise branches to the rotate-next-bit loop body	emitted	current_batch_shift_029_02c_helper
main_core_service_301a	float32_to_int32_in_place	private_helper	dsp_coeff_math	src/dlcp_fw/asm/dlcp_main_v34.asm converts a packed float32 coefficient in stock_025..028 into an in-place signed 32-bit integer by extracting exponent and sign, restoring the hidden mantissa bit, shifting by exponent delta, and applying two's complement when sign is set	emitted	current_batch_float32_to_int32
flow_main_core_service_301a_303c	float32_to_int32_in_place__clear_zero_or_out_of_range	local_label	dsp_coeff_math	src/dlcp_fw/asm/dlcp_main_v34.asm zero-result path clears stock_025..028 when extracted exponent is zero, negative exponent is below the supported right-shift range, or positive exponent exceeds the 31-bit left-shift range	emitted	current_batch_float32_to_int32
flow_main_core_service_301a_3046	float32_to_int32_in_place__unpack_sign_and_mantissa	local_label	dsp_coeff_math	src/dlcp_fw/asm/dlcp_main_v34.asm nonzero exponent path extracts sign into stock_02D, restores the hidden mantissa bit in stock_027, clears stock_028, and subtracts exponent bias constant 0x96 into stock_02E	emitted	current_batch_float32_to_int32
flow_main_core_service_301a_307e	float32_to_int32_in_place__shift_right_until_exponent_zero	local_label	dsp_coeff_math	src/dlcp_fw/asm/dlcp_main_v34.asm negative exponent-delta path repeatedly shifts stock_028..025 right with carry clear and increments stock_02E until the right-shift count reaches zero	emitted	current_batch_float32_to_int32
flow_main_core_service_301a_308e	float32_to_int32_in_place__check_left_shift_range	local_label	dsp_coeff_math	src/dlcp_fw/asm/dlcp_main_v34.asm nonnegative exponent-delta path compares stock_02E against 0x1F to allow left-shift conversion or clear the result on overflow	emitted	current_batch_float32_to_int32
flow_main_core_service_301a_3096	float32_to_int32_in_place__shift_left_next_bit	local_label	dsp_coeff_math	src/dlcp_fw/asm/dlcp_main_v34.asm left-shift loop body shifts stock_025..028 left with carry clear and decrements stock_02E for each remaining exponent-delta bit	emitted	current_batch_float32_to_int32
flow_main_core_service_301a_30a2	float32_to_int32_in_place__shift_left_until_exponent_zero	local_label	dsp_coeff_math	src/dlcp_fw/asm/dlcp_main_v34.asm left-shift control path loops while stock_02E remains nonzero, otherwise falls through to sign application	emitted	current_batch_float32_to_int32
flow_main_core_service_301a_30a6	float32_to_int32_in_place__apply_sign_if_needed	local_label	dsp_coeff_math	src/dlcp_fw/asm/dlcp_main_v34.asm final sign path checks sign byte stock_02D and two's-complements stock_025..028 when the original float sign was set	emitted	current_batch_float32_to_int32
flow_main_core_service_301a_30ba	float32_to_int32_in_place__positive_result_ready	local_label	dsp_coeff_math	src/dlcp_fw/asm/dlcp_main_v34.asm positive-sign path skips two's-complement adjustment and falls through to the common return with stock_025..028 already holding the magnitude	emitted	current_batch_float32_to_int32
flow_main_core_service_301a_30ca	float32_to_int32_in_place__return	local_label	dsp_coeff_math	src/dlcp_fw/asm/dlcp_main_v34.asm common return for zero, positive, and sign-adjusted converted integer results	emitted	current_batch_float32_to_int32
main_core_service_3398	truncate_float32_to_integral_float_in_place	private_helper	dsp_coeff_math	src/dlcp_fw/asm/dlcp_main_v34.asm stages stock_02F..032 through the exponent extraction helper, clears negative exponent magnitudes to zero, leaves exponent values >= 0x1D unchanged, and otherwise converts through float32_to_int32_in_place plus int32_to_float32_and_save	emitted	current_batch_float32_integral_truncation
flow_main_core_service_3398_33cc	truncate_float32_to_integral_float_in_place__check_already_integral_range	local_label	dsp_coeff_math	src/dlcp_fw/asm/dlcp_main_v34.asm nonnegative extracted exponent path compares stock_038..037 against 0x001D so already-integral wide magnitudes can return unchanged while smaller values are converted through int32	emitted	current_batch_float32_integral_truncation
flow_main_core_service_3398_33e8	truncate_float32_to_integral_float_in_place__convert_through_int32	local_label	dsp_coeff_math	src/dlcp_fw/asm/dlcp_main_v34.asm middle exponent range copies stock_02F..032 into the float32_to_int32 input window, copies the int32 result into stock_00D..010, calls int32_to_float32_and_save, and copies the packed result back to stock_02F..032	emitted	current_batch_float32_integral_truncation
flow_main_core_service_3398_3430	truncate_float32_to_integral_float_in_place__return	local_label	dsp_coeff_math	src/dlcp_fw/asm/dlcp_main_v34.asm common return for subunit-zeroed, already-integral pass-through, and int32-converted float32 results	emitted	current_batch_float32_integral_truncation
main_core_service_3ec4	float32_multiply_ram_window_by_staged_operand_in_place	private_helper	dsp_coeff_math	src/dlcp_fw/asm/dlcp_main_v34.asm W selects a 4-byte low-RAM float window copied into stock_012..015; staged operand stock_025..028 is copied to stock_016..019, main_core_service_2abc multiplies them, and the packed result is written back to the original W-selected window	emitted	current_batch_float32_window_wrappers
main_core_service_3f1e	float32_add_staged_operand_to_ram_window_in_place	private_helper	dsp_coeff_math	src/dlcp_fw/asm/dlcp_main_v34.asm W selects a 4-byte low-RAM float window copied into stock_020..023; staged operand stock_02F..032 is copied to stock_024..027, main_core_service_24c2 adds them, and the packed result is written back to the original W-selected window	emitted	current_batch_float32_window_wrappers
repeat_18_main_core_service_2bac	shift_01a_01d_right_23_clear_c	private_helper	dsp_coeff_math	src/dlcp_fw/asm/dlcp_main_v34.asm:3401-3412 loads 0x18 but branches to decfsz before the first rotate, so the rotate body runs 23 times; semantic review consensus confirmed 4/4; second-stage 16-agent review 2026-06-18 retained emitted status for reviewed 32-row set; no in-scope material issues found	emitted	semantic_review_consensus_2026_06_18
repeat_18_main_core_service_2bac_loop	shift_01a_01d_right_23_clear_c__rotate_next_bit	local_label	dsp_coeff_math	src/dlcp_fw/asm/dlcp_main_v34.asm:3401-3412 loads 0x18 then branches to decfsz before first rotate; loop body clears carry and rotates stock_01D..01A right for 23 iterations; ChatGPT 5.5 Pro audit high-confidence correction	emitted	chatgpt_pro_2026_06_19_shift_child_fix
repeat_18_main_core_service_2bac_check	shift_01a_01d_right_23_clear_c__check_remaining	local_label	dsp_coeff_math	src/dlcp_fw/asm/dlcp_main_v34.asm:3401-3412 check label pre-decrements WREG before first rotate, so countdown permits 23 rotate iterations; ChatGPT 5.5 Pro audit high-confidence correction	emitted	chatgpt_pro_2026_06_19_shift_child_fix
main_core_service_2abc	float32_multiply_primary_by_secondary_in_place	private_helper	dsp_coeff_math	src/dlcp_fw/asm/dlcp_main_v34.asm multiplies float32 primary operand stock_012..015 by secondary operand stock_016..019, clears output when either top byte is zero, combines exponent and sign, multiplies mantissas through stock_01F..022, then packs the result back to stock_012..015	emitted	current_batch_float32_multiply_core
flow_main_core_service_2abc_2ae0	float32_multiply_primary_by_secondary_in_place__unpack_secondary_top_byte	local_label	dsp_coeff_math	src/dlcp_fw/asm/dlcp_main_v34.asm primary top byte is nonzero, so this path copies secondary stock_016..019 into stock_01A..01D and uses the 24-bit right-shift helper to extract the secondary top byte into stock_024	emitted	current_batch_float32_multiply_core
flow_main_core_service_2abc_2b02	float32_multiply_primary_by_secondary_in_place__clear_zero_result	local_label	dsp_coeff_math	src/dlcp_fw/asm/dlcp_main_v34.asm zero-result path clears stock_012..015 when either operand top byte extracted by the 24-bit shift helper is zero	emitted	current_batch_float32_multiply_core
flow_main_core_service_2abc_2b0c	float32_multiply_primary_by_secondary_in_place__prepare_sign_exponent_and_mantissas	local_label	dsp_coeff_math	src/dlcp_fw/asm/dlcp_main_v34.asm nonzero operands path adds the exponent/top-byte terms, derives the sign from stock_015 xor stock_019 masked to bit7, restores hidden mantissa bits in stock_014 and stock_018, clears stock_019, and zeros the product accumulator	emitted	current_batch_float32_multiply_core
flow_main_core_service_2abc_2b30	float32_multiply_primary_by_secondary_in_place__multiply_low_mantissa_bits	local_label	dsp_coeff_math	src/dlcp_fw/asm/dlcp_main_v34.asm first mantissa loop tests stock_012 bit0, optionally adds shifted stock_016..019 into product accumulator stock_01F..022, then advances the multiplier and left-shifted multiplicand for seven low-bit passes	emitted	current_batch_float32_multiply_core
flow_main_core_service_2abc_2b38	float32_multiply_primary_by_secondary_in_place__shift_multiplier_and_multiplicand	local_label	dsp_coeff_math	src/dlcp_fw/asm/dlcp_main_v34.asm convergence point after optional low-loop add shifts the primary mantissa right via main_core_service_2b9e and shifts secondary mantissa stock_016..019 left before the low-loop countdown	emitted	current_batch_float32_multiply_core
flow_main_core_service_2abc_2b4a	float32_multiply_primary_by_secondary_in_place__multiply_high_mantissa_bits	local_label	dsp_coeff_math	src/dlcp_fw/asm/dlcp_main_v34.asm second mantissa loop tests the next primary mantissa bit, optionally adds shifted stock_016..019 into stock_01F..022, then advances multiplier and scaled product for seventeen high-bit passes	emitted	current_batch_float32_multiply_core
flow_main_core_service_2abc_2b52	float32_multiply_primary_by_secondary_in_place__shift_multiplier_and_product	local_label	dsp_coeff_math	src/dlcp_fw/asm/dlcp_main_v34.asm convergence point after optional high-loop add shifts the primary mantissa right and rotates product accumulator stock_022..01F right before the high-loop countdown	emitted	current_batch_float32_multiply_core
flow_main_core_service_2abc_2b8c	float32_multiply_primary_by_secondary_in_place__return	local_label	dsp_coeff_math	src/dlcp_fw/asm/dlcp_main_v34.asm common return after either zero-result clearing or packed multiply result copyback into stock_012..015	emitted	current_batch_float32_multiply_core
main_core_service_2b8e	add_shifted_multiplicand_to_product_accumulator	private_helper	dsp_coeff_math	src/dlcp_fw/asm/dlcp_main_v34.asm multiply helper adds W plus stock_017..019 with carry into product accumulator stock_01F..022, used only by the float32 multiply mantissa loops	emitted	current_batch_float32_multiply_core
main_core_service_2b9e	shift_multiplier_mantissa_right_clear_c	private_helper	dsp_coeff_math	src/dlcp_fw/asm/dlcp_main_v34.asm multiply helper clears carry, rotates primary mantissa window stock_015..012 right once, clears carry again for the following multiplicand or product shift, and is used only inside the float32 multiply loops	emitted	current_batch_float32_multiply_core
repeat_18_main_core_service_2650	shift_028_02b_right_23_clear_c	private_helper	dsp_coeff_math	src/dlcp_fw/asm/dlcp_main_v34.asm:2732-2743 loads 0x18 but branches to decfsz before the first rotate, so the rotate body runs 23 times; semantic review consensus confirmed 4/4; second-stage 16-agent review 2026-06-18 retained emitted status for reviewed 32-row set; no in-scope material issues found	emitted	semantic_review_consensus_2026_06_18
repeat_18_main_core_service_2650_loop	shift_028_02b_right_23_clear_c__rotate_next_bit	local_label	dsp_coeff_math	src/dlcp_fw/asm/dlcp_main_v34.asm:2732-2743 loads 0x18 then branches to decfsz before first rotate; loop body clears carry and rotates stock_02B..028 right for 23 iterations; ChatGPT 5.5 Pro audit high-confidence correction	emitted	chatgpt_pro_2026_06_19_shift_child_fix
repeat_18_main_core_service_2650_check	shift_028_02b_right_23_clear_c__check_remaining	local_label	dsp_coeff_math	src/dlcp_fw/asm/dlcp_main_v34.asm:2732-2743 check label pre-decrements WREG before first rotate, so countdown permits 23 rotate iterations; ChatGPT 5.5 Pro audit high-confidence correction	emitted	chatgpt_pro_2026_06_19_shift_child_fix
main_core_service_24c2	float32_add_secondary_to_primary_in_place	private_helper	dsp_coeff_math	src/dlcp_fw/asm/dlcp_main_v34.asm adds secondary float32 operand stock_024..027 into primary operand stock_020..023 by extracting top bytes, returning the dominant operand for zero or large exponent gaps, aligning mantissas, applying signs, adding, and packing the result back to stock_020..023	emitted	current_batch_float32_add_core
flow_main_core_service_24c2_2514	float32_add_secondary_to_primary_in_place__return_secondary_as_dominant_operand	local_label	dsp_coeff_math	src/dlcp_fw/asm/dlcp_main_v34.asm primary top byte zero or secondary top byte exceeds primary by at least the 0x21 cutoff, so the secondary operand stock_024..027 is copied directly to primary output stock_020..023	emitted	current_batch_float32_add_core
flow_main_core_service_24c2_2526	float32_add_secondary_to_primary_in_place__check_primary_dominant_or_zero_secondary	local_label	dsp_coeff_math	src/dlcp_fw/asm/dlcp_main_v34.asm continuation checks whether secondary top byte is zero or primary exceeds secondary by at least the 0x21 cutoff before deciding to return primary unchanged or align mantissas	emitted	current_batch_float32_add_core
flow_main_core_service_24c2_253c	float32_add_secondary_to_primary_in_place__return_primary_as_dominant_operand	local_label	dsp_coeff_math	src/dlcp_fw/asm/dlcp_main_v34.asm secondary top byte zero or primary top byte dominates beyond the cutoff, so primary stock_020..023 is left unchanged and control branches to the common return	emitted	current_batch_float32_add_core
flow_main_core_service_24c2_254e	float32_add_secondary_to_primary_in_place__prepare_signed_mantissas_for_aligned_add	local_label	dsp_coeff_math	src/dlcp_fw/asm/dlcp_main_v34.asm alignment path records primary and secondary sign bits in stock_02C, restores hidden mantissa bits in stock_022 and stock_026, clears top sign bytes, and seeds the alignment guard budget	emitted	current_batch_float32_add_core
flow_main_core_service_24c2_2568	float32_add_secondary_to_primary_in_place__left_shift_secondary_toward_primary_exponent	local_label	dsp_coeff_math	src/dlcp_fw/asm/dlcp_main_v34.asm secondary-higher path shifts secondary mantissa stock_024..027 left while decrementing secondary exponent stock_02D until it matches primary exponent or the guard budget boundary is reached	emitted	current_batch_float32_add_core
main_core_service_24c2_dec_mask_02c	float32_add_secondary_to_primary_in_place__decrement_alignment_guard_mod8	local_label	dsp_coeff_math	src/dlcp_fw/asm/dlcp_main_v34.asm local helper decrements stock_02C and returns its low three bits in stock_028 so the alignment loops can stop on the modulo-8 guard boundary without losing high sign flags	emitted	current_batch_float32_add_core
flow_main_core_service_24c2_2588	float32_add_secondary_to_primary_in_place__right_shift_primary_to_match_secondary	local_label	dsp_coeff_math	src/dlcp_fw/asm/dlcp_main_v34.asm after secondary-left alignment reaches the guard boundary, this loop right-shifts primary mantissa stock_023..020 and increments primary exponent stock_02E until the exponents match	emitted	current_batch_float32_add_core
flow_main_core_service_24c2_2594	float32_add_secondary_to_primary_in_place__finish_secondary_higher_alignment	local_label	dsp_coeff_math	src/dlcp_fw/asm/dlcp_main_v34.asm secondary-higher alignment convergence checks whether primary and secondary exponent bytes now match, otherwise continues right-shifting primary before sign application	emitted	current_batch_float32_add_core
flow_main_core_service_24c2_259c	float32_add_secondary_to_primary_in_place__check_primary_higher_alignment_needed	local_label	dsp_coeff_math	src/dlcp_fw/asm/dlcp_main_v34.asm primary-greater-or-equal path tests whether exponents already match and can proceed to sign application, otherwise enters primary-left alignment	emitted	current_batch_float32_add_core
flow_main_core_service_24c2_25a2	float32_add_secondary_to_primary_in_place__left_shift_primary_toward_secondary_exponent	local_label	dsp_coeff_math	src/dlcp_fw/asm/dlcp_main_v34.asm primary-higher path shifts primary mantissa stock_020..023 left while decrementing primary exponent stock_02E until it matches secondary exponent or the guard boundary is reached	emitted	current_batch_float32_add_core
flow_main_core_service_24c2_25c2	float32_add_secondary_to_primary_in_place__right_shift_secondary_to_match_primary	local_label	dsp_coeff_math	src/dlcp_fw/asm/dlcp_main_v34.asm after primary-left alignment reaches the guard boundary, this loop right-shifts secondary mantissa stock_027..024 and increments secondary exponent stock_02D until the exponents match	emitted	current_batch_float32_add_core
flow_main_core_service_24c2_25ce	float32_add_secondary_to_primary_in_place__finish_primary_higher_alignment	local_label	dsp_coeff_math	src/dlcp_fw/asm/dlcp_main_v34.asm primary-higher alignment convergence checks whether primary and secondary exponent bytes now match, otherwise continues right-shifting secondary before sign application	emitted	current_batch_float32_add_core
flow_main_core_service_24c2_25d4	float32_add_secondary_to_primary_in_place__apply_primary_sign_if_needed	local_label	dsp_coeff_math	src/dlcp_fw/asm/dlcp_main_v34.asm aligned-mantissa path tests the saved primary sign flag in stock_02C bit7 and two's-complements primary mantissa stock_020..023 before adding if the original primary operand was negative	emitted	current_batch_float32_add_core
flow_main_core_service_24c2_25ea	float32_add_secondary_to_primary_in_place__apply_secondary_sign_if_needed	local_label	dsp_coeff_math	src/dlcp_fw/asm/dlcp_main_v34.asm tests saved secondary sign flag stock_02C bit6 and two's-complements secondary mantissa stock_024..027 before the aligned mantissa add if the original secondary operand was negative	emitted	current_batch_float32_add_core
flow_main_core_service_24c2_25f2	float32_add_secondary_to_primary_in_place__add_aligned_signed_mantissas	local_label	dsp_coeff_math	src/dlcp_fw/asm/dlcp_main_v34.asm clears the sign accumulator and adds signed aligned primary mantissa stock_020..023 into secondary mantissa stock_024..027 with carry propagation	emitted	current_batch_float32_add_core
flow_main_core_service_24c2_2610	float32_add_secondary_to_primary_in_place__pack_sum_result	local_label	dsp_coeff_math	src/dlcp_fw/asm/dlcp_main_v34.asm packs mantissa stock_024..027 with exponent stock_02E and result sign stock_02C through float32_pack_mantissa_exponent_sign, then copies the packed result back to primary stock_020..023	emitted	current_batch_float32_add_core
flow_main_core_service_24c2_263c	float32_add_secondary_to_primary_in_place__return	local_label	dsp_coeff_math	src/dlcp_fw/asm/dlcp_main_v34.asm common return for secondary-dominant, primary-dominant, and packed aligned-add results	emitted	current_batch_float32_add_core
main_core_service_263e	twos_complement_024_027_after_low_byte_complement	private_helper	dsp_coeff_math	src/dlcp_fw/asm/dlcp_main_v34.asm helper completes two's-complement negation of stock_024..027 after the caller has already complemented low byte stock_024, then increments it and propagates carries through stock_025..027	emitted	current_batch_float32_add_core
main_core_service_265c	persist_dirty_runtime_state_to_eeprom	private_helper	eeprom_persist	src/dlcp_fw/asm/dlcp_main_v34.asm periodic-loop dirty-flag EEPROM persistence step gated by event_flags bit0; walks static record blocks, persists filter-window bytes 0x50..0x5E, optionally persists preset filename state, then clears the USB transaction gate and event flag	emitted	current_batch_eeprom_dirty_persist_dispatch
flow_main_core_service_265c_278c	persist_dirty_runtime_state_to_eeprom__check_filter_window_dirty	local_label	eeprom_persist	src/dlcp_fw/asm/dlcp_main_v34.asm after static EEPROM record blocks 0..3, this path tests filename_dirty_flags bit4 to decide whether the 0x50..0x5E filter-window byte loop must run	emitted	current_batch_eeprom_dirty_persist_dispatch
flow_main_core_service_265c_2794	persist_dirty_runtime_state_to_eeprom__persist_filter_window_byte	local_label	eeprom_persist	src/dlcp_fw/asm/dlcp_main_v34.asm filter-window loop copies bank1 RAM at offset stock_00A into stock_009 and calls main_flash_service_46de_low_window for EEPROM offsets 0x50 through 0x5E, then clears filename_dirty_flags bit4	emitted	current_batch_eeprom_dirty_persist_dispatch
flow_main_core_service_265c_27bc	persist_dirty_runtime_state_to_eeprom__check_filename_dirty	local_label	eeprom_persist	src/dlcp_fw/asm/dlcp_main_v34.asm after the filter-window path, this label tests filename_dirty_flags bit5 and calls preset_persist_filename only when the filename-persist tail is dirty	emitted	current_batch_eeprom_dirty_persist_dispatch
flow_main_core_service_265c_27ec	persist_dirty_runtime_state_to_eeprom__clear_filename_usb_transaction_gate	local_label	eeprom_persist	src/dlcp_fw/asm/dlcp_main_v34.asm convergence point after optional preset_persist_filename call; explicitly returns to bank0 and clears filename_dirty_flags bit6 plus event_flags bit0 so the USB filename transaction gate cannot stay locked	emitted	current_batch_eeprom_dirty_persist_dispatch
flow_main_core_service_265c_27ee	persist_dirty_runtime_state_to_eeprom__return	local_label	eeprom_persist	src/dlcp_fw/asm/dlcp_main_v34.asm common return after no dirty event, completed static-block flush, optional filter-window flush, optional filename persist, and transaction-gate cleanup	emitted	current_batch_eeprom_dirty_persist_dispatch
main_core_service_297e	float32_exp_limit1024_in_place	private_helper	dsp_coeff_math	src/dlcp_fw/asm/dlcp_main_v34.asm volume coefficient path calls this after scaling a computed volume float; routine divides stock_02F..032 by float32 1024.0, adds float32 1.0, then squares the accumulator ten times to approximate exp(x) by the limit form	emitted	current_batch_float32_exp_limit1024
flow_main_core_service_297e_apply_loop	float32_exp_limit1024_in_place__square_accumulator_next_pass	local_label	dsp_coeff_math	src/dlcp_fw/asm/dlcp_main_v34.asm loop stages the current stock_02F..032 accumulator as the multiply operand, calls the W-selected in-place float32 multiply wrapper for RAM window 0x2F, and repeats ten squaring passes from counter stock_011	emitted	current_batch_float32_exp_limit1024
repeat_18_main_core_service_2d80	shift_015_018_right_23_clear_c	private_helper	dsp_coeff_math	src/dlcp_fw/asm/dlcp_main_v34.asm:3617-3628 loads 0x18 but branches to decfsz before the first rotate, so the rotate body runs 23 times; semantic review consensus confirmed 4/4; second-stage 16-agent review 2026-06-18 retained emitted status for reviewed 32-row set; no in-scope material issues found	emitted	semantic_review_consensus_2026_06_18
repeat_18_main_core_service_2d80_loop	shift_015_018_right_23_clear_c__rotate_next_bit	local_label	dsp_coeff_math	src/dlcp_fw/asm/dlcp_main_v34.asm:3617-3628 loads 0x18 then branches to decfsz before first rotate; loop body clears carry and rotates stock_018..015 right for 23 iterations; ChatGPT 5.5 Pro audit high-confidence correction	emitted	chatgpt_pro_2026_06_19_shift_child_fix
repeat_18_main_core_service_2d80_check	shift_015_018_right_23_clear_c__check_remaining	local_label	dsp_coeff_math	src/dlcp_fw/asm/dlcp_main_v34.asm:3617-3628 check label pre-decrements WREG before first rotate, so countdown permits 23 rotate iterations; ChatGPT 5.5 Pro audit high-confidence correction	emitted	chatgpt_pro_2026_06_19_shift_child_fix
main_core_service_2ca8	float32_divide_primary_by_secondary_in_place	private_helper	dsp_coeff_math	src/dlcp_fw/asm/dlcp_main_v34.asm divides primary float32 stock_00D..010 by secondary float32 stock_011..014, clears the result when either top byte is zero, derives quotient exponent and sign, performs a 32-step mantissa division into stock_019..01C, and packs the quotient back through the float32 packer	emitted	current_batch_float32_divide_core
flow_main_core_service_2ca8_2ccc	float32_divide_primary_by_secondary_in_place__unpack_divisor_top_byte	local_label	dsp_coeff_math	src/dlcp_fw/asm/dlcp_main_v34.asm primary top byte is nonzero, so this path copies secondary stock_011..014 into the extraction window and shifts right 24 bits to place the divisor top byte in stock_015 then stock_01F	emitted	current_batch_float32_divide_core
flow_main_core_service_2ca8_2cee	float32_divide_primary_by_secondary_in_place__clear_zero_result	local_label	dsp_coeff_math	src/dlcp_fw/asm/dlcp_main_v34.asm zero-result path clears stock_00D..010 when either dividend or divisor top byte extracted by the 24-bit shift helper is zero	emitted	current_batch_float32_divide_core
flow_main_core_service_2ca8_2cf8	float32_divide_primary_by_secondary_in_place__prepare_sign_exponent_and_mantissas	local_label	dsp_coeff_math	src/dlcp_fw/asm/dlcp_main_v34.asm nonzero operands path computes quotient exponent from extracted top bytes, derives sign from stock_010 xor stock_014 masked to bit7, restores hidden mantissa bits in stock_00F and stock_013, clears sign/top bytes, and seeds the 32-step division counter	emitted	current_batch_float32_divide_core
flow_main_core_service_2ca8_2d16	float32_divide_primary_by_secondary_in_place__division_step_compare_subtract	local_label	dsp_coeff_math	src/dlcp_fw/asm/dlcp_main_v34.asm division loop shifts quotient accumulator stock_019..01C left, compares divisor mantissa stock_011..014 against remainder stock_00D..010, subtracts divisor when possible, and sets the low quotient bit	emitted	current_batch_float32_divide_core
flow_main_core_service_2ca8_2d44	float32_divide_primary_by_secondary_in_place__advance_remainder_next_bit	local_label	dsp_coeff_math	src/dlcp_fw/asm/dlcp_main_v34.asm convergence point after optional subtract clears carry, left-shifts remainder stock_00D..010 for the next division bit, decrements the 32-step counter, and loops until packing the quotient	emitted	current_batch_float32_divide_core
main_core_service_2328	stage_hid_ep1_in_report_from_selector	private_helper	usb_hid	src/dlcp_fw/asm/dlcp_main_v34.asm stages the HID EP1 IN buffer at bank1 0x15A from selector stock_0C1, dispatching selector-specific response payloads and clearing stock_0C1 when finished	emitted	current_batch_hid_ep1_selector_reply
flow_main_core_service_2328_232e	stage_hid_ep1_in_report_from_selector__stage_selector3_page2_block	local_label	usb_hid	src/dlcp_fw/asm/dlcp_main_v34.asm selector 3 copies selector argument stock_0C2 to HID IN byte 1, seeds index stock_003 at 2, and enters the page-2 payload copy loop	emitted	current_batch_hid_ep1_selector_reply
flow_main_core_service_2328_2336	stage_hid_ep1_in_report_from_selector__copy_selector3_payload_byte	local_label	usb_hid	src/dlcp_fw/asm/dlcp_main_v34.asm selector 3 loop builds an FSR2 source at page 2 offset 0xBE+index and copies bytes into HID IN offset 0x5A+index until index 0x1F	emitted	current_batch_hid_ep1_selector_reply
flow_main_core_service_2328_234a	stage_hid_ep1_in_report_from_selector__stage_selector4_opcode04_reply	local_label	usb_hid	src/dlcp_fw/asm/dlcp_main_v34.asm selector 4 stages opcode-04 subreply byte stock_0C2 into HID IN byte 1, handles mode 1 by copying hid opcode04 action/setup bytes, and checks for mode 2 payload staging	emitted	current_batch_hid_ep1_selector_reply
flow_main_core_service_2328_235c	stage_hid_ep1_in_report_from_selector__check_selector4_mode2	local_label	usb_hid	src/dlcp_fw/asm/dlcp_main_v34.asm selector 4 path compares stock_0C2 against mode 2 and either enters the mode-2 payload copy or finishes with the mode-1/default reply	emitted	current_batch_hid_ep1_selector_reply
flow_main_core_service_2328_2364	stage_hid_ep1_in_report_from_selector__stage_selector4_mode2_payload	local_label	usb_hid	src/dlcp_fw/asm/dlcp_main_v34.asm selector 4 mode 2 copies hid opcode04 payload mode into HID IN byte 4, seeds index stock_003 at 5, and enters the page-1 payload copy loop	emitted	current_batch_hid_ep1_selector_reply
flow_main_core_service_2328_236c	stage_hid_ep1_in_report_from_selector__copy_selector4_page1_payload_byte	local_label	usb_hid	src/dlcp_fw/asm/dlcp_main_v34.asm selector 4 mode-2 loop builds an FSR2 source at page 1 offset 0x00+index from 0xFB+index carry and copies bytes into HID IN offset 0x5A+index through index 0x13	emitted	current_batch_hid_ep1_selector_reply
flow_main_core_service_2328_2380	stage_hid_ep1_in_report_from_selector__stage_selector5_status_snapshot	local_label	usb_hid	src/dlcp_fw/asm/dlcp_main_v34.asm selector 5 stages status snapshot fields including route/input, computed volume bytes, mute flag, fanout status bits, channel source config bytes, setup profile, and volume trim into the HID IN buffer	emitted	current_batch_hid_ep1_selector_reply
flow_main_core_service_2328_240c	stage_hid_ep1_in_report_from_selector__stage_selector6_version_setup	local_label	usb_hid	src/dlcp_fw/asm/dlcp_main_v34.asm selector 6 stages version/setup response bytes including V3.4 identity, current input, setup byte, fixed numeric capability fields, and route-0 volume trim bytes into HID IN buffer	emitted	current_batch_hid_ep1_selector_reply
flow_main_core_service_2328_2460	stage_hid_ep1_in_report_from_selector__stage_selector7_to_12_echo	local_label	usb_hid	src/dlcp_fw/asm/dlcp_main_v34.asm selectors 7 through 12 copy HID OUT byte stock_11B into HID IN byte 1 as the stock-compatible echo response	emitted	current_batch_hid_ep1_selector_reply
flow_main_core_service_2328_2466	stage_hid_ep1_in_report_from_selector__stage_empty_reply	local_label	usb_hid	src/dlcp_fw/asm/dlcp_main_v34.asm default selector path clears HID IN bytes 1 through 4 for an empty response before converging on selector cleanup	emitted	current_batch_hid_ep1_selector_reply
flow_main_core_service_2328_2472	stage_hid_ep1_in_report_from_selector__dispatch_selector	local_label	usb_hid	src/dlcp_fw/asm/dlcp_main_v34.asm dispatch path starts from stock_0C1 already copied to HID IN byte 0 and first checks for selector 3 before falling through to selector 4 and later cases	emitted	current_batch_hid_ep1_selector_reply
flow_main_core_service_2328_247c	stage_hid_ep1_in_report_from_selector__check_selector4	local_label	usb_hid	src/dlcp_fw/asm/dlcp_main_v34.asm selector dispatch continuation tests the transformed W value for selector 4 and branches to opcode04 reply staging when matched	emitted	current_batch_hid_ep1_selector_reply
flow_main_core_service_2328_2482	stage_hid_ep1_in_report_from_selector__check_selector5	local_label	usb_hid	src/dlcp_fw/asm/dlcp_main_v34.asm selector dispatch continuation tests for selector 5 and branches to live status snapshot staging when matched	emitted	current_batch_hid_ep1_selector_reply
flow_main_core_service_2328_2488	stage_hid_ep1_in_report_from_selector__check_selector6_or_echo_range	local_label	usb_hid	src/dlcp_fw/asm/dlcp_main_v34.asm selector dispatch continuation tests selector 6 for version/setup staging, then range-checks selectors 7 through 12 for the stock-compatible echo response	emitted	current_batch_hid_ep1_selector_reply
flow_main_core_service_2328_24a6	stage_hid_ep1_in_report_from_selector__clear_selector_and_return	local_label	usb_hid	src/dlcp_fw/asm/dlcp_main_v34.asm common return path restores bank0, clears stock_0C1 so the selector is consumed, and returns after any staged HID EP1 IN response	emitted	current_batch_hid_ep1_selector_reply
main_core_service_24ac	copy_indexed_fsr2_byte_to_hid_ep1_in	private_helper	usb_hid	src/dlcp_fw/asm/dlcp_main_v34.asm helper adds W and carry into FSR2H to select the source page, copies INDF2 into HID EP1 IN offset 0x5A+stock_003 via copy_indf2_to_page1_w, increments stock_003, and returns	emitted	current_batch_hid_ep1_selector_reply
main_i2c_service_39a6	i2c_emit_tas3108_coeff_from_staged_float	private_helper	i2c_tas3108	src/dlcp_fw/asm/dlcp_main_v34.asm called after s3_coeff_stage_049 in i2c_tas3108_coeff_write and main_i2c_service_2100; transforms staged i2c_coeff_0..3 through float multiply/add/truncate/int conversion and emits four TAS3108 coefficient bytes via i2c_byte_tx	emitted	current_batch_i2c_tas3108_coeff_emit
main_i2c_service_27f0	poll_src4382_route_monitor	private_helper	src4382	src/dlcp_fw/asm/dlcp_main_v34.asm periodic loop slot gated by active_flags bit3; computes fixed-input route requests, runs Auto Detect RX_STATUS/RX_LOCK scan and loss debounce, syncs non-PCM mute, then commits pending route changes	emitted	current_batch_src4382_route_monitor
flow_main_i2c_service_27f0_2800	poll_src4382_route_monitor__stage_next_autodetect_candidate	local_label	src4382	src/dlcp_fw/asm/dlcp_main_v34.asm Auto Detect path stages next candidate selector by adding 0x08 to scan index stock_0B6 and storing it in stock_0BE before candidate write handling	emitted	current_batch_src4382_route_monitor
flow_main_i2c_service_27f0_28aa	poll_src4382_route_monitor__compute_route_request	local_label	src4382	src/dlcp_fw/asm/dlcp_main_v34.asm refresh path branches fixed inputs 1..8 into a status-row and input-column route lookup, while input_select zero branches to Auto Detect candidate staging	emitted	current_batch_src4382_route_monitor
flow_main_i2c_service_27f0_route_status_ok	poll_src4382_route_monitor__use_current_route_status_row	local_label	src4382	src/dlcp_fw/asm/dlcp_main_v34.asm fixed-input table path uses stock_05F as the route-status row when status is within 0..3 rather than forcing the overflow row	emitted	current_batch_src4382_route_monitor
flow_main_i2c_service_27f0_route_status_ready	poll_src4382_route_monitor__lookup_route_request_row	local_label	src4382	src/dlcp_fw/asm/dlcp_main_v34.asm stores the selected status row, multiplies it by 8, adds the fixed input column, indexes the route table, and stages TABLAT into pending route stock_093	emitted	current_batch_src4382_route_monitor
flow_main_i2c_service_27f0_28ce	poll_src4382_route_monitor__handle_autodetect_state	local_label	src4382	src/dlcp_fw/asm/dlcp_main_v34.asm common post-lookup path resets Auto Detect state for fixed input_select and otherwise dispatches candidate settle, current-route monitoring, or candidate write logic; second-stage 16-agent review 2026-06-18 retained current name: 8 proposed dispatch_autodetect_or_reset_scan, 4 keep current, 4 other alternatives; no exact replacement majority	emitted	current_batch_src4382_route_monitor
flow_main_i2c_service_27f0_ad_wait	poll_src4382_route_monitor__wait_autodetect_candidate_settle	local_label	src4382	src/dlcp_fw/asm/dlcp_main_v34.asm decrements stock_0BA candidate-settle countdown and defers status reads until the countdown reaches zero	emitted	current_batch_src4382_route_monitor
flow_main_i2c_service_27f0_ad_read_status	poll_src4382_route_monitor__read_rx_status	local_label	src4382	src/dlcp_fw/asm/dlcp_main_v34.asm reads SRC4382_REG_RX_STATUS, stores it in stock_0BE, and branches to source-present or route-loss handling based on the returned status byte	emitted	current_batch_src4382_route_monitor
flow_main_i2c_service_27f0_ad_hard_loss_sample	poll_src4382_route_monitor__sample_hard_route_loss	local_label	src4382	src/dlcp_fw/asm/dlcp_main_v34.asm RX_STATUS zero plus RX_LOCK unlock increments src4382_loss_debounce and compares against SRC4382_HARD_LOSS_CONFIRM_SAMPLES before declaring loss	emitted	current_batch_src4382_route_monitor
flow_main_i2c_service_27f0_ad_soft_hold	poll_src4382_route_monitor__clear_loss_debounce_for_soft_hold	local_label	src4382	src/dlcp_fw/asm/dlcp_main_v34.asm RX_STATUS zero with RX_LOCK still locked clears src4382_loss_debounce so the current route is held as a soft estimator hole	emitted	current_batch_src4382_route_monitor
flow_main_i2c_service_27f0_ad_hold_route	poll_src4382_route_monitor__hold_current_route	local_label	src4382	src/dlcp_fw/asm/dlcp_main_v34.asm copies current selected route stock_0AB into pending route stock_093 and reloads the monitor countdown instead of advancing the scan	emitted	current_batch_src4382_route_monitor
flow_main_i2c_service_27f0_ad_loss_confirmed	poll_src4382_route_monitor__confirm_route_loss	local_label	src4382	src/dlcp_fw/asm/dlcp_main_v34.asm confirmed hard-loss path clears debounce, increments SRC diagnostic index L, then falls through to clear the route and advance Auto Detect scan	emitted	current_batch_src4382_route_monitor
flow_main_i2c_service_27f0_ad_scan_miss	poll_src4382_route_monitor__advance_scan_after_miss	local_label	src4382	src/dlcp_fw/asm/dlcp_main_v34.asm clears pending route stock_093, increments scan index stock_0B6, and wraps to reset after candidate index reaches 4	emitted	current_batch_src4382_route_monitor
flow_main_i2c_service_27f0_2902	poll_src4382_route_monitor__reset_autodetect_scan	local_label	src4382	src/dlcp_fw/asm/dlcp_main_v34.asm reset path clears scan index stock_0B6, countdown stock_0BA, and src4382_loss_debounce before final route comparison	emitted	current_batch_src4382_route_monitor
flow_main_i2c_service_27f0_290a	poll_src4382_route_monitor__handle_rx_status_present	local_label	src4382	src/dlcp_fw/asm/dlcp_main_v34.asm source-present path clears loss debounce and, when no current route is selected, verifies RX_LOCK before accepting the candidate or treating it as a scan miss	emitted	current_batch_src4382_route_monitor
flow_main_i2c_service_27f0_290a_lock_ok	poll_src4382_route_monitor__map_rx_present_candidate_route	local_label	src4382	src/dlcp_fw/asm/dlcp_main_v34.asm:3232-3240 can reach the label with existing current route before lock check; 3241-3260 maps scan index to route; semantic review consensus confirmed 4/4; second-stage 16-agent review 2026-06-18 retained emitted status for reviewed 32-row set; no in-scope material issues found	emitted	semantic_review_consensus_2026_06_18
flow_main_i2c_service_27f0_2912	poll_src4382_route_monitor__check_scan_index1	local_label	src4382	src/dlcp_fw/asm/dlcp_main_v34.asm candidate mapping continuation tests scan index 1 and stages pending route 1 when matched	emitted	current_batch_src4382_route_monitor
flow_main_i2c_service_27f0_291a	poll_src4382_route_monitor__check_scan_index2	local_label	src4382	src/dlcp_fw/asm/dlcp_main_v34.asm candidate mapping continuation tests scan index 2 and stages pending route 2 when matched	emitted	current_batch_src4382_route_monitor
flow_main_i2c_service_27f0_2924	poll_src4382_route_monitor__check_scan_index3	local_label	src4382	src/dlcp_fw/asm/dlcp_main_v34.asm candidate mapping continuation tests scan index 3 via the carried xor result and stages pending route 4 when matched	emitted	current_batch_src4382_route_monitor
flow_main_i2c_service_27f0_292e	poll_src4382_route_monitor__read_audio_format	local_label	src4382	src/dlcp_fw/asm/dlcp_main_v34.asm after route candidate acceptance, reads SRC4382 audio-format register 0x12, stores stock_0BF, and branches to non-PCM mute when nonzero	emitted	current_batch_src4382_route_monitor
flow_main_i2c_service_27f0_nonpcm_mute	poll_src4382_route_monitor__assert_nonpcm_mute	local_label	src4382	src/dlcp_fw/asm/dlcp_main_v34.asm nonzero audio-format path counts only active_flags bit4 zero-to-one mute episodes via SRC diagnostic index N before setting the non-PCM mute latch	emitted	current_batch_src4382_route_monitor
flow_main_i2c_service_27f0_nonpcm_set	poll_src4382_route_monitor__set_nonpcm_mute_latch	local_label	src4382	src/dlcp_fw/asm/dlcp_main_v34.asm common non-PCM path sets active_flags bit4 after optional edge diagnostic accounting	emitted	current_batch_src4382_route_monitor
flow_main_i2c_service_27f0_mute_status	poll_src4382_route_monitor__sync_nonpcm_mute_state	local_label	src4382	src/dlcp_fw/asm/dlcp_main_v34.asm compares active_flags bit4 with bit5 mirror, sets event_flags bit5 when the mute state changes, and updates the mirror based on current non-PCM mute state	emitted	current_batch_src4382_route_monitor
flow_main_i2c_service_27f0_295a	poll_src4382_route_monitor__clear_nonpcm_mute_mirror	local_label	src4382	src/dlcp_fw/asm/dlcp_main_v34.asm clear path resets active_flags bit5 when active_flags bit4 is not set after audio-format handling	emitted	current_batch_src4382_route_monitor
flow_main_i2c_service_27f0_ad_monitor	poll_src4382_route_monitor__reload_source_monitor_countdown	local_label	src4382	src/dlcp_fw/asm/dlcp_main_v34.asm source-present or held-route path reloads stock_0BA with 0x28 as the source-present monitor countdown before final route processing	emitted	current_batch_src4382_route_monitor
flow_main_i2c_service_27f0_ad_monitor_timeout	poll_src4382_route_monitor__join_after_monitor_or_timeout	local_label	src4382	src/dlcp_fw/asm/dlcp_main_v34.asm:3180-3182 and 3192-3194 branch here on I2C timeout; 3302-3307 monitor reload also falls through here; semantic review consensus confirmed 3/4; second-stage 16-agent review 2026-06-18 retained emitted status for reviewed 32-row set; no in-scope material issues found	emitted	semantic_review_consensus_2026_06_18
flow_main_i2c_service_27f0_295c	poll_src4382_route_monitor__finalize_pending_route	local_label	src4382	src/dlcp_fw/asm/dlcp_main_v34.asm common final path applies the existing route-2 PORTC.0 fallback to stock_0C3 before comparing pending route with current route	emitted	current_batch_src4382_route_monitor
flow_main_i2c_service_27f0_296c	poll_src4382_route_monitor__compare_pending_route	local_label	src4382	src/dlcp_fw/asm/dlcp_main_v34.asm compares current route stock_0AB with pending route stock_093 and sets event_flags bit1 plus SRC diagnostic index C when the route changes	emitted	current_batch_src4382_route_monitor
flow_main_i2c_service_27f0_route_same	poll_src4382_route_monitor__commit_pending_route	local_label	src4382	src/dlcp_fw/asm/dlcp_main_v34.asm common commit path copies pending route stock_093 into current route stock_0AB whether changed or unchanged, then returns	emitted	current_batch_src4382_route_monitor
flow_main_i2c_service_27f0_297a	poll_src4382_route_monitor__increment_refresh_watchdog	local_label	src4382	src/dlcp_fw/asm/dlcp_main_v34.asm active path increments stock_0BB refresh watchdog when the 0x64 threshold has not yet been exceeded	emitted	current_batch_src4382_route_monitor
flow_main_i2c_service_27f0_297c	poll_src4382_route_monitor__return	local_label	src4382	src/dlcp_fw/asm/dlcp_main_v34.asm shared return reached by inactive active_flags bit3 gate, normal final commit, and watchdog-only passes	emitted	current_batch_src4382_route_monitor
main_i2c_service_27f0_route_table	src4382_fixed_input_route_request_table	data_table	src4382	src/dlcp_fw/asm/dlcp_main_v34.asm 5-row by 8-column table maps SRC status rows and fixed input_select columns to pending route request bytes stored in stock_093 before PORTC.0 fallback	emitted	current_batch_src4382_route_monitor
stock_093_b0	pending_route_request_b0	ram_var	src4382	src/dlcp_fw/asm/dlcp_main_v34.asm bank0 byte is written by fixed-input table lookup, Auto Detect candidate/loss paths, and PORTC.0 fallback; cmd_dispatch_gated and LED routing consume it as the pending route request before commit	emitted	current_batch_src4382_route_ram
stock_093_b0_op	pending_route_request_op	ram_var	src4382	src/dlcp_fw/asm/dlcp_main_ram.inc operand alias for pending route request byte at 0x093 used in descriptor/table contexts	emitted	current_batch_src4382_route_ram
stock_093_b0_phys	pending_route_request_phys	ram_var	src4382	src/dlcp_fw/asm/dlcp_main_v34.asm physical alias used by movff to stage HID status, table lookup results, route fallback, and commit into applied route shadow	emitted	current_batch_src4382_route_ram
stock_0AB_b0	applied_route_shadow_b0	ram_var	src4382	src/dlcp_fw/asm/dlcp_main_v34.asm bank0 byte holds the applied/current SRC route shadow; comments warn volume trim must use this stable value instead of in-flux pending route request	emitted	current_batch_src4382_route_ram
stock_0AB_b0_op	applied_route_shadow_op	ram_var	src4382	src/dlcp_fw/asm/dlcp_main_ram.inc operand alias for applied route shadow byte at 0x0AB	emitted	current_batch_src4382_route_ram
stock_0AB_b0_phys	applied_route_shadow_phys	ram_var	src4382	src/dlcp_fw/asm/dlcp_main_v34.asm physical alias used to copy current route into pending request on soft hold and to commit pending route back into the applied route shadow	emitted	current_batch_src4382_route_ram
stock_0B6_b0	src4382_autodetect_scan_index_b0	ram_var	src4382	src/dlcp_fw/asm/dlcp_main_v34.asm Auto Detect scan index is cleared on reset, incremented on scan miss, mapped to candidate selector and pending route values, and wraps at index 4	emitted	current_batch_src4382_route_ram
stock_0B6_b0_op	src4382_autodetect_scan_index_op	ram_var	src4382	src/dlcp_fw/asm/dlcp_main_ram.inc operand alias for SRC4382 Auto Detect scan index at 0x0B6	emitted	current_batch_src4382_route_ram
stock_0B6_b0_phys	src4382_autodetect_scan_index_phys	ram_var	src4382	src/dlcp_fw/asm/dlcp_main_ram.inc physical alias for SRC4382 Auto Detect scan index at 0x0B6	emitted	current_batch_src4382_route_ram
stock_0BA_b0	src4382_autodetect_countdown_b0	ram_var	src4382	src/dlcp_fw/asm/dlcp_main_v34.asm countdown byte is loaded with candidate settle value 0x12, decremented before status reads, reloaded with monitor interval 0x28, and cleared on scan reset	emitted	current_batch_src4382_route_ram
stock_0BA_b0_op	src4382_autodetect_countdown_op	ram_var	src4382	src/dlcp_fw/asm/dlcp_main_ram.inc operand alias for SRC4382 Auto Detect countdown at 0x0BA	emitted	current_batch_src4382_route_ram
stock_0BA_b0_phys	src4382_autodetect_countdown_phys	ram_var	src4382	src/dlcp_fw/asm/dlcp_main_ram.inc physical alias for SRC4382 Auto Detect countdown at 0x0BA	emitted	current_batch_src4382_route_ram
stock_0BB_b0	src4382_route_refresh_watchdog_b0	ram_var	src4382	src/dlcp_fw/asm/dlcp_main_v34.asm periodic monitor watchdog increments until 0x64 threshold, clears when the route monitor runs, and cmd06 seeds 0x65 to force immediate slow I2C refresh	emitted	current_batch_src4382_route_ram
stock_0BB_b0_op	src4382_route_refresh_watchdog_op	ram_var	src4382	src/dlcp_fw/asm/dlcp_main_ram.inc operand alias for SRC4382 route refresh watchdog at 0x0BB	emitted	current_batch_src4382_route_ram
stock_0BB_b0_phys	src4382_route_refresh_watchdog_phys	ram_var	src4382	src/dlcp_fw/asm/dlcp_main_ram.inc physical alias for SRC4382 route refresh watchdog at 0x0BB	emitted	current_batch_src4382_route_ram
stock_0BE_b0	src4382_autodetect_scratch_b0	ram_var	src4382	src/dlcp_fw/asm/dlcp_main_v34.asm mixed Auto Detect scratch byte first stages candidate selector 0x08 plus scan index for register 0x0D write, then latches SRC4382 RX_STATUS reads for present/loss branching	emitted	current_batch_src4382_route_ram
stock_0BE_b0_op	src4382_autodetect_scratch_op	ram_var	src4382	src/dlcp_fw/asm/dlcp_main_ram.inc operand alias for mixed SRC4382 Auto Detect scratch byte at 0x0BE	emitted	current_batch_src4382_route_ram
stock_0BE_b0_phys	src4382_autodetect_scratch_phys	ram_var	src4382	src/dlcp_fw/asm/dlcp_main_v34.asm physical alias copies the staged candidate selector into stock_006 for i2c_secondary_dev_write before the byte is reused as RX_STATUS latch	emitted	current_batch_src4382_route_ram
stock_0BF_b0	src4382_audio_format_latch_b0	ram_var	src4382	src/dlcp_fw/asm/dlcp_main_v34.asm stores SRC4382 audio-format register 0x12 after route acceptance; nonzero value drives non-PCM mute episode handling	emitted	current_batch_src4382_route_ram
stock_0BF_b0_op	src4382_audio_format_latch_op	ram_var	src4382	src/dlcp_fw/asm/dlcp_main_ram.inc operand alias for SRC4382 audio-format latch at 0x0BF	emitted	current_batch_src4382_route_ram
stock_0BF_b0_phys	src4382_audio_format_latch_phys	ram_var	src4382	src/dlcp_fw/asm/dlcp_main_ram.inc physical alias for SRC4382 audio-format latch at 0x0BF	emitted	current_batch_src4382_route_ram
stock_15A_b1	usb_hid_ep1_in_report_cmd_selector_b1	ram_var	usb_hid	src/dlcp_fw/asm/dlcp_main_v34.asm first byte of HID EP1 IN report at 0x15A; selector response builder copies stock_0C1 here, while cmd 0x43/0x44 diagnostic replies write the command echo here	emitted	current_batch_usb_hid_ep1_in_base
stock_15A_b1_op	usb_hid_ep1_in_report_cmd_selector_op	ram_var	usb_hid	src/dlcp_fw/asm/dlcp_main_ram.inc operand alias for first HID EP1 IN report byte at 0x15A used as response command or selector byte	emitted	current_batch_usb_hid_ep1_in_base
stock_15A_b1_phys	usb_hid_ep1_in_report_cmd_selector_phys	ram_var	usb_hid	src/dlcp_fw/asm/dlcp_main_v34.asm physical alias used as HID EP1 IN buffer base by selector reply staging, cmd 0x43 diagnostic memread, and cmd 0x44 diagnostic snapshot handlers	emitted	current_batch_usb_hid_ep1_in_base
stock_11B_b1	usb_hid_out_arg0_b1	ram_var	usb_hid	src/dlcp_fw/asm/dlcp_main_v34.asm HID EP1 OUT byte 1 after opcode; used as selector/mode byte by stock HID handlers and as cmd 0x43 region selector, so generic arg0 is the stable role	emitted	current_batch_usb_hid_out_args
stock_11B_b1_op	usb_hid_out_arg0_op	ram_var	usb_hid	src/dlcp_fw/asm/dlcp_main_ram.inc operand alias for HID EP1 OUT argument byte 0 at 0x11B	emitted	current_batch_usb_hid_out_args
stock_11B_b1_phys	usb_hid_out_arg0_phys	ram_var	usb_hid	src/dlcp_fw/asm/dlcp_main_v34.asm physical alias copies HID OUT byte 1 into selector/status staging bytes and cmd 0x43 region handling	emitted	current_batch_usb_hid_out_args
stock_11C_b1	usb_hid_out_arg1_b1	ram_var	usb_hid	src/dlcp_fw/asm/dlcp_main_v34.asm HID EP1 OUT byte 2; used as command argument for opcode 0x04 handling and as low address byte in cmd 0x43 diagnostic memory read	emitted	current_batch_usb_hid_out_args
stock_11C_b1_op	usb_hid_out_arg1_op	ram_var	usb_hid	src/dlcp_fw/asm/dlcp_main_ram.inc operand alias for HID EP1 OUT argument byte 1 at 0x11C	emitted	current_batch_usb_hid_out_args
stock_11C_b1_phys	usb_hid_out_arg1_phys	ram_var	usb_hid	src/dlcp_fw/asm/dlcp_main_v34.asm physical alias copies HID OUT byte 2 into opcode-04 staging and cmd 0x43 address-low staging	emitted	current_batch_usb_hid_out_args
stock_11D_b1	usb_hid_out_arg2_b1	ram_var	usb_hid	src/dlcp_fw/asm/dlcp_main_v34.asm HID EP1 OUT byte 3; used as opcode-04 action/setup byte and as high address byte in cmd 0x43 diagnostic flash read	emitted	current_batch_usb_hid_out_args
stock_11D_b1_op	usb_hid_out_arg2_op	ram_var	usb_hid	src/dlcp_fw/asm/dlcp_main_ram.inc operand alias for HID EP1 OUT argument byte 2 at 0x11D	emitted	current_batch_usb_hid_out_args
stock_11D_b1_phys	usb_hid_out_arg2_phys	ram_var	usb_hid	src/dlcp_fw/asm/dlcp_main_v34.asm physical alias copies HID OUT byte 3 into opcode-04 setup staging and cmd 0x43 address-high staging	emitted	current_batch_usb_hid_out_args
stock_11E_b1	usb_hid_out_arg3_b1	ram_var	usb_hid	src/dlcp_fw/asm/dlcp_main_v34.asm HID EP1 OUT byte 4; used as opcode-04 mode/payload byte, firmware update address high byte, and cmd 0x43 diagnostic read length	emitted	current_batch_usb_hid_out_args
stock_11E_b1_op	usb_hid_out_arg3_op	ram_var	usb_hid	src/dlcp_fw/asm/dlcp_main_ram.inc operand alias for HID EP1 OUT argument byte 3 at 0x11E	emitted	current_batch_usb_hid_out_args
stock_11E_b1_phys	usb_hid_out_arg3_phys	ram_var	usb_hid	src/dlcp_fw/asm/dlcp_main_v34.asm physical alias copies HID OUT byte 4 into mode/payload staging, firmware update address staging, and cmd 0x43 length staging	emitted	current_batch_usb_hid_out_args
stock_11F_b1	usb_hid_out_arg4_b1	ram_var	usb_hid	src/dlcp_fw/asm/dlcp_main_v34.asm HID EP1 OUT byte 5; used by firmware-update command path as the low address byte paired with arg3 before selected-status response generation	emitted	current_batch_usb_hid_out_args
stock_11F_b1_op	usb_hid_out_arg4_op	ram_var	usb_hid	src/dlcp_fw/asm/dlcp_main_ram.inc operand alias for HID EP1 OUT argument byte 4 at 0x11F	emitted	current_batch_usb_hid_out_args
stock_11F_b1_phys	usb_hid_out_arg4_phys	ram_var	usb_hid	src/dlcp_fw/asm/dlcp_main_v34.asm physical alias copies HID OUT byte 5 into firmware-update address-low staging before response generation	emitted	current_batch_usb_hid_out_args
stock_120_b1	usb_hid_out_arg5_b1	ram_var	usb_hid	src/dlcp_fw/asm/dlcp_main_v34.asm HID EP1 OUT byte 6; settings handler copies the four-byte block starting at OUT arg4 into computed_volume_3..0, making this byte the second byte of that generic argument block	emitted	current_batch_usb_hid_out_args_cont
stock_120_b1_op	usb_hid_out_arg5_op	ram_var	usb_hid	src/dlcp_fw/asm/dlcp_main_ram.inc operand alias for HID EP1 OUT argument byte 5 at 0x120	emitted	current_batch_usb_hid_out_args_cont
stock_120_b1_phys	usb_hid_out_arg5_phys	ram_var	usb_hid	src/dlcp_fw/asm/dlcp_main_ram.inc physical alias for HID EP1 OUT argument byte 5 at 0x120	emitted	current_batch_usb_hid_out_args_cont
stock_121_b1	usb_hid_out_arg6_b1	ram_var	usb_hid	src/dlcp_fw/asm/dlcp_main_v34.asm HID EP1 OUT byte 7; settings handler copies it as the third byte of the four-byte computed-volume argument block starting at OUT arg4	emitted	current_batch_usb_hid_out_args_cont
stock_121_b1_op	usb_hid_out_arg6_op	ram_var	usb_hid	src/dlcp_fw/asm/dlcp_main_ram.inc operand alias for HID EP1 OUT argument byte 6 at 0x121	emitted	current_batch_usb_hid_out_args_cont
stock_121_b1_phys	usb_hid_out_arg6_phys	ram_var	usb_hid	src/dlcp_fw/asm/dlcp_main_ram.inc physical alias for HID EP1 OUT argument byte 6 at 0x121	emitted	current_batch_usb_hid_out_args_cont
stock_122_b1	usb_hid_out_arg7_b1	ram_var	usb_hid	src/dlcp_fw/asm/dlcp_main_v34.asm HID EP1 OUT byte 8; settings handler copies it as the fourth byte of the four-byte computed-volume argument block starting at OUT arg4	emitted	current_batch_usb_hid_out_args_cont
stock_122_b1_op	usb_hid_out_arg7_op	ram_var	usb_hid	src/dlcp_fw/asm/dlcp_main_ram.inc operand alias for HID EP1 OUT argument byte 7 at 0x122	emitted	current_batch_usb_hid_out_args_cont
stock_122_b1_phys	usb_hid_out_arg7_phys	ram_var	usb_hid	src/dlcp_fw/asm/dlcp_main_ram.inc physical alias for HID EP1 OUT argument byte 7 at 0x122	emitted	current_batch_usb_hid_out_args_cont
stock_123_b1	usb_hid_out_arg8_b1	ram_var	usb_hid	src/dlcp_fw/asm/dlcp_main_v34.asm HID EP1 OUT byte 9; settings handler loads FSR2 here and tests bit0 to set or clear user mute state	emitted	current_batch_usb_hid_out_args_cont
stock_123_b1_op	usb_hid_out_arg8_op	ram_var	usb_hid	src/dlcp_fw/asm/dlcp_main_ram.inc operand alias for HID EP1 OUT argument byte 8 at 0x123	emitted	current_batch_usb_hid_out_args_cont
stock_123_b1_phys	usb_hid_out_arg8_phys	ram_var	usb_hid	src/dlcp_fw/asm/dlcp_main_v34.asm physical alias used as the FSR2 base for the settings mute bit read from HID OUT argument byte 8	emitted	current_batch_usb_hid_out_args_cont
stock_124_b1	usb_hid_out_arg9_b1	ram_var	usb_hid	src/dlcp_fw/asm/dlcp_main_v34.asm HID EP1 OUT byte 10; settings handler starts an FSR2 walk here and tests bit0 to populate option flag bit0 in stock_0A4	emitted	current_batch_usb_hid_out_args_cont
stock_124_b1_op	usb_hid_out_arg9_op	ram_var	usb_hid	src/dlcp_fw/asm/dlcp_main_ram.inc operand alias for HID EP1 OUT argument byte 9 at 0x124	emitted	current_batch_usb_hid_out_args_cont
stock_124_b1_phys	usb_hid_out_arg9_phys	ram_var	usb_hid	src/dlcp_fw/asm/dlcp_main_v34.asm physical alias used as the FSR2 base for bit-packed settings option reads from HID OUT argument bytes	emitted	current_batch_usb_hid_out_args_cont
stock_125_b1	usb_hid_out_arg10_b1	ram_var	usb_hid	src/dlcp_fw/asm/dlcp_main_v34.asm HID EP1 OUT byte 11; settings handler reaches this byte by incrementing FSR2 from arg9 and tests bit0 to populate option flag bit1 in stock_0A4	emitted	current_batch_usb_hid_out_args_cont
stock_125_b1_op	usb_hid_out_arg10_op	ram_var	usb_hid	src/dlcp_fw/asm/dlcp_main_ram.inc operand alias for HID EP1 OUT argument byte 10 at 0x125	emitted	current_batch_usb_hid_out_args_cont
stock_125_b1_phys	usb_hid_out_arg10_phys	ram_var	usb_hid	src/dlcp_fw/asm/dlcp_main_ram.inc physical alias for HID EP1 OUT argument byte 10 at 0x125	emitted	current_batch_usb_hid_out_args_cont
stock_126_b1	usb_hid_out_arg11_b1	ram_var	usb_hid	src/dlcp_fw/asm/dlcp_main_v34.asm HID EP1 OUT byte 12; settings handler reaches this byte by incrementing FSR2 from arg10 and tests bit0 to populate option flag bit2 in stock_0A4	emitted	current_batch_usb_hid_out_args_cont
stock_126_b1_op	usb_hid_out_arg11_op	ram_var	usb_hid	src/dlcp_fw/asm/dlcp_main_ram.inc operand alias for HID EP1 OUT argument byte 11 at 0x126	emitted	current_batch_usb_hid_out_args_cont
stock_126_b1_phys	usb_hid_out_arg11_phys	ram_var	usb_hid	src/dlcp_fw/asm/dlcp_main_ram.inc physical alias for HID EP1 OUT argument byte 11 at 0x126	emitted	current_batch_usb_hid_out_args_cont
stock_128_b1	usb_hid_out_arg13_b1	ram_var	usb_hid	src/dlcp_fw/asm/dlcp_main_v34.asm HID EP1 OUT byte 14; settings handler intentionally skips arg12 at 0x127, then tests this byte bit0 to populate option flag bit3 in stock_0A4	emitted	current_batch_usb_hid_out_option_args
stock_128_b1_op	usb_hid_out_arg13_op	ram_var	usb_hid	src/dlcp_fw/asm/dlcp_main_ram.inc operand alias for HID EP1 OUT argument byte 13 at 0x128	emitted	current_batch_usb_hid_out_option_args
stock_128_b1_phys	usb_hid_out_arg13_phys	ram_var	usb_hid	src/dlcp_fw/asm/dlcp_main_ram.inc physical alias for HID EP1 OUT argument byte 13 at 0x128	emitted	current_batch_usb_hid_out_option_args
stock_129_b1	usb_hid_out_arg14_b1	ram_var	usb_hid	src/dlcp_fw/asm/dlcp_main_v34.asm HID EP1 OUT byte 15; settings handler reaches this byte after arg13 and tests bit0 to populate option flag bit4 in stock_0A4	emitted	current_batch_usb_hid_out_option_args
stock_129_b1_op	usb_hid_out_arg14_op	ram_var	usb_hid	src/dlcp_fw/asm/dlcp_main_ram.inc operand alias for HID EP1 OUT argument byte 14 at 0x129	emitted	current_batch_usb_hid_out_option_args
stock_129_b1_phys	usb_hid_out_arg14_phys	ram_var	usb_hid	src/dlcp_fw/asm/dlcp_main_ram.inc physical alias for HID EP1 OUT argument byte 14 at 0x129	emitted	current_batch_usb_hid_out_option_args
stock_12A_b1	usb_hid_out_arg15_b1	ram_var	usb_hid	src/dlcp_fw/asm/dlcp_main_v34.asm HID EP1 OUT byte 16; settings handler reaches this byte after arg14 and tests bit0 to populate option flag bit5 in stock_0A4	emitted	current_batch_usb_hid_out_option_args
stock_12A_b1_op	usb_hid_out_arg15_op	ram_var	usb_hid	src/dlcp_fw/asm/dlcp_main_ram.inc operand alias for HID EP1 OUT argument byte 15 at 0x12A	emitted	current_batch_usb_hid_out_option_args
stock_12A_b1_phys	usb_hid_out_arg15_phys	ram_var	usb_hid	src/dlcp_fw/asm/dlcp_main_ram.inc physical alias for HID EP1 OUT argument byte 15 at 0x12A	emitted	current_batch_usb_hid_out_option_args
stock_12C_b1	usb_hid_out_arg17_b1	ram_var	usb_hid	src/dlcp_fw/asm/dlcp_main_v34.asm HID EP1 OUT byte 18; settings handler chain_copy descriptor at offset 0x2C copies this byte as the first of six source/config bytes into stock_060..065	emitted	current_batch_usb_hid_out_settings_tail
stock_12C_b1_op	usb_hid_out_arg17_op	ram_var	usb_hid	src/dlcp_fw/asm/dlcp_main_ram.inc operand alias for HID EP1 OUT argument byte 17 at 0x12C	emitted	current_batch_usb_hid_out_settings_tail
stock_12C_b1_phys	usb_hid_out_arg17_phys	ram_var	usb_hid	src/dlcp_fw/asm/dlcp_main_ram.inc physical alias for HID EP1 OUT argument byte 17 at 0x12C	emitted	current_batch_usb_hid_out_settings_tail
stock_12D_b1	usb_hid_out_arg18_b1	ram_var	usb_hid	src/dlcp_fw/asm/dlcp_main_v34.asm HID EP1 OUT byte 19; settings handler copies it as the second byte of the six-byte source/config block at OUT offset 0x2C	emitted	current_batch_usb_hid_out_settings_tail
stock_12D_b1_op	usb_hid_out_arg18_op	ram_var	usb_hid	src/dlcp_fw/asm/dlcp_main_ram.inc operand alias for HID EP1 OUT argument byte 18 at 0x12D	emitted	current_batch_usb_hid_out_settings_tail
stock_12D_b1_phys	usb_hid_out_arg18_phys	ram_var	usb_hid	src/dlcp_fw/asm/dlcp_main_ram.inc physical alias for HID EP1 OUT argument byte 18 at 0x12D	emitted	current_batch_usb_hid_out_settings_tail
stock_12E_b1	usb_hid_out_arg19_b1	ram_var	usb_hid	src/dlcp_fw/asm/dlcp_main_v34.asm HID EP1 OUT byte 20; settings handler copies it as the third byte of the six-byte source/config block at OUT offset 0x2C	emitted	current_batch_usb_hid_out_settings_tail
stock_12E_b1_op	usb_hid_out_arg19_op	ram_var	usb_hid	src/dlcp_fw/asm/dlcp_main_ram.inc operand alias for HID EP1 OUT argument byte 19 at 0x12E	emitted	current_batch_usb_hid_out_settings_tail
stock_12E_b1_phys	usb_hid_out_arg19_phys	ram_var	usb_hid	src/dlcp_fw/asm/dlcp_main_ram.inc physical alias for HID EP1 OUT argument byte 19 at 0x12E	emitted	current_batch_usb_hid_out_settings_tail
stock_12F_b1	usb_hid_out_arg20_b1	ram_var	usb_hid	src/dlcp_fw/asm/dlcp_main_v34.asm HID EP1 OUT byte 21; settings handler copies it as the fourth byte of the six-byte source/config block at OUT offset 0x2C	emitted	current_batch_usb_hid_out_settings_tail
stock_12F_b1_op	usb_hid_out_arg20_op	ram_var	usb_hid	src/dlcp_fw/asm/dlcp_main_ram.inc operand alias for HID EP1 OUT argument byte 20 at 0x12F	emitted	current_batch_usb_hid_out_settings_tail
stock_12F_b1_phys	usb_hid_out_arg20_phys	ram_var	usb_hid	src/dlcp_fw/asm/dlcp_main_ram.inc physical alias for HID EP1 OUT argument byte 20 at 0x12F	emitted	current_batch_usb_hid_out_settings_tail
stock_130_b1	usb_hid_out_arg21_b1	ram_var	usb_hid	src/dlcp_fw/asm/dlcp_main_v34.asm HID EP1 OUT byte 22; settings handler copies it as the fifth byte of the six-byte source/config block at OUT offset 0x2C	emitted	current_batch_usb_hid_out_settings_tail
stock_130_b1_op	usb_hid_out_arg21_op	ram_var	usb_hid	src/dlcp_fw/asm/dlcp_main_ram.inc operand alias for HID EP1 OUT argument byte 21 at 0x130	emitted	current_batch_usb_hid_out_settings_tail
stock_130_b1_phys	usb_hid_out_arg21_phys	ram_var	usb_hid	src/dlcp_fw/asm/dlcp_main_ram.inc physical alias for HID EP1 OUT argument byte 21 at 0x130	emitted	current_batch_usb_hid_out_settings_tail
stock_131_b1	usb_hid_out_arg22_b1	ram_var	usb_hid	src/dlcp_fw/asm/dlcp_main_v34.asm HID EP1 OUT byte 23; settings handler copies it as the sixth byte of the six-byte source/config block at OUT offset 0x2C	emitted	current_batch_usb_hid_out_settings_tail
stock_131_b1_op	usb_hid_out_arg22_op	ram_var	usb_hid	src/dlcp_fw/asm/dlcp_main_ram.inc operand alias for HID EP1 OUT argument byte 22 at 0x131	emitted	current_batch_usb_hid_out_settings_tail
stock_131_b1_phys	usb_hid_out_arg22_phys	ram_var	usb_hid	src/dlcp_fw/asm/dlcp_main_ram.inc physical alias for HID EP1 OUT argument byte 22 at 0x131	emitted	current_batch_usb_hid_out_settings_tail
stock_132_b1	usb_hid_out_arg23_b1	ram_var	usb_hid	src/dlcp_fw/asm/dlcp_main_v34.asm HID EP1 OUT byte 24; settings handler descriptor at offset 0x32 copies this byte into stock_05F as the SRC/status setting byte	emitted	current_batch_usb_hid_out_settings_tail
stock_132_b1_op	usb_hid_out_arg23_op	ram_var	usb_hid	src/dlcp_fw/asm/dlcp_main_ram.inc operand alias for HID EP1 OUT argument byte 23 at 0x132	emitted	current_batch_usb_hid_out_settings_tail
stock_132_b1_phys	usb_hid_out_arg23_phys	ram_var	usb_hid	src/dlcp_fw/asm/dlcp_main_ram.inc physical alias for HID EP1 OUT argument byte 23 at 0x132	emitted	current_batch_usb_hid_out_settings_tail
stock_133_b1	usb_hid_out_arg24_b1	ram_var	usb_hid	src/dlcp_fw/asm/dlcp_main_v34.asm HID EP1 OUT byte 25; settings handler descriptor at offset 0x33 copies this byte as the first of four route-trim bytes into stock_09B..09E	emitted	current_batch_usb_hid_out_settings_tail
stock_133_b1_op	usb_hid_out_arg24_op	ram_var	usb_hid	src/dlcp_fw/asm/dlcp_main_ram.inc operand alias for HID EP1 OUT argument byte 24 at 0x133	emitted	current_batch_usb_hid_out_settings_tail
stock_133_b1_phys	usb_hid_out_arg24_phys	ram_var	usb_hid	src/dlcp_fw/asm/dlcp_main_ram.inc physical alias for HID EP1 OUT argument byte 24 at 0x133	emitted	current_batch_usb_hid_out_settings_tail
stock_134_b1	usb_hid_out_arg25_b1	ram_var	usb_hid	src/dlcp_fw/asm/dlcp_main_v34.asm HID EP1 OUT byte 26; settings handler copies it as the second byte of the four-byte route-trim block at OUT offset 0x33	emitted	current_batch_usb_hid_out_settings_tail
stock_134_b1_op	usb_hid_out_arg25_op	ram_var	usb_hid	src/dlcp_fw/asm/dlcp_main_ram.inc operand alias for HID EP1 OUT argument byte 25 at 0x134	emitted	current_batch_usb_hid_out_settings_tail
stock_134_b1_phys	usb_hid_out_arg25_phys	ram_var	usb_hid	src/dlcp_fw/asm/dlcp_main_ram.inc physical alias for HID EP1 OUT argument byte 25 at 0x134	emitted	current_batch_usb_hid_out_settings_tail
stock_135_b1	usb_hid_out_arg26_b1	ram_var	usb_hid	src/dlcp_fw/asm/dlcp_main_v34.asm HID EP1 OUT byte 27; settings handler copies it as the third byte of the four-byte route-trim block at OUT offset 0x33	emitted	current_batch_usb_hid_out_settings_tail
stock_135_b1_op	usb_hid_out_arg26_op	ram_var	usb_hid	src/dlcp_fw/asm/dlcp_main_ram.inc operand alias for HID EP1 OUT argument byte 26 at 0x135	emitted	current_batch_usb_hid_out_settings_tail
stock_135_b1_phys	usb_hid_out_arg26_phys	ram_var	usb_hid	src/dlcp_fw/asm/dlcp_main_ram.inc physical alias for HID EP1 OUT argument byte 26 at 0x135	emitted	current_batch_usb_hid_out_settings_tail
stock_136_b1	usb_hid_out_arg27_b1	ram_var	usb_hid	src/dlcp_fw/asm/dlcp_main_v34.asm HID EP1 OUT byte 28; settings handler copies it as the fourth byte of the four-byte route-trim block at OUT offset 0x33	emitted	current_batch_usb_hid_out_settings_tail
stock_136_b1_op	usb_hid_out_arg27_op	ram_var	usb_hid	src/dlcp_fw/asm/dlcp_main_ram.inc operand alias for HID EP1 OUT argument byte 27 at 0x136	emitted	current_batch_usb_hid_out_settings_tail
stock_136_b1_phys	usb_hid_out_arg27_phys	ram_var	usb_hid	src/dlcp_fw/asm/dlcp_main_ram.inc physical alias for HID EP1 OUT argument byte 27 at 0x136	emitted	current_batch_usb_hid_out_settings_tail
stock_138_b1	usb_hid_out_arg29_b1	ram_var	usb_hid	src/dlcp_fw/asm/dlcp_main_v34.asm HID EP1 OUT byte 30; settings handler descriptor at offset 0x38 copies this byte into stock_0B4 as the setup/profile setting byte	emitted	current_batch_usb_hid_out_settings_tail
stock_138_b1_op	usb_hid_out_arg29_op	ram_var	usb_hid	src/dlcp_fw/asm/dlcp_main_ram.inc operand alias for HID EP1 OUT argument byte 29 at 0x138	emitted	current_batch_usb_hid_out_settings_tail
stock_138_b1_phys	usb_hid_out_arg29_phys	ram_var	usb_hid	src/dlcp_fw/asm/dlcp_main_ram.inc physical alias for HID EP1 OUT argument byte 29 at 0x138	emitted	current_batch_usb_hid_out_settings_tail
stock_15B_b1	usb_hid_ep1_in_report_byte1_b1	ram_var	usb_hid	src/dlcp_fw/asm/dlcp_main_v34.asm:2572, 2614, and 2639 write selector, route, or version response meanings; byte 1 is not specific to cmd 0x43 schema; semantic review consensus confirmed 4/4; second-stage 16-agent review 2026-06-18 retained emitted status for reviewed 32-row set; no in-scope material issues found	emitted	semantic_review_consensus_2026_06_18
stock_15B_b1_op	usb_hid_ep1_in_report_byte1_op	ram_var	usb_hid	src/dlcp_fw/asm/dlcp_main_v34.asm:2572, 2614, and 2639 write selector, route, or version response meanings; byte 1 is not specific to cmd 0x43 schema; semantic review consensus confirmed 4/4; second-stage 16-agent review 2026-06-18 retained emitted status for reviewed 32-row set; no in-scope material issues found	emitted	semantic_review_consensus_2026_06_18
stock_15B_b1_phys	usb_hid_ep1_in_report_byte1_phys	ram_var	usb_hid	src/dlcp_fw/asm/dlcp_main_v34.asm:2572, 2614, and 2639 write selector, route, or version response meanings; byte 1 is not specific to cmd 0x43 schema; semantic review consensus confirmed 4/4; second-stage 16-agent review 2026-06-18 retained emitted status for reviewed 32-row set; no in-scope material issues found	emitted	semantic_review_consensus_2026_06_18
stock_15C_b1	usb_hid_ep1_in_report_byte2_b1	ram_var	usb_hid	src/dlcp_fw/asm/dlcp_main_v34.asm:2590, 2615, and 2640 write shared response byte 2 meanings; byte 2 is not specific to cmd 0x43 schema; semantic review consensus confirmed 4/4; second-stage 16-agent review 2026-06-18 retained emitted status for reviewed 32-row set; no in-scope material issues found	emitted	semantic_review_consensus_2026_06_18
stock_15C_b1_op	usb_hid_ep1_in_report_byte2_op	ram_var	usb_hid	src/dlcp_fw/asm/dlcp_main_v34.asm:2590, 2615, and 2640 write shared response byte 2 meanings; byte 2 is not specific to cmd 0x43 schema; semantic review consensus confirmed 4/4; second-stage 16-agent review 2026-06-18 retained emitted status for reviewed 32-row set; no in-scope material issues found	emitted	semantic_review_consensus_2026_06_18
stock_15C_b1_phys	usb_hid_ep1_in_report_byte2_phys	ram_var	usb_hid	src/dlcp_fw/asm/dlcp_main_v34.asm:2590, 2615, and 2640 write shared response byte 2 meanings; byte 2 is not specific to cmd 0x43 schema; semantic review consensus confirmed 4/4; second-stage 16-agent review 2026-06-18 retained emitted status for reviewed 32-row set; no in-scope material issues found	emitted	semantic_review_consensus_2026_06_18
stock_15D_b1	usb_hid_ep1_in_report_byte3_b1	ram_var	usb_hid	src/dlcp_fw/asm/dlcp_main_v34.asm:2591, 2617, 2642, and 9888-9891 show shared response byte 3 meanings; byte 3 is not specific to cmd 0x43 schema; semantic review consensus confirmed 4/4; second-stage 16-agent review 2026-06-18 retained emitted status for reviewed 32-row set; no in-scope material issues found	emitted	semantic_review_consensus_2026_06_18
stock_15D_b1_op	usb_hid_ep1_in_report_byte3_op	ram_var	usb_hid	src/dlcp_fw/asm/dlcp_main_v34.asm:2591, 2617, 2642, and 9888-9891 show shared response byte 3 meanings; byte 3 is not specific to cmd 0x43 schema; semantic review consensus confirmed 4/4; second-stage 16-agent review 2026-06-18 retained emitted status for reviewed 32-row set; no in-scope material issues found	emitted	semantic_review_consensus_2026_06_18
stock_15D_b1_phys	usb_hid_ep1_in_report_byte3_phys	ram_var	usb_hid	src/dlcp_fw/asm/dlcp_main_v34.asm:2591, 2617, 2642, and 9888-9891 show shared response byte 3 meanings; byte 3 is not specific to cmd 0x43 schema; semantic review consensus confirmed 4/4; second-stage 16-agent review 2026-06-18 retained emitted status for reviewed 32-row set; no in-scope material issues found	emitted	semantic_review_consensus_2026_06_18
stock_15E_b1	usb_hid_ep1_in_report_payload_byte1_b1	ram_var	usb_hid	src/dlcp_fw/asm/dlcp_main_v34.asm selector reply builder and diagnostic comments use 0x15E as HID EP1 IN report payload byte 1	emitted	current_batch_usb_hid_ep1_in_report_head
stock_15E_b1_op	usb_hid_ep1_in_report_payload_byte1_op	ram_var	usb_hid	src/dlcp_fw/asm/dlcp_main_ram.inc operand alias for HID EP1 IN report payload byte 1 at 0x15E	emitted	current_batch_usb_hid_ep1_in_report_head
stock_15E_b1_phys	usb_hid_ep1_in_report_payload_byte1_phys	ram_var	usb_hid	src/dlcp_fw/asm/dlcp_main_v34.asm physical alias for HID EP1 IN report payload byte 1 in selector and diagnostic responses	emitted	current_batch_usb_hid_ep1_in_report_head
stock_15F_b1	usb_hid_ep1_in_report_payload_byte2_b1	ram_var	usb_hid	src/dlcp_fw/asm/dlcp_main_v34.asm selector status snapshot writes computed volume MSB to HID EP1 IN payload byte 2 at report offset 5	emitted	current_batch_usb_hid_ep1_in_report_head
stock_15F_b1_op	usb_hid_ep1_in_report_payload_byte2_op	ram_var	usb_hid	src/dlcp_fw/asm/dlcp_main_ram.inc operand alias for HID EP1 IN report payload byte 2 at 0x15F	emitted	current_batch_usb_hid_ep1_in_report_head
stock_15F_b1_phys	usb_hid_ep1_in_report_payload_byte2_phys	ram_var	usb_hid	src/dlcp_fw/asm/dlcp_main_v34.asm physical alias for HID EP1 IN report payload byte 2 in selector and diagnostic responses	emitted	current_batch_usb_hid_ep1_in_report_head
stock_160_b1	usb_hid_ep1_in_report_payload_byte3_b1	ram_var	usb_hid	src/dlcp_fw/asm/dlcp_main_v34.asm selector status snapshot writes computed volume byte 2 to HID EP1 IN payload byte 3 at report offset 6	emitted	current_batch_usb_hid_ep1_in_report_head
stock_160_b1_op	usb_hid_ep1_in_report_payload_byte3_op	ram_var	usb_hid	src/dlcp_fw/asm/dlcp_main_ram.inc operand alias for HID EP1 IN report payload byte 3 at 0x160	emitted	current_batch_usb_hid_ep1_in_report_head
stock_160_b1_phys	usb_hid_ep1_in_report_payload_byte3_phys	ram_var	usb_hid	src/dlcp_fw/asm/dlcp_main_v34.asm physical alias for HID EP1 IN report payload byte 3 in selector and diagnostic responses	emitted	current_batch_usb_hid_ep1_in_report_head
stock_161_b1	usb_hid_ep1_in_report_payload_byte4_b1	ram_var	usb_hid	src/dlcp_fw/asm/dlcp_main_v34.asm selector status snapshot writes computed volume byte 1 to HID EP1 IN payload byte 4 at report offset 7	emitted	current_batch_usb_hid_ep1_in_report_head
stock_161_b1_op	usb_hid_ep1_in_report_payload_byte4_op	ram_var	usb_hid	src/dlcp_fw/asm/dlcp_main_ram.inc operand alias for HID EP1 IN report payload byte 4 at 0x161	emitted	current_batch_usb_hid_ep1_in_report_head
stock_161_b1_phys	usb_hid_ep1_in_report_payload_byte4_phys	ram_var	usb_hid	src/dlcp_fw/asm/dlcp_main_v34.asm physical alias for HID EP1 IN report payload byte 4 in selector and diagnostic responses	emitted	current_batch_usb_hid_ep1_in_report_head
stock_162_b1	usb_hid_ep1_in_report_payload_byte5_b1	ram_var	usb_hid	src/dlcp_fw/asm/dlcp_main_v34.asm selector status snapshot writes computed volume LSB to HID EP1 IN payload byte 5 at report offset 8	emitted	current_batch_usb_hid_ep1_in_report_head
stock_162_b1_op	usb_hid_ep1_in_report_payload_byte5_op	ram_var	usb_hid	src/dlcp_fw/asm/dlcp_main_ram.inc operand alias for HID EP1 IN report payload byte 5 at 0x162	emitted	current_batch_usb_hid_ep1_in_report_head
stock_162_b1_phys	usb_hid_ep1_in_report_payload_byte5_phys	ram_var	usb_hid	src/dlcp_fw/asm/dlcp_main_v34.asm physical alias for HID EP1 IN report payload byte 5 in selector and diagnostic responses	emitted	current_batch_usb_hid_ep1_in_report_head
stock_163_b1	usb_hid_ep1_in_report_payload_byte6_b1	ram_var	usb_hid	src/dlcp_fw/asm/dlcp_main_v34.asm selector status snapshot writes mute/active flag state to HID EP1 IN payload byte 6; diagnostic snapshot maps report offset 9 to payload cell 6	emitted	current_batch_usb_hid_ep1_in_report_head
stock_163_b1_op	usb_hid_ep1_in_report_payload_byte6_op	ram_var	usb_hid	src/dlcp_fw/asm/dlcp_main_ram.inc operand alias for HID EP1 IN report payload byte 6 at 0x163	emitted	current_batch_usb_hid_ep1_in_report_head
stock_163_b1_phys	usb_hid_ep1_in_report_payload_byte6_phys	ram_var	usb_hid	src/dlcp_fw/asm/dlcp_main_v34.asm physical alias for HID EP1 IN report payload byte 6 in selector and diagnostic responses	emitted	current_batch_usb_hid_ep1_in_report_head
stock_164_b1	usb_hid_ep1_in_report_payload_byte7_b1	ram_var	usb_hid	src/dlcp_fw/asm/dlcp_main_v34.asm selector status snapshot starts a three-byte status fanout at 0x164; cmd 0x44 maps report offset 10 to payload cell 7	emitted	current_batch_usb_hid_ep1_in_report_diag_tail
stock_164_b1_op	usb_hid_ep1_in_report_payload_byte7_op	ram_var	usb_hid	src/dlcp_fw/asm/dlcp_main_ram.inc operand alias for HID EP1 IN report payload byte 7 at 0x164	emitted	current_batch_usb_hid_ep1_in_report_diag_tail
stock_164_b1_phys	usb_hid_ep1_in_report_payload_byte7_phys	ram_var	usb_hid	src/dlcp_fw/asm/dlcp_main_v34.asm physical alias for HID EP1 IN report payload byte 7, used as selector status fanout destination base	emitted	current_batch_usb_hid_ep1_in_report_diag_tail
stock_165_b1	usb_hid_ep1_in_report_payload_byte8_b1	ram_var	usb_hid	src/dlcp_fw/asm/dlcp_main_v34.asm selector status/version builders write HID EP1 IN payload byte 8; cmd 0x44 maps report offset 11 to payload cell 8	emitted	current_batch_usb_hid_ep1_in_report_diag_tail
stock_165_b1_op	usb_hid_ep1_in_report_payload_byte8_op	ram_var	usb_hid	src/dlcp_fw/asm/dlcp_main_ram.inc operand alias for HID EP1 IN report payload byte 8 at 0x165	emitted	current_batch_usb_hid_ep1_in_report_diag_tail
stock_165_b1_phys	usb_hid_ep1_in_report_payload_byte8_phys	ram_var	usb_hid	src/dlcp_fw/asm/dlcp_main_v34.asm physical alias for HID EP1 IN report payload byte 8 in selector and diagnostic responses	emitted	current_batch_usb_hid_ep1_in_report_diag_tail
stock_166_b1	usb_hid_ep1_in_report_payload_byte9_b1	ram_var	usb_hid	src/dlcp_fw/asm/dlcp_main_v34.asm selector status/version builders write HID EP1 IN payload byte 9; cmd 0x44 maps report offset 12 to payload cell 9	emitted	current_batch_usb_hid_ep1_in_report_diag_tail
stock_166_b1_op	usb_hid_ep1_in_report_payload_byte9_op	ram_var	usb_hid	src/dlcp_fw/asm/dlcp_main_ram.inc operand alias for HID EP1 IN report payload byte 9 at 0x166	emitted	current_batch_usb_hid_ep1_in_report_diag_tail
stock_166_b1_phys	usb_hid_ep1_in_report_payload_byte9_phys	ram_var	usb_hid	src/dlcp_fw/asm/dlcp_main_v34.asm physical alias for HID EP1 IN report payload byte 9 in selector and diagnostic responses	emitted	current_batch_usb_hid_ep1_in_report_diag_tail
stock_167_b1	usb_hid_ep1_in_report_payload_byte10_b1	ram_var	usb_hid	src/dlcp_fw/asm/dlcp_main_v34.asm selector status snapshot explicitly skips 0x167 while version builder fills it; cmd 0x44 maps report offset 13 to payload cell 10	emitted	current_batch_usb_hid_ep1_in_report_diag_tail
stock_167_b1_op	usb_hid_ep1_in_report_payload_byte10_op	ram_var	usb_hid	src/dlcp_fw/asm/dlcp_main_ram.inc operand alias for HID EP1 IN report payload byte 10 at 0x167	emitted	current_batch_usb_hid_ep1_in_report_diag_tail
stock_167_b1_phys	usb_hid_ep1_in_report_payload_byte10_phys	ram_var	usb_hid	src/dlcp_fw/asm/dlcp_main_v34.asm physical alias for HID EP1 IN report payload byte 10 in selector and diagnostic responses	emitted	current_batch_usb_hid_ep1_in_report_diag_tail
stock_168_b1	usb_hid_ep1_in_report_payload_byte11_b1	ram_var	usb_hid	src/dlcp_fw/asm/dlcp_main_v34.asm selector status snapshot writes the second three-byte status fanout at 0x168; cmd 0x44 maps report offset 14 to payload cell 11	emitted	current_batch_usb_hid_ep1_in_report_diag_tail
stock_168_b1_op	usb_hid_ep1_in_report_payload_byte11_op	ram_var	usb_hid	src/dlcp_fw/asm/dlcp_main_ram.inc operand alias for HID EP1 IN report payload byte 11 at 0x168	emitted	current_batch_usb_hid_ep1_in_report_diag_tail
stock_168_b1_phys	usb_hid_ep1_in_report_payload_byte11_phys	ram_var	usb_hid	src/dlcp_fw/asm/dlcp_main_v34.asm physical alias for HID EP1 IN report payload byte 11 in selector and diagnostic responses	emitted	current_batch_usb_hid_ep1_in_report_diag_tail
stock_169_b1	usb_hid_ep1_in_report_payload_byte12_b1	ram_var	usb_hid	src/dlcp_fw/asm/dlcp_main_v34.asm selector status/version builders write HID EP1 IN payload byte 12; cmd 0x44 maps report offset 15 to payload cell 12	emitted	current_batch_usb_hid_ep1_in_report_diag_tail
stock_169_b1_op	usb_hid_ep1_in_report_payload_byte12_op	ram_var	usb_hid	src/dlcp_fw/asm/dlcp_main_ram.inc operand alias for HID EP1 IN report payload byte 12 at 0x169	emitted	current_batch_usb_hid_ep1_in_report_diag_tail
stock_169_b1_phys	usb_hid_ep1_in_report_payload_byte12_phys	ram_var	usb_hid	src/dlcp_fw/asm/dlcp_main_v34.asm physical alias for HID EP1 IN report payload byte 12 in selector and diagnostic responses	emitted	current_batch_usb_hid_ep1_in_report_diag_tail
stock_16A_b1	usb_hid_ep1_in_report_payload_byte13_b1	ram_var	usb_hid	src/dlcp_fw/asm/dlcp_main_v34.asm selector status/version builders write HID EP1 IN payload byte 13; cmd 0x44 maps report offset 16 to payload cell 13	emitted	current_batch_usb_hid_ep1_in_report_diag_tail
stock_16A_b1_op	usb_hid_ep1_in_report_payload_byte13_op	ram_var	usb_hid	src/dlcp_fw/asm/dlcp_main_ram.inc operand alias for HID EP1 IN report payload byte 13 at 0x16A	emitted	current_batch_usb_hid_ep1_in_report_diag_tail
stock_16A_b1_phys	usb_hid_ep1_in_report_payload_byte13_phys	ram_var	usb_hid	src/dlcp_fw/asm/dlcp_main_v34.asm physical alias for HID EP1 IN report payload byte 13 in selector and diagnostic responses	emitted	current_batch_usb_hid_ep1_in_report_diag_tail
stock_16B_b1	usb_hid_ep1_in_report_payload_byte14_b1	ram_var	usb_hid	src/dlcp_fw/asm/dlcp_main_v34.asm selector version/setup builder writes HID EP1 IN payload byte 14; cmd 0x44 maps report offset 17 to payload cell 14	emitted	current_batch_usb_hid_ep1_in_report_diag_tail
stock_16B_b1_op	usb_hid_ep1_in_report_payload_byte14_op	ram_var	usb_hid	src/dlcp_fw/asm/dlcp_main_ram.inc operand alias for HID EP1 IN report payload byte 14 at 0x16B	emitted	current_batch_usb_hid_ep1_in_report_diag_tail
stock_16B_b1_phys	usb_hid_ep1_in_report_payload_byte14_phys	ram_var	usb_hid	src/dlcp_fw/asm/dlcp_main_v34.asm physical alias for HID EP1 IN report payload byte 14 in selector and diagnostic responses	emitted	current_batch_usb_hid_ep1_in_report_diag_tail
stock_16C_b1	usb_hid_ep1_in_report_payload_byte15_b1	ram_var	usb_hid	src/dlcp_fw/asm/dlcp_main_v34.asm selector version/setup builder writes HID EP1 IN payload byte 15; cmd 0x44 maps report offset 18 to final advertised payload cell	emitted	current_batch_usb_hid_ep1_in_report_diag_tail
stock_16C_b1_op	usb_hid_ep1_in_report_payload_byte15_op	ram_var	usb_hid	src/dlcp_fw/asm/dlcp_main_ram.inc operand alias for HID EP1 IN report payload byte 15 at 0x16C	emitted	current_batch_usb_hid_ep1_in_report_diag_tail
stock_16C_b1_phys	usb_hid_ep1_in_report_payload_byte15_phys	ram_var	usb_hid	src/dlcp_fw/asm/dlcp_main_v34.asm physical alias for HID EP1 IN report payload byte 15 in selector and diagnostic responses	emitted	current_batch_usb_hid_ep1_in_report_diag_tail
stock_16D_b1	usb_hid_ep1_in_report_payload_byte16_b1	ram_var	usb_hid	src/dlcp_fw/asm/dlcp_main_v34.asm selector 0x06 version/setup response writes fixed capability byte 0x0A into HID EP1 IN payload byte 16 at 0x16D	emitted	current_batch_usb_hid_ep1_in_report_selector_tail
stock_16D_b1_op	usb_hid_ep1_in_report_payload_byte16_op	ram_var	usb_hid	src/dlcp_fw/asm/dlcp_main_ram.inc operand alias for HID EP1 IN report payload byte 16 at 0x16D	emitted	current_batch_usb_hid_ep1_in_report_selector_tail
stock_16D_b1_phys	usb_hid_ep1_in_report_payload_byte16_phys	ram_var	usb_hid	src/dlcp_fw/asm/dlcp_main_ram.inc physical alias for HID EP1 IN report payload byte 16 at 0x16D	emitted	current_batch_usb_hid_ep1_in_report_selector_tail
stock_16E_b1	usb_hid_ep1_in_report_payload_byte17_b1	ram_var	usb_hid	src/dlcp_fw/asm/dlcp_main_v34.asm selector 0x06 version/setup response writes fixed capability byte 0x0A into HID EP1 IN payload byte 17 at 0x16E	emitted	current_batch_usb_hid_ep1_in_report_selector_tail
stock_16E_b1_op	usb_hid_ep1_in_report_payload_byte17_op	ram_var	usb_hid	src/dlcp_fw/asm/dlcp_main_ram.inc operand alias for HID EP1 IN report payload byte 17 at 0x16E	emitted	current_batch_usb_hid_ep1_in_report_selector_tail
stock_16E_b1_phys	usb_hid_ep1_in_report_payload_byte17_phys	ram_var	usb_hid	src/dlcp_fw/asm/dlcp_main_ram.inc physical alias for HID EP1 IN report payload byte 17 at 0x16E	emitted	current_batch_usb_hid_ep1_in_report_selector_tail
stock_16F_b1	usb_hid_ep1_in_report_payload_byte18_b1	ram_var	usb_hid	src/dlcp_fw/asm/dlcp_main_v34.asm selector 0x06 version/setup response writes fixed capability byte 0x0A into HID EP1 IN payload byte 18 at 0x16F	emitted	current_batch_usb_hid_ep1_in_report_selector_tail
stock_16F_b1_op	usb_hid_ep1_in_report_payload_byte18_op	ram_var	usb_hid	src/dlcp_fw/asm/dlcp_main_ram.inc operand alias for HID EP1 IN report payload byte 18 at 0x16F	emitted	current_batch_usb_hid_ep1_in_report_selector_tail
stock_16F_b1_phys	usb_hid_ep1_in_report_payload_byte18_phys	ram_var	usb_hid	src/dlcp_fw/asm/dlcp_main_ram.inc physical alias for HID EP1 IN report payload byte 18 at 0x16F	emitted	current_batch_usb_hid_ep1_in_report_selector_tail
stock_170_b1	usb_hid_ep1_in_report_payload_byte19_b1	ram_var	usb_hid	src/dlcp_fw/asm/dlcp_main_v34.asm selector 0x06 version/setup response writes fixed capability byte 0x0A into HID EP1 IN payload byte 19 at 0x170	emitted	current_batch_usb_hid_ep1_in_report_selector_tail
stock_170_b1_op	usb_hid_ep1_in_report_payload_byte19_op	ram_var	usb_hid	src/dlcp_fw/asm/dlcp_main_ram.inc operand alias for HID EP1 IN report payload byte 19 at 0x170	emitted	current_batch_usb_hid_ep1_in_report_selector_tail
stock_170_b1_phys	usb_hid_ep1_in_report_payload_byte19_phys	ram_var	usb_hid	src/dlcp_fw/asm/dlcp_main_ram.inc physical alias for HID EP1 IN report payload byte 19 at 0x170	emitted	current_batch_usb_hid_ep1_in_report_selector_tail
stock_171_b1	usb_hid_ep1_in_report_payload_byte20_b1	ram_var	usb_hid	src/dlcp_fw/asm/dlcp_main_v34.asm selector 0x06 version/setup response writes fixed capability byte 0x01 into HID EP1 IN payload byte 20 at 0x171	emitted	current_batch_usb_hid_ep1_in_report_selector_tail
stock_171_b1_op	usb_hid_ep1_in_report_payload_byte20_op	ram_var	usb_hid	src/dlcp_fw/asm/dlcp_main_ram.inc operand alias for HID EP1 IN report payload byte 20 at 0x171	emitted	current_batch_usb_hid_ep1_in_report_selector_tail
stock_171_b1_phys	usb_hid_ep1_in_report_payload_byte20_phys	ram_var	usb_hid	src/dlcp_fw/asm/dlcp_main_ram.inc physical alias for HID EP1 IN report payload byte 20 at 0x171	emitted	current_batch_usb_hid_ep1_in_report_selector_tail
stock_172_b1	usb_hid_ep1_in_report_payload_byte21_b1	ram_var	usb_hid	src/dlcp_fw/asm/dlcp_main_v34.asm selector 0x06 version/setup response writes fixed capability byte 0x01 into HID EP1 IN payload byte 21 at 0x172	emitted	current_batch_usb_hid_ep1_in_report_selector_tail
stock_172_b1_op	usb_hid_ep1_in_report_payload_byte21_op	ram_var	usb_hid	src/dlcp_fw/asm/dlcp_main_ram.inc operand alias for HID EP1 IN report payload byte 21 at 0x172	emitted	current_batch_usb_hid_ep1_in_report_selector_tail
stock_172_b1_phys	usb_hid_ep1_in_report_payload_byte21_phys	ram_var	usb_hid	src/dlcp_fw/asm/dlcp_main_ram.inc physical alias for HID EP1 IN report payload byte 21 at 0x172	emitted	current_batch_usb_hid_ep1_in_report_selector_tail
stock_173_b1	usb_hid_ep1_in_report_payload_byte22_b1	ram_var	usb_hid	src/dlcp_fw/asm/dlcp_main_v34.asm selector 0x06 version/setup response chain_copy descriptor writes route-trim byte 0 from stock_09B..09E into HID EP1 IN payload byte 22 at 0x173	emitted	current_batch_usb_hid_ep1_in_report_selector_tail
stock_173_b1_op	usb_hid_ep1_in_report_payload_byte22_op	ram_var	usb_hid	src/dlcp_fw/asm/dlcp_main_v34.asm operand alias used as chain_copy destination base for four selector 0x06 route-trim bytes at 0x173..0x176	emitted	current_batch_usb_hid_ep1_in_report_selector_tail
stock_173_b1_phys	usb_hid_ep1_in_report_payload_byte22_phys	ram_var	usb_hid	src/dlcp_fw/asm/dlcp_main_ram.inc physical alias for HID EP1 IN report payload byte 22 at 0x173	emitted	current_batch_usb_hid_ep1_in_report_selector_tail
stock_174_b1	usb_hid_ep1_in_report_payload_byte23_b1	ram_var	usb_hid	src/dlcp_fw/asm/dlcp_main_v34.asm selector 0x06 chain_copy descriptor copies the second of four route-trim bytes into HID EP1 IN payload byte 23 at 0x174	emitted	current_batch_usb_hid_ep1_in_report_selector_tail
stock_174_b1_op	usb_hid_ep1_in_report_payload_byte23_op	ram_var	usb_hid	src/dlcp_fw/asm/dlcp_main_ram.inc operand alias for HID EP1 IN report payload byte 23 at 0x174	emitted	current_batch_usb_hid_ep1_in_report_selector_tail
stock_174_b1_phys	usb_hid_ep1_in_report_payload_byte23_phys	ram_var	usb_hid	src/dlcp_fw/asm/dlcp_main_ram.inc physical alias for HID EP1 IN report payload byte 23 at 0x174	emitted	current_batch_usb_hid_ep1_in_report_selector_tail
stock_175_b1	usb_hid_ep1_in_report_payload_byte24_b1	ram_var	usb_hid	src/dlcp_fw/asm/dlcp_main_v34.asm selector 0x06 chain_copy descriptor copies the third of four route-trim bytes into HID EP1 IN payload byte 24 at 0x175	emitted	current_batch_usb_hid_ep1_in_report_selector_tail
stock_175_b1_op	usb_hid_ep1_in_report_payload_byte24_op	ram_var	usb_hid	src/dlcp_fw/asm/dlcp_main_ram.inc operand alias for HID EP1 IN report payload byte 24 at 0x175	emitted	current_batch_usb_hid_ep1_in_report_selector_tail
stock_175_b1_phys	usb_hid_ep1_in_report_payload_byte24_phys	ram_var	usb_hid	src/dlcp_fw/asm/dlcp_main_ram.inc physical alias for HID EP1 IN report payload byte 24 at 0x175	emitted	current_batch_usb_hid_ep1_in_report_selector_tail
stock_176_b1	usb_hid_ep1_in_report_payload_byte25_b1	ram_var	usb_hid	src/dlcp_fw/asm/dlcp_main_v34.asm selector 0x06 chain_copy descriptor copies the fourth of four route-trim bytes into HID EP1 IN payload byte 25 at 0x176	emitted	current_batch_usb_hid_ep1_in_report_selector_tail
stock_176_b1_op	usb_hid_ep1_in_report_payload_byte25_op	ram_var	usb_hid	src/dlcp_fw/asm/dlcp_main_ram.inc operand alias for HID EP1 IN report payload byte 25 at 0x176	emitted	current_batch_usb_hid_ep1_in_report_selector_tail
stock_176_b1_phys	usb_hid_ep1_in_report_payload_byte25_phys	ram_var	usb_hid	src/dlcp_fw/asm/dlcp_main_ram.inc physical alias for HID EP1 IN report payload byte 25 at 0x176	emitted	current_batch_usb_hid_ep1_in_report_selector_tail
stock_19A_b1	fw_update_intel_hex_record_colon_b1	ram_var	uart_link	src/dlcp_fw/asm/dlcp_main_v34.asm firmware-update relay stores ASCII colon 0x3A at 0x19A before sending the staged Intel HEX style record buffer	emitted	current_batch_fw_update_intel_hex_record_buffer
stock_19A_b1_op	fw_update_intel_hex_record_colon_op	ram_var	uart_link	src/dlcp_fw/asm/dlcp_main_ram.inc operand alias for firmware-update Intel HEX record colon byte at 0x19A	emitted	current_batch_fw_update_intel_hex_record_buffer
stock_19A_b1_phys	fw_update_intel_hex_record_colon_phys	ram_var	uart_link	src/dlcp_fw/asm/dlcp_main_ram.inc physical alias for firmware-update Intel HEX record colon byte at 0x19A	emitted	current_batch_fw_update_intel_hex_record_buffer
stock_19B_b1	fw_update_intel_hex_record_length_hi_b1	ram_var	uart_link	src/dlcp_fw/asm/dlcp_main_v34.asm firmware-update relay stores ASCII 1 at 0x19B as the high character of the 0x10 Intel HEX byte-count field	emitted	current_batch_fw_update_intel_hex_record_buffer
stock_19B_b1_op	fw_update_intel_hex_record_length_hi_op	ram_var	uart_link	src/dlcp_fw/asm/dlcp_main_ram.inc operand alias for firmware-update Intel HEX record length high character at 0x19B	emitted	current_batch_fw_update_intel_hex_record_buffer
stock_19B_b1_phys	fw_update_intel_hex_record_length_hi_phys	ram_var	uart_link	src/dlcp_fw/asm/dlcp_main_ram.inc physical alias for firmware-update Intel HEX record length high character at 0x19B	emitted	current_batch_fw_update_intel_hex_record_buffer
stock_19C_b1	fw_update_intel_hex_record_length_lo_b1	ram_var	uart_link	src/dlcp_fw/asm/dlcp_main_v34.asm firmware-update relay stores ASCII 0 at 0x19C as the low character of the 0x10 Intel HEX byte-count field	emitted	current_batch_fw_update_intel_hex_record_buffer
stock_19C_b1_op	fw_update_intel_hex_record_length_lo_op	ram_var	uart_link	src/dlcp_fw/asm/dlcp_main_ram.inc operand alias for firmware-update Intel HEX record length low character at 0x19C	emitted	current_batch_fw_update_intel_hex_record_buffer
stock_19C_b1_phys	fw_update_intel_hex_record_length_lo_phys	ram_var	uart_link	src/dlcp_fw/asm/dlcp_main_ram.inc physical alias for firmware-update Intel HEX record length low character at 0x19C	emitted	current_batch_fw_update_intel_hex_record_buffer
stock_19D_b1	fw_update_intel_hex_record_addr_hi_high_nibble_b1	ram_var	uart_link	src/dlcp_fw/asm/dlcp_main_v34.asm firmware-update relay points FSR2 at 0x19D and emits ASCII hex for saved address high byte, making 0x19D its high nibble character	emitted	current_batch_fw_update_intel_hex_record_buffer
stock_19D_b1_op	fw_update_intel_hex_record_addr_hi_high_nibble_op	ram_var	uart_link	src/dlcp_fw/asm/dlcp_main_ram.inc operand alias for firmware-update Intel HEX saved-address high-byte high-nibble character at 0x19D	emitted	current_batch_fw_update_intel_hex_record_buffer
stock_19D_b1_phys	fw_update_intel_hex_record_addr_hi_high_nibble_phys	ram_var	uart_link	src/dlcp_fw/asm/dlcp_main_v34.asm physical alias used as FSR2 base for saved-address ASCII hex emission into 0x19D..0x1A0	emitted	current_batch_fw_update_intel_hex_record_buffer
stock_19E_b1	fw_update_intel_hex_record_addr_hi_low_nibble_b1	ram_var	uart_link	src/dlcp_fw/asm/dlcp_main_v34.asm firmware-update saved-address high byte ASCII emission writes its low nibble character at 0x19E via POSTINC2	emitted	current_batch_fw_update_intel_hex_record_buffer
stock_19E_b1_op	fw_update_intel_hex_record_addr_hi_low_nibble_op	ram_var	uart_link	src/dlcp_fw/asm/dlcp_main_ram.inc operand alias for firmware-update Intel HEX saved-address high-byte low-nibble character at 0x19E	emitted	current_batch_fw_update_intel_hex_record_buffer
stock_19E_b1_phys	fw_update_intel_hex_record_addr_hi_low_nibble_phys	ram_var	uart_link	src/dlcp_fw/asm/dlcp_main_ram.inc physical alias for firmware-update Intel HEX saved-address high-byte low-nibble character at 0x19E	emitted	current_batch_fw_update_intel_hex_record_buffer
stock_19F_b1	fw_update_intel_hex_record_addr_lo_high_nibble_b1	ram_var	uart_link	src/dlcp_fw/asm/dlcp_main_v34.asm firmware-update saved-address low byte ASCII emission writes its high nibble character at 0x19F via POSTINC2	emitted	current_batch_fw_update_intel_hex_record_buffer
stock_19F_b1_op	fw_update_intel_hex_record_addr_lo_high_nibble_op	ram_var	uart_link	src/dlcp_fw/asm/dlcp_main_ram.inc operand alias for firmware-update Intel HEX saved-address low-byte high-nibble character at 0x19F	emitted	current_batch_fw_update_intel_hex_record_buffer
stock_19F_b1_phys	fw_update_intel_hex_record_addr_lo_high_nibble_phys	ram_var	uart_link	src/dlcp_fw/asm/dlcp_main_ram.inc physical alias for firmware-update Intel HEX saved-address low-byte high-nibble character at 0x19F	emitted	current_batch_fw_update_intel_hex_record_buffer
stock_1A0_b1	fw_update_intel_hex_record_addr_lo_low_nibble_b1	ram_var	uart_link	src/dlcp_fw/asm/dlcp_main_v34.asm firmware-update saved-address low byte ASCII emission writes its low nibble character at 0x1A0 via POSTINC2	emitted	current_batch_fw_update_intel_hex_record_buffer
stock_1A0_b1_op	fw_update_intel_hex_record_addr_lo_low_nibble_op	ram_var	uart_link	src/dlcp_fw/asm/dlcp_main_ram.inc operand alias for firmware-update Intel HEX saved-address low-byte low-nibble character at 0x1A0	emitted	current_batch_fw_update_intel_hex_record_buffer
stock_1A0_b1_phys	fw_update_intel_hex_record_addr_lo_low_nibble_phys	ram_var	uart_link	src/dlcp_fw/asm/dlcp_main_ram.inc physical alias for firmware-update Intel HEX saved-address low-byte low-nibble character at 0x1A0	emitted	current_batch_fw_update_intel_hex_record_buffer
stock_1A1_b1	fw_update_intel_hex_record_type_hi_b1	ram_var	uart_link	src/dlcp_fw/asm/dlcp_main_v34.asm firmware-update relay stores ASCII 0 at 0x1A1 as the high character of Intel HEX record type 00	emitted	current_batch_fw_update_intel_hex_record_buffer
stock_1A1_b1_op	fw_update_intel_hex_record_type_hi_op	ram_var	uart_link	src/dlcp_fw/asm/dlcp_main_ram.inc operand alias for firmware-update Intel HEX record type high character at 0x1A1	emitted	current_batch_fw_update_intel_hex_record_buffer
stock_1A1_b1_phys	fw_update_intel_hex_record_type_hi_phys	ram_var	uart_link	src/dlcp_fw/asm/dlcp_main_ram.inc physical alias for firmware-update Intel HEX record type high character at 0x1A1	emitted	current_batch_fw_update_intel_hex_record_buffer
stock_1A2_b1	fw_update_intel_hex_record_type_lo_b1	ram_var	uart_link	src/dlcp_fw/asm/dlcp_main_v34.asm firmware-update relay stores ASCII 0 at 0x1A2 as the low character of Intel HEX record type 00	emitted	current_batch_fw_update_intel_hex_record_buffer
stock_1A2_b1_op	fw_update_intel_hex_record_type_lo_op	ram_var	uart_link	src/dlcp_fw/asm/dlcp_main_ram.inc operand alias for firmware-update Intel HEX record type low character at 0x1A2	emitted	current_batch_fw_update_intel_hex_record_buffer
stock_1A2_b1_phys	fw_update_intel_hex_record_type_lo_phys	ram_var	uart_link	src/dlcp_fw/asm/dlcp_main_ram.inc physical alias for firmware-update Intel HEX record type low character at 0x1A2	emitted	current_batch_fw_update_intel_hex_record_buffer
stock_1A3_b1	fw_update_intel_hex_record_tail_start_b1	ram_var	uart_link	src/dlcp_fw/asm/dlcp_main_v34.asm firmware-update relay initially clears 0x1A3 as the record-header terminator, then later uses 0x19A plus dynamic offset stock_04B to append data/checksum tail bytes starting here	emitted	current_batch_fw_update_intel_hex_record_buffer
stock_1A3_b1_op	fw_update_intel_hex_record_tail_start_op	ram_var	uart_link	src/dlcp_fw/asm/dlcp_main_ram.inc operand alias for firmware-update Intel HEX record tail start at 0x1A3	emitted	current_batch_fw_update_intel_hex_record_buffer
stock_1A3_b1_phys	fw_update_intel_hex_record_tail_start_phys	ram_var	uart_link	src/dlcp_fw/asm/dlcp_main_ram.inc physical alias for firmware-update Intel HEX record tail start at 0x1A3	emitted	current_batch_fw_update_intel_hex_record_buffer
stock_1E5_b1	fw_update_fail_status_text_b1	ram_var	uart_link	src/dlcp_fw/asm/dlcp_main_v34.asm cold init copies inline_data_table_47E6 into 0x1E5, and fw_update_relay copies 8 bytes from 0x1E5 to the working text buffer for the failure status string	emitted	current_batch_fw_update_ep0_text_bases
stock_1E5_b1_op	fw_update_fail_status_text_op	ram_var	uart_link	src/dlcp_fw/asm/dlcp_main_ram.inc operand alias for firmware-update failure status text at 0x1E5	emitted	current_batch_fw_update_ep0_text_bases
stock_1E5_b1_phys	fw_update_fail_status_text_phys	ram_var	uart_link	src/dlcp_fw/asm/dlcp_main_v34.asm physical alias used as source base for the 8-byte firmware-update failure status text block	emitted	current_batch_fw_update_ep0_text_bases
stock_1ED_b1	usb_ep0_setup_packet_base_b1	ram_var	usb_ep0	src/dlcp_fw/asm/dlcp_main_v34.asm hid_command_dispatch copies seven bytes from 0x1ED into the HID command staging buffer; tests document 0x1ED..0x1F4 as the USB EP0 SETUP buffer range	emitted	current_batch_fw_update_ep0_text_bases
stock_1ED_b1_op	usb_ep0_setup_packet_base_op	ram_var	usb_ep0	src/dlcp_fw/asm/dlcp_main_ram.inc operand alias for USB EP0 SETUP packet base at 0x1ED	emitted	current_batch_fw_update_ep0_text_bases
stock_1ED_b1_phys	usb_ep0_setup_packet_base_phys	ram_var	usb_ep0	src/dlcp_fw/asm/dlcp_main_v34.asm physical alias used by HID command dispatch as the source base for the staged USB control packet bytes	emitted	current_batch_fw_update_ep0_text_bases
stock_1D9_b1	channel_route_sync_counter3_byte0_b1	ram_var	i2c_secondary	src/dlcp_fw/asm/dlcp_main_v34.asm channel route sync dispatch table maps counter 3 destination pair to 0x1D9/0x1DA and source table maps counter 3 source block to 0x1D9..0x1DC	emitted	current_batch_channel_route_sync_counter3_ram
stock_1D9_b1_op	channel_route_sync_counter3_byte0_op	ram_var	i2c_secondary	src/dlcp_fw/asm/dlcp_main_ram.inc operand alias for channel route sync counter 3 byte 0 at 0x1D9	emitted	current_batch_channel_route_sync_counter3_ram
stock_1D9_b1_phys	channel_route_sync_counter3_byte0_phys	ram_var	i2c_secondary	src/dlcp_fw/asm/dlcp_main_ram.inc physical alias for channel route sync counter 3 byte 0 at 0x1D9	emitted	current_batch_channel_route_sync_counter3_ram
stock_1DA_b1	channel_route_sync_counter3_byte1_b1	ram_var	i2c_secondary	src/dlcp_fw/asm/dlcp_main_v34.asm channel route sync dispatch table maps counter 3 destination pair byte 1 to 0x1DA; source table also uses it as counter 3 source byte 1	emitted	current_batch_channel_route_sync_counter3_ram
stock_1DA_b1_op	channel_route_sync_counter3_byte1_op	ram_var	i2c_secondary	src/dlcp_fw/asm/dlcp_main_ram.inc operand alias for channel route sync counter 3 byte 1 at 0x1DA	emitted	current_batch_channel_route_sync_counter3_ram
stock_1DA_b1_phys	channel_route_sync_counter3_byte1_phys	ram_var	i2c_secondary	src/dlcp_fw/asm/dlcp_main_ram.inc physical alias for channel route sync counter 3 byte 1 at 0x1DA	emitted	current_batch_channel_route_sync_counter3_ram
stock_1DB_b1	channel_route_sync_counter3_byte2_b1	ram_var	i2c_secondary	src/dlcp_fw/asm/dlcp_main_v34.asm channel route sync source table maps counter 3 source byte 2 to 0x1DB before copying the 4-byte block into 0x06A..0x06D	emitted	current_batch_channel_route_sync_counter3_ram
stock_1DB_b1_op	channel_route_sync_counter3_byte2_op	ram_var	i2c_secondary	src/dlcp_fw/asm/dlcp_main_ram.inc operand alias for channel route sync counter 3 byte 2 at 0x1DB	emitted	current_batch_channel_route_sync_counter3_ram
stock_1DB_b1_phys	channel_route_sync_counter3_byte2_phys	ram_var	i2c_secondary	src/dlcp_fw/asm/dlcp_main_ram.inc physical alias for channel route sync counter 3 byte 2 at 0x1DB	emitted	current_batch_channel_route_sync_counter3_ram
stock_1DC_b1	channel_route_sync_counter3_byte3_b1	ram_var	i2c_secondary	src/dlcp_fw/asm/dlcp_main_v34.asm channel route sync source table maps counter 3 source byte 3 to 0x1DC before copying the 4-byte block into 0x06A..0x06D	emitted	current_batch_channel_route_sync_counter3_ram
stock_1DC_b1_op	channel_route_sync_counter3_byte3_op	ram_var	i2c_secondary	src/dlcp_fw/asm/dlcp_main_ram.inc operand alias for channel route sync counter 3 byte 3 at 0x1DC	emitted	current_batch_channel_route_sync_counter3_ram
stock_1DC_b1_phys	channel_route_sync_counter3_byte3_phys	ram_var	i2c_secondary	src/dlcp_fw/asm/dlcp_main_ram.inc physical alias for channel route sync counter 3 byte 3 at 0x1DC	emitted	current_batch_channel_route_sync_counter3_ram
stock_1DD_b1	channel_route_sync_counter5_byte0_b1	ram_var	i2c_secondary	src/dlcp_fw/asm/dlcp_main_v34.asm channel route sync source table maps counter 5 source byte 0 to 0x1DD before copying the 4-byte block into 0x06A..0x06D	emitted	current_batch_channel_route_sync_counter5_6_ram
stock_1DD_b1_op	channel_route_sync_counter5_byte0_op	ram_var	i2c_secondary	src/dlcp_fw/asm/dlcp_main_ram.inc operand alias for channel route sync counter 5 byte 0 at 0x1DD	emitted	current_batch_channel_route_sync_counter5_6_ram
stock_1DD_b1_phys	channel_route_sync_counter5_byte0_phys	ram_var	i2c_secondary	src/dlcp_fw/asm/dlcp_main_ram.inc physical alias for channel route sync counter 5 byte 0 at 0x1DD	emitted	current_batch_channel_route_sync_counter5_6_ram
stock_1DE_b1	channel_route_sync_counter5_byte1_b1	ram_var	i2c_secondary	src/dlcp_fw/asm/dlcp_main_v34.asm channel route sync source table maps counter 5 source byte 1 to 0x1DE before copying the 4-byte block into 0x06A..0x06D	emitted	current_batch_channel_route_sync_counter5_6_ram
stock_1DE_b1_op	channel_route_sync_counter5_byte1_op	ram_var	i2c_secondary	src/dlcp_fw/asm/dlcp_main_ram.inc operand alias for channel route sync counter 5 byte 1 at 0x1DE	emitted	current_batch_channel_route_sync_counter5_6_ram
stock_1DE_b1_phys	channel_route_sync_counter5_byte1_phys	ram_var	i2c_secondary	src/dlcp_fw/asm/dlcp_main_ram.inc physical alias for channel route sync counter 5 byte 1 at 0x1DE	emitted	current_batch_channel_route_sync_counter5_6_ram
stock_1DF_b1	channel_route_sync_counter5_byte2_b1	ram_var	i2c_secondary	src/dlcp_fw/asm/dlcp_main_v34.asm channel route sync source table maps counter 5 source byte 2 to 0x1DF before copying the 4-byte block into 0x06A..0x06D	emitted	current_batch_channel_route_sync_counter5_6_ram
stock_1DF_b1_op	channel_route_sync_counter5_byte2_op	ram_var	i2c_secondary	src/dlcp_fw/asm/dlcp_main_ram.inc operand alias for channel route sync counter 5 byte 2 at 0x1DF	emitted	current_batch_channel_route_sync_counter5_6_ram
stock_1DF_b1_phys	channel_route_sync_counter5_byte2_phys	ram_var	i2c_secondary	src/dlcp_fw/asm/dlcp_main_ram.inc physical alias for channel route sync counter 5 byte 2 at 0x1DF	emitted	current_batch_channel_route_sync_counter5_6_ram
stock_1E0_b1	channel_route_sync_counter5_dest0_or_source3_b1	ram_var	i2c_secondary	src/dlcp_fw/asm/dlcp_main_v34.asm:2539 maps counter5 destination byte0 to 0x1E0; 2556 maps counter5 source byte3 to 0x1E0; semantic review consensus confirmed 4/4; second-stage 16-agent review 2026-06-18 retained emitted status for reviewed 32-row set; no in-scope material issues found	emitted	semantic_review_consensus_2026_06_18
stock_1E0_b1_op	channel_route_sync_counter5_dest0_or_source3_op	ram_var	i2c_secondary	src/dlcp_fw/asm/dlcp_main_v34.asm:2539 maps counter5 destination byte0 to 0x1E0; 2556 maps counter5 source byte3 to 0x1E0; semantic review consensus confirmed 4/4; second-stage 16-agent review 2026-06-18 retained emitted status for reviewed 32-row set; no in-scope material issues found	emitted	semantic_review_consensus_2026_06_18
stock_1E0_b1_phys	channel_route_sync_counter5_dest0_or_source3_phys	ram_var	i2c_secondary	src/dlcp_fw/asm/dlcp_main_v34.asm:2539 maps counter5 destination byte0 to 0x1E0; 2556 maps counter5 source byte3 to 0x1E0; semantic review consensus confirmed 4/4; second-stage 16-agent review 2026-06-18 retained emitted status for reviewed 32-row set; no in-scope material issues found	emitted	semantic_review_consensus_2026_06_18
stock_1E1_b1	channel_route_sync_counter5_dest1_or_counter6_source0_b1	ram_var	i2c_secondary	src/dlcp_fw/asm/dlcp_main_v34.asm:2539 maps counter5 destination byte1 to 0x1E1; 2557 maps counter6 source byte0 to 0x1E1; semantic review consensus confirmed 4/4; second-stage 16-agent review 2026-06-18 retained emitted status for reviewed 32-row set; no in-scope material issues found	emitted	semantic_review_consensus_2026_06_18
stock_1E1_b1_op	channel_route_sync_counter5_dest1_or_counter6_source0_op	ram_var	i2c_secondary	src/dlcp_fw/asm/dlcp_main_v34.asm:2539 maps counter5 destination byte1 to 0x1E1; 2557 maps counter6 source byte0 to 0x1E1; semantic review consensus confirmed 4/4; second-stage 16-agent review 2026-06-18 retained emitted status for reviewed 32-row set; no in-scope material issues found	emitted	semantic_review_consensus_2026_06_18
stock_1E1_b1_phys	channel_route_sync_counter5_dest1_or_counter6_source0_phys	ram_var	i2c_secondary	src/dlcp_fw/asm/dlcp_main_v34.asm:2539 maps counter5 destination byte1 to 0x1E1; 2557 maps counter6 source byte0 to 0x1E1; semantic review consensus confirmed 4/4; second-stage 16-agent review 2026-06-18 retained emitted status for reviewed 32-row set; no in-scope material issues found	emitted	semantic_review_consensus_2026_06_18
stock_1E2_b1	channel_route_sync_counter6_byte1_b1	ram_var	i2c_secondary	src/dlcp_fw/asm/dlcp_main_v34.asm channel route sync source table maps counter 6 source byte 1 to 0x1E2 before copying the 4-byte block into 0x06A..0x06D	emitted	current_batch_channel_route_sync_counter5_6_ram
stock_1E2_b1_op	channel_route_sync_counter6_byte1_op	ram_var	i2c_secondary	src/dlcp_fw/asm/dlcp_main_ram.inc operand alias for channel route sync counter 6 byte 1 at 0x1E2	emitted	current_batch_channel_route_sync_counter5_6_ram
stock_1E2_b1_phys	channel_route_sync_counter6_byte1_phys	ram_var	i2c_secondary	src/dlcp_fw/asm/dlcp_main_ram.inc physical alias for channel route sync counter 6 byte 1 at 0x1E2	emitted	current_batch_channel_route_sync_counter5_6_ram
stock_1E3_b1	channel_route_sync_counter6_byte2_b1	ram_var	i2c_secondary	src/dlcp_fw/asm/dlcp_main_v34.asm channel route sync source table maps counter 6 source byte 2 to 0x1E3 before copying the 4-byte block into 0x06A..0x06D	emitted	current_batch_channel_route_sync_counter5_6_ram
stock_1E3_b1_op	channel_route_sync_counter6_byte2_op	ram_var	i2c_secondary	src/dlcp_fw/asm/dlcp_main_ram.inc operand alias for channel route sync counter 6 byte 2 at 0x1E3	emitted	current_batch_channel_route_sync_counter5_6_ram
stock_1E3_b1_phys	channel_route_sync_counter6_byte2_phys	ram_var	i2c_secondary	src/dlcp_fw/asm/dlcp_main_ram.inc physical alias for channel route sync counter 6 byte 2 at 0x1E3	emitted	current_batch_channel_route_sync_counter5_6_ram
stock_1E4_b1	channel_route_sync_counter6_byte3_b1	ram_var	i2c_secondary	src/dlcp_fw/asm/dlcp_main_v34.asm channel route sync source table maps counter 6 source byte 3 to 0x1E4 before copying the 4-byte block into 0x06A..0x06D	emitted	current_batch_channel_route_sync_counter5_6_ram
stock_1E4_b1_op	channel_route_sync_counter6_byte3_op	ram_var	i2c_secondary	src/dlcp_fw/asm/dlcp_main_ram.inc operand alias for channel route sync counter 6 byte 3 at 0x1E4	emitted	current_batch_channel_route_sync_counter5_6_ram
stock_1E4_b1_phys	channel_route_sync_counter6_byte3_phys	ram_var	i2c_secondary	src/dlcp_fw/asm/dlcp_main_ram.inc physical alias for channel route sync counter 6 byte 3 at 0x1E4	emitted	current_batch_channel_route_sync_counter5_6_ram
stock_0D7_b0	channel_route_sync_counter0_byte0_b0	ram_var	i2c_secondary	src/dlcp_fw/asm/dlcp_main_v34.asm channel route sync source table maps counter 0 source byte 0 to 0x0D7; dispatch table also uses 0x0D7 as counter 0 destination-pair byte 0	emitted	current_batch_channel_route_sync_counter0_1_2_4_ram
stock_0D7_b0_op	channel_route_sync_counter0_byte0_op	ram_var	i2c_secondary	src/dlcp_fw/asm/dlcp_main_ram.inc operand alias for channel route sync counter 0 byte 0 at 0x0D7, which overlaps dispatch counter 0 destination byte 0	emitted	current_batch_channel_route_sync_counter0_1_2_4_ram
stock_0D7_b0_phys	channel_route_sync_counter0_byte0_phys	ram_var	i2c_secondary	src/dlcp_fw/asm/dlcp_main_ram.inc physical alias for channel route sync counter 0 byte 0 at 0x0D7, which overlaps dispatch counter 0 destination byte 0	emitted	current_batch_channel_route_sync_counter0_1_2_4_ram
stock_0D8_b0	channel_route_sync_counter0_byte1_b0	ram_var	i2c_secondary	src/dlcp_fw/asm/dlcp_main_v34.asm channel route sync source table maps counter 0 source byte 1 to 0x0D8; dispatch table also uses 0x0D8 as counter 0 destination-pair byte 1	emitted	current_batch_channel_route_sync_counter0_1_2_4_ram
stock_0D8_b0_op	channel_route_sync_counter0_byte1_op	ram_var	i2c_secondary	src/dlcp_fw/asm/dlcp_main_ram.inc operand alias for channel route sync counter 0 byte 1 at 0x0D8, which overlaps dispatch counter 0 destination byte 1	emitted	current_batch_channel_route_sync_counter0_1_2_4_ram
stock_0D8_b0_phys	channel_route_sync_counter0_byte1_phys	ram_var	i2c_secondary	src/dlcp_fw/asm/dlcp_main_ram.inc physical alias for channel route sync counter 0 byte 1 at 0x0D8, which overlaps dispatch counter 0 destination byte 1	emitted	current_batch_channel_route_sync_counter0_1_2_4_ram
stock_0D9_b0	channel_route_sync_counter0_byte2_b0	ram_var	i2c_secondary	src/dlcp_fw/asm/dlcp_main_v34.asm channel route sync source table maps counter 0 source byte 2 to 0x0D9 before copying the 4-byte block into 0x06A..0x06D	emitted	current_batch_channel_route_sync_counter0_1_2_4_ram
stock_0D9_b0_op	channel_route_sync_counter0_byte2_op	ram_var	i2c_secondary	src/dlcp_fw/asm/dlcp_main_ram.inc operand alias for channel route sync counter 0 byte 2 at 0x0D9	emitted	current_batch_channel_route_sync_counter0_1_2_4_ram
stock_0D9_b0_phys	channel_route_sync_counter0_byte2_phys	ram_var	i2c_secondary	src/dlcp_fw/asm/dlcp_main_ram.inc physical alias for channel route sync counter 0 byte 2 at 0x0D9	emitted	current_batch_channel_route_sync_counter0_1_2_4_ram
stock_0DA_b0	channel_route_sync_counter0_byte3_b0	ram_var	i2c_secondary	src/dlcp_fw/asm/dlcp_main_v34.asm channel route sync source table maps counter 0 source byte 3 to 0x0DA before copying the 4-byte block into 0x06A..0x06D	emitted	current_batch_channel_route_sync_counter0_1_2_4_ram
stock_0DA_b0_op	channel_route_sync_counter0_byte3_op	ram_var	i2c_secondary	src/dlcp_fw/asm/dlcp_main_ram.inc operand alias for channel route sync counter 0 byte 3 at 0x0DA	emitted	current_batch_channel_route_sync_counter0_1_2_4_ram
stock_0DA_b0_phys	channel_route_sync_counter0_byte3_phys	ram_var	i2c_secondary	src/dlcp_fw/asm/dlcp_main_ram.inc physical alias for channel route sync counter 0 byte 3 at 0x0DA	emitted	current_batch_channel_route_sync_counter0_1_2_4_ram
stock_0DB_b0	channel_route_sync_counter1_byte0_b0	ram_var	i2c_secondary	src/dlcp_fw/asm/dlcp_main_v34.asm channel route sync source table maps counter 1 source byte 0 to 0x0DB; dispatch table also uses 0x0DB as counter 1 destination-pair byte 0	emitted	current_batch_channel_route_sync_counter0_1_2_4_ram
stock_0DB_b0_op	channel_route_sync_counter1_byte0_op	ram_var	i2c_secondary	src/dlcp_fw/asm/dlcp_main_ram.inc operand alias for channel route sync counter 1 byte 0 at 0x0DB, which overlaps dispatch counter 1 destination byte 0	emitted	current_batch_channel_route_sync_counter0_1_2_4_ram
stock_0DB_b0_phys	channel_route_sync_counter1_byte0_phys	ram_var	i2c_secondary	src/dlcp_fw/asm/dlcp_main_ram.inc physical alias for channel route sync counter 1 byte 0 at 0x0DB, which overlaps dispatch counter 1 destination byte 0	emitted	current_batch_channel_route_sync_counter0_1_2_4_ram
stock_0DC_b0	channel_route_sync_counter1_byte1_b0	ram_var	i2c_secondary	src/dlcp_fw/asm/dlcp_main_v34.asm channel route sync source table maps counter 1 source byte 1 to 0x0DC; dispatch table also uses 0x0DC as counter 1 destination-pair byte 1	emitted	current_batch_channel_route_sync_counter0_1_2_4_ram
stock_0DC_b0_op	channel_route_sync_counter1_byte1_op	ram_var	i2c_secondary	src/dlcp_fw/asm/dlcp_main_ram.inc operand alias for channel route sync counter 1 byte 1 at 0x0DC, which overlaps dispatch counter 1 destination byte 1	emitted	current_batch_channel_route_sync_counter0_1_2_4_ram
stock_0DC_b0_phys	channel_route_sync_counter1_byte1_phys	ram_var	i2c_secondary	src/dlcp_fw/asm/dlcp_main_ram.inc physical alias for channel route sync counter 1 byte 1 at 0x0DC, which overlaps dispatch counter 1 destination byte 1	emitted	current_batch_channel_route_sync_counter0_1_2_4_ram
stock_0DD_b0	channel_route_sync_counter1_byte2_b0	ram_var	i2c_secondary	src/dlcp_fw/asm/dlcp_main_v34.asm channel route sync source table maps counter 1 source byte 2 to 0x0DD before copying the 4-byte block into 0x06A..0x06D	emitted	current_batch_channel_route_sync_counter0_1_2_4_ram
stock_0DD_b0_op	channel_route_sync_counter1_byte2_op	ram_var	i2c_secondary	src/dlcp_fw/asm/dlcp_main_ram.inc operand alias for channel route sync counter 1 byte 2 at 0x0DD	emitted	current_batch_channel_route_sync_counter0_1_2_4_ram
stock_0DD_b0_phys	channel_route_sync_counter1_byte2_phys	ram_var	i2c_secondary	src/dlcp_fw/asm/dlcp_main_ram.inc physical alias for channel route sync counter 1 byte 2 at 0x0DD	emitted	current_batch_channel_route_sync_counter0_1_2_4_ram
stock_0DE_b0	channel_route_sync_counter1_byte3_b0	ram_var	i2c_secondary	src/dlcp_fw/asm/dlcp_main_v34.asm channel route sync source table maps counter 1 source byte 3 to 0x0DE before copying the 4-byte block into 0x06A..0x06D	emitted	current_batch_channel_route_sync_counter0_1_2_4_ram
stock_0DE_b0_op	channel_route_sync_counter1_byte3_op	ram_var	i2c_secondary	src/dlcp_fw/asm/dlcp_main_ram.inc operand alias for channel route sync counter 1 byte 3 at 0x0DE	emitted	current_batch_channel_route_sync_counter0_1_2_4_ram
stock_0DE_b0_phys	channel_route_sync_counter1_byte3_phys	ram_var	i2c_secondary	src/dlcp_fw/asm/dlcp_main_ram.inc physical alias for channel route sync counter 1 byte 3 at 0x0DE	emitted	current_batch_channel_route_sync_counter0_1_2_4_ram
stock_0DF_b0	channel_route_sync_counter2_byte0_b0	ram_var	i2c_secondary	src/dlcp_fw/asm/dlcp_main_v34.asm channel route sync source table maps counter 2 source byte 0 to 0x0DF; dispatch table also uses 0x0DF as counter 2 destination-pair byte 0	emitted	current_batch_channel_route_sync_counter0_1_2_4_ram
stock_0DF_b0_op	channel_route_sync_counter2_byte0_op	ram_var	i2c_secondary	src/dlcp_fw/asm/dlcp_main_ram.inc operand alias for channel route sync counter 2 byte 0 at 0x0DF, which overlaps dispatch counter 2 destination byte 0	emitted	current_batch_channel_route_sync_counter0_1_2_4_ram
stock_0DF_b0_phys	channel_route_sync_counter2_byte0_phys	ram_var	i2c_secondary	src/dlcp_fw/asm/dlcp_main_ram.inc physical alias for channel route sync counter 2 byte 0 at 0x0DF, which overlaps dispatch counter 2 destination byte 0	emitted	current_batch_channel_route_sync_counter0_1_2_4_ram
stock_0E0_b0	channel_route_sync_counter2_byte1_b0	ram_var	i2c_secondary	src/dlcp_fw/asm/dlcp_main_v34.asm channel route sync source table maps counter 2 source byte 1 to 0x0E0; dispatch table also uses 0x0E0 as counter 2 destination-pair byte 1	emitted	current_batch_channel_route_sync_counter0_1_2_4_ram
stock_0E0_b0_op	channel_route_sync_counter2_byte1_op	ram_var	i2c_secondary	src/dlcp_fw/asm/dlcp_main_ram.inc operand alias for channel route sync counter 2 byte 1 at 0x0E0, which overlaps dispatch counter 2 destination byte 1	emitted	current_batch_channel_route_sync_counter0_1_2_4_ram
stock_0E0_b0_phys	channel_route_sync_counter2_byte1_phys	ram_var	i2c_secondary	src/dlcp_fw/asm/dlcp_main_ram.inc physical alias for channel route sync counter 2 byte 1 at 0x0E0, which overlaps dispatch counter 2 destination byte 1	emitted	current_batch_channel_route_sync_counter0_1_2_4_ram
stock_0E1_b0	channel_route_sync_counter2_byte2_b0	ram_var	i2c_secondary	src/dlcp_fw/asm/dlcp_main_v34.asm channel route sync source table maps counter 2 source byte 2 to 0x0E1 before copying the 4-byte block into 0x06A..0x06D	emitted	current_batch_channel_route_sync_counter0_1_2_4_ram
stock_0E1_b0_op	channel_route_sync_counter2_byte2_op	ram_var	i2c_secondary	src/dlcp_fw/asm/dlcp_main_ram.inc operand alias for channel route sync counter 2 byte 2 at 0x0E1	emitted	current_batch_channel_route_sync_counter0_1_2_4_ram
stock_0E1_b0_phys	channel_route_sync_counter2_byte2_phys	ram_var	i2c_secondary	src/dlcp_fw/asm/dlcp_main_ram.inc physical alias for channel route sync counter 2 byte 2 at 0x0E1	emitted	current_batch_channel_route_sync_counter0_1_2_4_ram
stock_0E2_b0	channel_route_sync_counter2_byte3_b0	ram_var	i2c_secondary	src/dlcp_fw/asm/dlcp_main_v34.asm channel route sync source table maps counter 2 source byte 3 to 0x0E2 before copying the 4-byte block into 0x06A..0x06D	emitted	current_batch_channel_route_sync_counter0_1_2_4_ram
stock_0E2_b0_op	channel_route_sync_counter2_byte3_op	ram_var	i2c_secondary	src/dlcp_fw/asm/dlcp_main_ram.inc operand alias for channel route sync counter 2 byte 3 at 0x0E2	emitted	current_batch_channel_route_sync_counter0_1_2_4_ram
stock_0E2_b0_phys	channel_route_sync_counter2_byte3_phys	ram_var	i2c_secondary	src/dlcp_fw/asm/dlcp_main_ram.inc physical alias for channel route sync counter 2 byte 3 at 0x0E2	emitted	current_batch_channel_route_sync_counter0_1_2_4_ram
stock_0E3_b0	channel_route_sync_counter4_byte0_b0	ram_var	i2c_secondary	src/dlcp_fw/asm/dlcp_main_v34.asm channel route sync source table maps counter 4 source byte 0 to 0x0E3 before copying the 4-byte block into 0x06A..0x06D	emitted	current_batch_channel_route_sync_counter0_1_2_4_ram
stock_0E3_b0_op	channel_route_sync_counter4_byte0_op	ram_var	i2c_secondary	src/dlcp_fw/asm/dlcp_main_ram.inc operand alias for channel route sync counter 4 byte 0 at 0x0E3	emitted	current_batch_channel_route_sync_counter0_1_2_4_ram
stock_0E3_b0_phys	channel_route_sync_counter4_byte0_phys	ram_var	i2c_secondary	src/dlcp_fw/asm/dlcp_main_ram.inc physical alias for channel route sync counter 4 byte 0 at 0x0E3	emitted	current_batch_channel_route_sync_counter0_1_2_4_ram
stock_0E4_b0	channel_route_sync_counter4_dest0_or_source1_b0	ram_var	i2c_secondary	src/dlcp_fw/asm/dlcp_main_v34.asm:2538 maps counter4 destination byte0 to 0x0E4; 2555 maps counter4 source byte1 to 0x0E4; semantic review consensus confirmed 4/4; second-stage 16-agent review 2026-06-18 retained emitted status for reviewed 32-row set; no in-scope material issues found	emitted	semantic_review_consensus_2026_06_18
stock_0E4_b0_op	channel_route_sync_counter4_dest0_or_source1_op	ram_var	i2c_secondary	src/dlcp_fw/asm/dlcp_main_v34.asm:2538 maps counter4 destination byte0 to 0x0E4; 2555 maps counter4 source byte1 to 0x0E4; semantic review consensus confirmed 4/4; second-stage 16-agent review 2026-06-18 retained emitted status for reviewed 32-row set; no in-scope material issues found	emitted	semantic_review_consensus_2026_06_18
stock_0E4_b0_phys	channel_route_sync_counter4_dest0_or_source1_phys	ram_var	i2c_secondary	src/dlcp_fw/asm/dlcp_main_v34.asm:2538 maps counter4 destination byte0 to 0x0E4; 2555 maps counter4 source byte1 to 0x0E4; semantic review consensus confirmed 4/4; second-stage 16-agent review 2026-06-18 retained emitted status for reviewed 32-row set; no in-scope material issues found	emitted	semantic_review_consensus_2026_06_18
stock_0E5_b0	channel_route_sync_counter4_dest1_or_source2_b0	ram_var	i2c_secondary	src/dlcp_fw/asm/dlcp_main_v34.asm:2538 maps counter4 destination byte1 to 0x0E5; 2555 maps counter4 source byte2 to 0x0E5; semantic review consensus confirmed 4/4; second-stage 16-agent review 2026-06-18 retained emitted status for reviewed 32-row set; no in-scope material issues found	emitted	semantic_review_consensus_2026_06_18
stock_0E5_b0_op	channel_route_sync_counter4_dest1_or_source2_op	ram_var	i2c_secondary	src/dlcp_fw/asm/dlcp_main_v34.asm:2538 maps counter4 destination byte1 to 0x0E5; 2555 maps counter4 source byte2 to 0x0E5; semantic review consensus confirmed 4/4; second-stage 16-agent review 2026-06-18 retained emitted status for reviewed 32-row set; no in-scope material issues found	emitted	semantic_review_consensus_2026_06_18
stock_0E5_b0_phys	channel_route_sync_counter4_dest1_or_source2_phys	ram_var	i2c_secondary	src/dlcp_fw/asm/dlcp_main_v34.asm:2538 maps counter4 destination byte1 to 0x0E5; 2555 maps counter4 source byte2 to 0x0E5; semantic review consensus confirmed 4/4; second-stage 16-agent review 2026-06-18 retained emitted status for reviewed 32-row set; no in-scope material issues found	emitted	semantic_review_consensus_2026_06_18
stock_0E6_b0	channel_route_sync_counter4_byte3_b0	ram_var	i2c_secondary	src/dlcp_fw/asm/dlcp_main_v34.asm channel route sync source table maps counter 4 source byte 3 to 0x0E6 before copying the 4-byte block into 0x06A..0x06D	emitted	current_batch_channel_route_sync_counter0_1_2_4_ram
stock_0E6_b0_op	channel_route_sync_counter4_byte3_op	ram_var	i2c_secondary	src/dlcp_fw/asm/dlcp_main_ram.inc operand alias for channel route sync counter 4 byte 3 at 0x0E6	emitted	current_batch_channel_route_sync_counter0_1_2_4_ram
stock_0E6_b0_phys	channel_route_sync_counter4_byte3_phys	ram_var	i2c_secondary	src/dlcp_fw/asm/dlcp_main_ram.inc physical alias for channel route sync counter 4 byte 3 at 0x0E6	emitted	current_batch_channel_route_sync_counter0_1_2_4_ram
stock_06A_b0	channel_route_sync_selected_source_byte0_b0	ram_var	i2c_secondary	src/dlcp_fw/asm/dlcp_main_v34.asm channel route sync part 3 copies selected source-block byte 0 into 0x06A before the staged DSP write transaction loop reads 0x06A..0x06D	emitted	current_batch_channel_route_sync_selected_source_stage
stock_06A_b0_op	channel_route_sync_selected_source_byte0_op	ram_var	i2c_secondary	src/dlcp_fw/asm/dlcp_main_ram.inc operand alias for channel route sync selected source staging byte 0 at 0x06A	emitted	current_batch_channel_route_sync_selected_source_stage
stock_06A_b0_phys	channel_route_sync_selected_source_byte0_phys	ram_var	i2c_secondary	src/dlcp_fw/asm/dlcp_main_v34.asm physical alias used by part 3 to store selected source-block byte 0 into the 0x06A..0x06D staging buffer	emitted	current_batch_channel_route_sync_selected_source_stage
stock_06B_b0	channel_route_sync_selected_source_byte1_b0	ram_var	i2c_secondary	src/dlcp_fw/asm/dlcp_main_v34.asm channel route sync part 3 copies selected source-block byte 1 into 0x06B before the staged DSP write transaction loop reads 0x06A..0x06D	emitted	current_batch_channel_route_sync_selected_source_stage
stock_06B_b0_op	channel_route_sync_selected_source_byte1_op	ram_var	i2c_secondary	src/dlcp_fw/asm/dlcp_main_ram.inc operand alias for channel route sync selected source staging byte 1 at 0x06B	emitted	current_batch_channel_route_sync_selected_source_stage
stock_06B_b0_phys	channel_route_sync_selected_source_byte1_phys	ram_var	i2c_secondary	src/dlcp_fw/asm/dlcp_main_v34.asm physical alias used by part 3 to store selected source-block byte 1 into the 0x06A..0x06D staging buffer	emitted	current_batch_channel_route_sync_selected_source_stage
stock_06C_b0	channel_route_sync_selected_source_byte2_b0	ram_var	i2c_secondary	src/dlcp_fw/asm/dlcp_main_v34.asm channel route sync part 3 copies selected source-block byte 2 into 0x06C before the staged DSP write transaction loop reads 0x06A..0x06D	emitted	current_batch_channel_route_sync_selected_source_stage
stock_06C_b0_op	channel_route_sync_selected_source_byte2_op	ram_var	i2c_secondary	src/dlcp_fw/asm/dlcp_main_ram.inc operand alias for channel route sync selected source staging byte 2 at 0x06C	emitted	current_batch_channel_route_sync_selected_source_stage
stock_06C_b0_phys	channel_route_sync_selected_source_byte2_phys	ram_var	i2c_secondary	src/dlcp_fw/asm/dlcp_main_v34.asm physical alias used by part 3 to store selected source-block byte 2 into the 0x06A..0x06D staging buffer	emitted	current_batch_channel_route_sync_selected_source_stage
stock_06D_b0	channel_route_sync_selected_source_byte3_b0	ram_var	i2c_secondary	src/dlcp_fw/asm/dlcp_main_v34.asm channel route sync part 3 copies selected source-block byte 3 into 0x06D before the staged DSP write transaction loop reads 0x06A..0x06D	emitted	current_batch_channel_route_sync_selected_source_stage
stock_06D_b0_op	channel_route_sync_selected_source_byte3_op	ram_var	i2c_secondary	src/dlcp_fw/asm/dlcp_main_ram.inc operand alias for channel route sync selected source staging byte 3 at 0x06D	emitted	current_batch_channel_route_sync_selected_source_stage
stock_06D_b0_phys	channel_route_sync_selected_source_byte3_phys	ram_var	i2c_secondary	src/dlcp_fw/asm/dlcp_main_v34.asm physical alias used by part 3 to store selected source-block byte 3 into the 0x06A..0x06D staging buffer	emitted	current_batch_channel_route_sync_selected_source_stage
stock_05A_acc	channel_route_sync_source_block_index_acc	ram_var	i2c_secondary	src/dlcp_fw/asm/dlcp_main_v34.asm route sync part 3 clears 0x05A, doubles it to index the 7-entry source table, adds 0x0F to select the matching secondary-device register, and loops until counter 6	emitted	current_batch_channel_route_sync_loop_indices
stock_05A_acc_op	channel_route_sync_source_block_index_op	ram_var	i2c_secondary	src/dlcp_fw/asm/dlcp_main_ram.inc operand alias for the route sync source-block index at 0x05A	emitted	current_batch_channel_route_sync_loop_indices
stock_05A_acc_phys	channel_route_sync_source_block_index_phys	ram_var	i2c_secondary	src/dlcp_fw/asm/dlcp_main_ram.inc physical alias for the route sync source-block index at 0x05A	emitted	current_batch_channel_route_sync_loop_indices
stock_05B_acc	channel_route_sync_selected_source_byte_index_acc	ram_var	i2c_secondary	src/dlcp_fw/asm/dlcp_main_v34.asm route sync part 3 clears 0x05B inside each source-block iteration, uses it as offset 0..3 into staged bytes 0x06A..0x06D, and loops until byte index 3	emitted	current_batch_channel_route_sync_loop_indices
stock_05B_acc_op	channel_route_sync_selected_source_byte_index_op	ram_var	i2c_secondary	src/dlcp_fw/asm/dlcp_main_ram.inc operand alias for the route sync selected-source byte index at 0x05B	emitted	current_batch_channel_route_sync_loop_indices
stock_05B_acc_phys	channel_route_sync_selected_source_byte_index_phys	ram_var	i2c_secondary	src/dlcp_fw/asm/dlcp_main_ram.inc physical alias for the route sync selected-source byte index at 0x05B	emitted	current_batch_channel_route_sync_loop_indices
stock_059_acc	scratch_loop_counter_acc	ram_var	shared	src/dlcp_fw/asm/dlcp_main_v34.asm 0x059 is a mixed-lifetime loop counter: route-sync part 2 indexes six destination-table entries, and USB service uses it to clear 0x15A..0x199	emitted	current_batch_shared_scratch_loop_counter
stock_059_acc_op	scratch_loop_counter_op	ram_var	shared	src/dlcp_fw/asm/dlcp_main_ram.inc operand alias for mixed-lifetime scratch loop counter at 0x059	emitted	current_batch_shared_scratch_loop_counter
stock_059_acc_phys	scratch_loop_counter_phys	ram_var	shared	src/dlcp_fw/asm/dlcp_main_ram.inc physical alias for mixed-lifetime scratch loop counter at 0x059	emitted	current_batch_shared_scratch_loop_counter
stock_059_b0	scratch_loop_counter_b0	ram_var	shared	src/dlcp_fw/asm/dlcp_main_ram.inc bank-0 alias for mixed-lifetime scratch loop counter at 0x059	emitted	current_batch_shared_scratch_loop_counter
stock_059_b0_op	scratch_loop_counter_b0_op	ram_var	shared	src/dlcp_fw/asm/dlcp_main_ram.inc bank-0 operand alias for mixed-lifetime scratch loop counter at 0x059	emitted	current_batch_shared_scratch_loop_counter
stock_059_b0_phys	scratch_loop_counter_b0_phys	ram_var	shared	src/dlcp_fw/asm/dlcp_main_ram.inc bank-0 physical alias for mixed-lifetime scratch loop counter at 0x059	emitted	current_batch_shared_scratch_loop_counter
stock_05C_acc	adc_boot_gate_sample_lo_acc	ram_var	adc_rail	src/dlcp_fw/asm/dlcp_main_v34.asm adc_boot_gate clears 0x05C then adds ADRESL through it before storing the low byte of the AN0 rail sample at 0x088	emitted	current_batch_adc_rail_sample_ram
stock_05C_acc_op	adc_boot_gate_sample_lo_op	ram_var	adc_rail	src/dlcp_fw/asm/dlcp_main_ram.inc operand alias for adc_boot_gate low-byte ADC sample assembly scratch at 0x05C	emitted	current_batch_adc_rail_sample_ram
stock_05C_acc_phys	adc_boot_gate_sample_lo_phys	ram_var	adc_rail	src/dlcp_fw/asm/dlcp_main_ram.inc physical alias for adc_boot_gate low-byte ADC sample assembly scratch at 0x05C	emitted	current_batch_adc_rail_sample_ram
stock_05C_b0	adc_boot_gate_sample_lo_b0	ram_var	adc_rail	src/dlcp_fw/asm/dlcp_main_ram.inc bank-0 alias for adc_boot_gate low-byte ADC sample assembly scratch at 0x05C	emitted	current_batch_adc_rail_sample_ram
stock_05C_b0_op	adc_boot_gate_sample_lo_b0_op	ram_var	adc_rail	src/dlcp_fw/asm/dlcp_main_ram.inc bank-0 operand alias for adc_boot_gate low-byte ADC sample assembly scratch at 0x05C	emitted	current_batch_adc_rail_sample_ram
stock_05C_b0_phys	adc_boot_gate_sample_lo_b0_phys	ram_var	adc_rail	src/dlcp_fw/asm/dlcp_main_ram.inc bank-0 physical alias for adc_boot_gate low-byte ADC sample assembly scratch at 0x05C	emitted	current_batch_adc_rail_sample_ram
stock_05D_acc	adc_boot_gate_sample_hi_acc	ram_var	adc_rail	src/dlcp_fw/asm/dlcp_main_v34.asm adc_boot_gate stores ADRESH in 0x05D, adds carry from ADRESL assembly, then writes the high byte of the AN0 rail sample to 0x089	emitted	current_batch_adc_rail_sample_ram
stock_05D_acc_op	adc_boot_gate_sample_hi_op	ram_var	adc_rail	src/dlcp_fw/asm/dlcp_main_ram.inc operand alias for adc_boot_gate high-byte ADC sample assembly scratch at 0x05D	emitted	current_batch_adc_rail_sample_ram
stock_05D_acc_phys	adc_boot_gate_sample_hi_phys	ram_var	adc_rail	src/dlcp_fw/asm/dlcp_main_ram.inc physical alias for adc_boot_gate high-byte ADC sample assembly scratch at 0x05D	emitted	current_batch_adc_rail_sample_ram
stock_05D_b0	adc_boot_gate_sample_hi_b0	ram_var	adc_rail	src/dlcp_fw/asm/dlcp_main_ram.inc bank-0 alias for adc_boot_gate high-byte ADC sample assembly scratch at 0x05D	emitted	current_batch_adc_rail_sample_ram
stock_05D_b0_op	adc_boot_gate_sample_hi_b0_op	ram_var	adc_rail	src/dlcp_fw/asm/dlcp_main_ram.inc bank-0 operand alias for adc_boot_gate high-byte ADC sample assembly scratch at 0x05D	emitted	current_batch_adc_rail_sample_ram
stock_05D_b0_phys	adc_boot_gate_sample_hi_b0_phys	ram_var	adc_rail	src/dlcp_fw/asm/dlcp_main_ram.inc bank-0 physical alias for adc_boot_gate high-byte ADC sample assembly scratch at 0x05D	emitted	current_batch_adc_rail_sample_ram
stock_088_b0	adc_rail_sample_lo_b0	ram_var	adc_rail	src/dlcp_fw/asm/dlcp_main_v34.asm adc_boot_gate and main_adc_service store ADRESL-derived low byte at 0x088; rail_adc_cmp_hi02_w subtracts threshold low byte from this cached rail sample	emitted	current_batch_adc_rail_sample_ram
stock_088_b0_op	adc_rail_sample_lo_op	ram_var	adc_rail	src/dlcp_fw/asm/dlcp_main_ram.inc operand alias for cached AN0 rail ADC sample low byte at 0x088	emitted	current_batch_adc_rail_sample_ram
stock_088_b0_phys	adc_rail_sample_lo_phys	ram_var	adc_rail	src/dlcp_fw/asm/dlcp_main_ram.inc physical alias for cached AN0 rail ADC sample low byte at 0x088	emitted	current_batch_adc_rail_sample_ram
stock_089_b0	adc_rail_sample_hi_b0	ram_var	adc_rail	src/dlcp_fw/asm/dlcp_main_v34.asm adc_boot_gate and main_adc_service store ADRESH/carry-derived high byte at 0x089; rail_adc_cmp_hi02_w subtracts threshold high byte from this cached rail sample	emitted	current_batch_adc_rail_sample_ram
stock_089_b0_op	adc_rail_sample_hi_op	ram_var	adc_rail	src/dlcp_fw/asm/dlcp_main_ram.inc operand alias for cached AN0 rail ADC sample high byte at 0x089	emitted	current_batch_adc_rail_sample_ram
stock_089_b0_phys	adc_rail_sample_hi_phys	ram_var	adc_rail	src/dlcp_fw/asm/dlcp_main_ram.inc physical alias for cached AN0 rail ADC sample high byte at 0x089	emitted	current_batch_adc_rail_sample_ram
stock_07A_b0	usb_selected_bdt_entry_ptr_lo_b0	ram_var	usb_ep0	src/dlcp_fw/asm/dlcp_main_v34.asm USB transfer service stores selected BDT entry low pointer byte from USTAT ping-pong direction and uses it to address the setup packet source buffer	emitted	current_batch_usb_setup_copy_state_ram
stock_07A_b0_op	usb_selected_bdt_entry_ptr_lo_op	ram_var	usb_ep0	src/dlcp_fw/asm/dlcp_main_ram.inc operand alias for selected USB BDT entry pointer low byte at 0x07A	emitted	current_batch_usb_setup_copy_state_ram
stock_07A_b0_phys	usb_selected_bdt_entry_ptr_lo_phys	ram_var	usb_ep0	src/dlcp_fw/asm/dlcp_main_v34.asm physical alias loaded into FSR2L for selected USB BDT entry access during SETUP-token copy	emitted	current_batch_usb_setup_copy_state_ram
stock_07B_b0	usb_selected_bdt_entry_ptr_hi_b0	ram_var	usb_ep0	src/dlcp_fw/asm/dlcp_main_v34.asm USB transfer service stores selected BDT entry high pointer byte 0x04 and uses it with 0x07A to address the setup packet source buffer	emitted	current_batch_usb_setup_copy_state_ram
stock_07B_b0_op	usb_selected_bdt_entry_ptr_hi_op	ram_var	usb_ep0	src/dlcp_fw/asm/dlcp_main_ram.inc operand alias for selected USB BDT entry pointer high byte at 0x07B	emitted	current_batch_usb_setup_copy_state_ram
stock_07B_b0_phys	usb_selected_bdt_entry_ptr_hi_phys	ram_var	usb_ep0	src/dlcp_fw/asm/dlcp_main_v34.asm physical alias loaded into FSR2H for selected USB BDT entry access during SETUP-token copy	emitted	current_batch_usb_setup_copy_state_ram
stock_090_b0	usb_setup_copy_index_b0	ram_var	usb_ep0	src/dlcp_fw/asm/dlcp_main_v34.asm SETUP-token path clears 0x090, uses it as offset 0..7 into the 0x0CF setup packet staging area, and increments it during the eight-byte copy loop	emitted	current_batch_usb_setup_copy_state_ram
stock_090_b0_op	usb_setup_copy_index_op	ram_var	usb_ep0	src/dlcp_fw/asm/dlcp_main_ram.inc operand alias for USB setup packet copy index at 0x090	emitted	current_batch_usb_setup_copy_state_ram
stock_090_b0_phys	usb_setup_copy_index_phys	ram_var	usb_ep0	src/dlcp_fw/asm/dlcp_main_ram.inc physical alias for USB setup packet copy index at 0x090	emitted	current_batch_usb_setup_copy_state_ram
stock_092_b0	usb_uie_saved_mask_b0	ram_var	usb_ep0	src/dlcp_fw/asm/dlcp_main_v34.asm USB reset interrupt path saves UIE at 0x092, temporarily forces UIE to USB reset only, then ORs the saved mask back into UIE	emitted	current_batch_usb_setup_copy_state_ram
stock_092_b0_op	usb_uie_saved_mask_op	ram_var	usb_ep0	src/dlcp_fw/asm/dlcp_main_ram.inc operand alias for saved USB interrupt enable mask at 0x092	emitted	current_batch_usb_setup_copy_state_ram
stock_092_b0_phys	usb_uie_saved_mask_phys	ram_var	usb_ep0	src/dlcp_fw/asm/dlcp_main_v34.asm physical alias used to save UIE before USB reset handling restores the interrupt-enable mask	emitted	current_batch_usb_setup_copy_state_ram
stock_091_b0	usb_reset_lowram_clear_index_b0	ram_var	usb_ep0	src/dlcp_fw/asm/dlcp_main_v34.asm USB reset/init helper clears 0x091 and uses it as the wrapping index for clearing low RAM from 0xEC through 0xEB before setting post-reset USB state	emitted	current_batch_usb_reset_lowram_clear_index
stock_091_b0_op	usb_reset_lowram_clear_index_op	ram_var	usb_ep0	src/dlcp_fw/asm/dlcp_main_ram.inc operand alias for USB reset low-RAM clear loop index at 0x091	emitted	current_batch_usb_reset_lowram_clear_index
stock_091_b0_phys	usb_reset_lowram_clear_index_phys	ram_var	usb_ep0	src/dlcp_fw/asm/dlcp_main_ram.inc physical alias for USB reset low-RAM clear loop index at 0x091	emitted	current_batch_usb_reset_lowram_clear_index
stock_1C7_b1	fw_update_uart_record_byte0_b1	ram_var	uart_link	src/dlcp_fw/asm/dlcp_main_v34.asm firmware-update relay calls uart_rx_with_framing with destination 0x1C7 and length 0x0A, then uses byte 0 with byte 1 to update the Intel HEX checksum	emitted	current_batch_fw_update_uart_record_buffer
stock_1C7_b1_op	fw_update_uart_record_byte0_op	ram_var	uart_link	src/dlcp_fw/asm/dlcp_main_ram.inc operand alias for firmware-update UART Intel HEX record buffer byte 0 at 0x1C7	emitted	current_batch_fw_update_uart_record_buffer
stock_1C7_b1_phys	fw_update_uart_record_byte0_phys	ram_var	uart_link	src/dlcp_fw/asm/dlcp_main_ram.inc physical alias for firmware-update UART Intel HEX record buffer byte 0 at 0x1C7	emitted	current_batch_fw_update_uart_record_buffer
stock_1C8_b1	fw_update_uart_record_byte1_b1	ram_var	uart_link	src/dlcp_fw/asm/dlcp_main_v34.asm firmware-update relay receives the Intel HEX record at 0x1C7 and copies byte 1 from 0x1C8 into checksum staging before decoding the first byte pair	emitted	current_batch_fw_update_uart_record_buffer
stock_1C8_b1_op	fw_update_uart_record_byte1_op	ram_var	uart_link	src/dlcp_fw/asm/dlcp_main_ram.inc operand alias for firmware-update UART Intel HEX record buffer byte 1 at 0x1C8	emitted	current_batch_fw_update_uart_record_buffer
stock_1C8_b1_phys	fw_update_uart_record_byte1_phys	ram_var	uart_link	src/dlcp_fw/asm/dlcp_main_v34.asm physical alias used to copy firmware-update UART Intel HEX record byte 1 into checksum staging	emitted	current_batch_fw_update_uart_record_buffer
stock_09A_b0	route_volume_trim_offset_b0	ram_var	i2c_tas3108	src/dlcp_fw/asm/dlcp_main_v34.asm volume-dirty path clears 0x09A, loads applied-route trim from route_0/5/6/7 trim table through PLUSW2, then adds it into computed_volume before TAS3108 volume write	emitted	current_batch_route_volume_trim_offset
stock_09A_b0_op	route_volume_trim_offset_op	ram_var	i2c_tas3108	src/dlcp_fw/asm/dlcp_main_ram.inc operand alias for the applied route volume trim offset scratch byte at 0x09A	emitted	current_batch_route_volume_trim_offset
stock_09A_b0_phys	route_volume_trim_offset_phys	ram_var	i2c_tas3108	src/dlcp_fw/asm/dlcp_main_v34.asm physical alias loaded from applied-route trim table before computed-volume accumulation	emitted	current_batch_route_volume_trim_offset
stock_0C1_b0	usb_hid_ep1_in_report_selector_b0	ram_var	usb_hid	src/dlcp_fw/asm/dlcp_main_v34.asm HID command dispatch writes selector values into 0x0C1, stage_hid_ep1_in_report_from_selector copies it to HID IN byte 0, dispatches selector cases, then clears it on return	emitted	current_batch_usb_hid_ep1_selector_staging
stock_0C1_b0_op	usb_hid_ep1_in_report_selector_op	ram_var	usb_hid	src/dlcp_fw/asm/dlcp_main_ram.inc operand alias for the staged HID EP1 IN report selector byte at 0x0C1	emitted	current_batch_usb_hid_ep1_selector_staging
stock_0C1_b0_phys	usb_hid_ep1_in_report_selector_phys	ram_var	usb_hid	src/dlcp_fw/asm/dlcp_main_v34.asm physical alias copied into the HID EP1 IN report command/selector byte before selector-specific response staging	emitted	current_batch_usb_hid_ep1_selector_staging
stock_0C2_b0	usb_hid_ep1_in_report_selector_arg_b0	ram_var	usb_hid	src/dlcp_fw/asm/dlcp_main_v34.asm HID selector staging stores stock_11B or fixed submodes in 0x0C2; selector 3 copies it to HID IN byte 1 and selector 4 branches on mode 1/2	emitted	current_batch_usb_hid_ep1_selector_staging
stock_0C2_b0_op	usb_hid_ep1_in_report_selector_arg_op	ram_var	usb_hid	src/dlcp_fw/asm/dlcp_main_ram.inc operand alias for the staged HID EP1 IN report selector argument byte at 0x0C2	emitted	current_batch_usb_hid_ep1_selector_staging
stock_0C2_b0_phys	usb_hid_ep1_in_report_selector_arg_phys	ram_var	usb_hid	src/dlcp_fw/asm/dlcp_main_v34.asm physical alias used to stage selector argument/submode bytes into HID EP1 IN response payloads	emitted	current_batch_usb_hid_ep1_selector_staging
stock_0C4_b0	usb_transaction_service_pass_count_b0	ram_var	usb_ep0	src/dlcp_fw/asm/dlcp_main_v34.asm usb_sie_endpoint_pump clears 0x0C4 before the UIR.TRNIF scan loop, increments it after each serviced transaction, and loops while the bounded pass count remains within four entries	emitted	current_batch_usb_transaction_service_pass_count
stock_0C4_b0_op	usb_transaction_service_pass_count_op	ram_var	usb_ep0	src/dlcp_fw/asm/dlcp_main_ram.inc operand alias for the USB transaction service bounded pass counter at 0x0C4	emitted	current_batch_usb_transaction_service_pass_count
stock_0C4_b0_phys	usb_transaction_service_pass_count_phys	ram_var	usb_ep0	src/dlcp_fw/asm/dlcp_main_ram.inc physical alias for the USB transaction service bounded pass counter at 0x0C4	emitted	current_batch_usb_transaction_service_pass_count
stock_0FE_b0	boot_config_marker_valid_b0	ram_var	boot	src/dlcp_fw/asm/dlcp_main_v34.asm boot init sets 0x0FE, reads EEPROM marker 0x00FF, accepts marker values 0x77 or 0x88, clears the flag otherwise, then uses it to gate flash_write_with_gie_off config-bit rewrite	emitted	current_batch_boot_config_marker_valid
stock_0FE_b0_op	boot_config_marker_valid_op	ram_var	boot	src/dlcp_fw/asm/dlcp_main_ram.inc operand alias for the boot EEPROM config-marker validity flag at 0x0FE	emitted	current_batch_boot_config_marker_valid
stock_0FE_b0_phys	boot_config_marker_valid_phys	ram_var	boot	src/dlcp_fw/asm/dlcp_main_ram.inc physical alias for the boot EEPROM config-marker validity flag at 0x0FE	emitted	current_batch_boot_config_marker_valid
stock_0FD_b0	cmd_dispatch_hid_mailbox_enable_b0	ram_var	usb_hid	src/dlcp_fw/asm/dlcp_main_v34.asm cmd_dispatch_gated captures entry W in 0x0FD; boot wake paths pass W=0 while standby_event_dispatch passes W=1, and usb_mailbox_service_05 calls the HID mailbox reply sender only when this byte is nonzero	emitted	current_batch_cmd_dispatch_hid_mailbox_enable
stock_0FD_b0_op	cmd_dispatch_hid_mailbox_enable_op	ram_var	usb_hid	src/dlcp_fw/asm/dlcp_main_ram.inc operand alias for cmd_dispatch_gated HID mailbox enable byte at 0x0FD	emitted	current_batch_cmd_dispatch_hid_mailbox_enable
stock_0FD_b0_phys	cmd_dispatch_hid_mailbox_enable_phys	ram_var	usb_hid	src/dlcp_fw/asm/dlcp_main_v34.asm physical alias used to preserve cmd_dispatch_gated entry W before later HID mailbox service decisions	emitted	current_batch_cmd_dispatch_hid_mailbox_enable
stock_0CC_b0	usb_ep0_in_data_toggle_state_b0	ram_var	usb_ep0	src/dlcp_fw/asm/dlcp_main_v34.asm setup transaction clears 0x0CC; usb_ep0_stage_in_data_packet advances it from zero to one or from one to two while staging IN data; EP0 IN service reads it to select the next IN BDT status/data-toggle value	emitted	current_batch_usb_ep0_in_data_toggle_state
stock_0CC_b0_op	usb_ep0_in_data_toggle_state_op	ram_var	usb_ep0	src/dlcp_fw/asm/dlcp_main_ram.inc operand alias for EP0 IN data-toggle state byte at 0x0CC	emitted	current_batch_usb_ep0_in_data_toggle_state
stock_0CC_b0_phys	usb_ep0_in_data_toggle_state_phys	ram_var	usb_ep0	src/dlcp_fw/asm/dlcp_main_ram.inc physical alias for EP0 IN data-toggle state byte at 0x0CC	emitted	current_batch_usb_ep0_in_data_toggle_state
stock_0C9_b0	usb_ep0_control_transfer_phase_b0	ram_var	usb_ep0	src/dlcp_fw/asm/dlcp_main_v34.asm setup transaction clears 0x0C9; EP0 control-response arm writes 1 for device-to-host data-stage handling and 2 for host-to-device/status handling; EP0 IN service only stages the next packet when this phase was 1	emitted	current_batch_usb_ep0_control_transfer_phase
stock_0C9_b0_op	usb_ep0_control_transfer_phase_op	ram_var	usb_ep0	src/dlcp_fw/asm/dlcp_main_ram.inc operand alias for EP0 control-transfer phase byte at 0x0C9	emitted	current_batch_usb_ep0_control_transfer_phase
stock_0C9_b0_phys	usb_ep0_control_transfer_phase_phys	ram_var	usb_ep0	src/dlcp_fw/asm/dlcp_main_ram.inc physical alias for EP0 control-transfer phase byte at 0x0C9	emitted	current_batch_usb_ep0_control_transfer_phase
stock_0C8_b0	usb_ep0_control_response_mode_b0	ram_var	usb_ep0	src/dlcp_fw/asm/dlcp_main_v34.asm setup transaction clears 0x0C8; standard and HID setup decoders write compact response mode values 1 or 2; EP0 response arm checks zero/nonzero, and GET_STATUS-style helpers decode value 1 to synthesize a two-byte status response	emitted	current_batch_usb_ep0_control_response_mode
stock_0C8_b0_op	usb_ep0_control_response_mode_op	ram_var	usb_ep0	src/dlcp_fw/asm/dlcp_main_ram.inc operand alias for EP0 control-response mode byte at 0x0C8	emitted	current_batch_usb_ep0_control_response_mode
stock_0C8_b0_phys	usb_ep0_control_response_mode_phys	ram_var	usb_ep0	src/dlcp_fw/asm/dlcp_main_ram.inc physical alias for EP0 control-response mode byte at 0x0C8	emitted	current_batch_usb_ep0_control_response_mode
stock_0E9_b0	usb_hid_protocol_setting_b0	ram_var	usb_ep0	src/dlcp_fw/asm/dlcp_main_v34.asm HID class GET_PROTOCOL stages low-page byte 0x0E9 for the reply, and SET_PROTOCOL stores setup wValue low into 0x0E9 as the protocol selector setting	emitted	current_batch_usb_hid_class_state
stock_0E9_b0_op	usb_hid_protocol_setting_op	ram_var	usb_ep0	src/dlcp_fw/asm/dlcp_main_ram.inc operand alias for HID protocol selector setting byte at 0x0E9	emitted	current_batch_usb_hid_class_state
stock_0E9_b0_phys	usb_hid_protocol_setting_phys	ram_var	usb_ep0	src/dlcp_fw/asm/dlcp_main_v34.asm physical alias written by HID SET_PROTOCOL from setup wValue low and returned by HID GET_PROTOCOL through low-page source staging	emitted	current_batch_usb_hid_class_state
stock_0EA_b0	usb_hid_idle_duration_b0	ram_var	usb_ep0	src/dlcp_fw/asm/dlcp_main_v34.asm HID class GET_IDLE stages low-page byte 0x0EA for the reply, and SET_IDLE stores setup wValue high into 0x0EA as the idle-duration byte	emitted	current_batch_usb_hid_class_state
stock_0EA_b0_op	usb_hid_idle_duration_op	ram_var	usb_ep0	src/dlcp_fw/asm/dlcp_main_ram.inc operand alias for HID idle-duration byte at 0x0EA	emitted	current_batch_usb_hid_class_state
stock_0EA_b0_phys	usb_hid_idle_duration_phys	ram_var	usb_ep0	src/dlcp_fw/asm/dlcp_main_v34.asm physical alias written by HID SET_IDLE from setup wValue high and returned by HID GET_IDLE through low-page source staging	emitted	current_batch_usb_hid_class_state
s3_adc_stage_427a	adc_stage_division_operands_from_sample_window	private_helper	adc_rail	src/dlcp_fw/asm/dlcp_main_v34.asm shared ADC sample staging trampoline copies stock_00A..00D into stock_003..006 before both adc_remainder_staged_words and adc_divide_staged_words calls	emitted	current_batch_adc_timer_helpers
timer3_reload_f830	timer3_reload_high_speed_tick_preload	private_helper	timer3	src/dlcp_fw/asm/dlcp_main_v34.asm shared Timer3 reload helper loads TMR3H:TMR3L with 0xF830 for the high-speed timer tick path used by the Timer3 ISR, blocking delay high-speed branch, and preset hold timer start	emitted	current_batch_adc_timer_helpers
stock_094_b0	main_runtime_latch_flags_b0	flag_field	runtime	src/dlcp_fw/asm/dlcp_main_v34.asm packed runtime latch byte cleared at cold init; bits cover HID query latches, AN0 rail hysteresis latch, user mute ownership, and wake I2C barrier state	emitted	current_batch_runtime_latch_flags
stock_094_b0_op	main_runtime_latch_flags_op	flag_field	runtime	src/dlcp_fw/asm/dlcp_main_ram.inc operand alias for packed runtime latch flags byte at 0x094	emitted	current_batch_runtime_latch_flags
stock_094_b0_phys	main_runtime_latch_flags_phys	flag_field	runtime	src/dlcp_fw/asm/dlcp_main_ram.inc physical alias for packed runtime latch flags byte at 0x094	emitted	current_batch_runtime_latch_flags
stock_094_bit0	hid_input_select_query_pending	flag_bit	usb_hid	src/dlcp_fw/asm/dlcp_main_v34.asm HID settings parser sets stock_094 bit0 when input select differs; cmd06 handler returns current input_select through stock_0BC and clears the bit instead of committing a new value	emitted	current_batch_runtime_latch_flags
stock_094_bit1	hid_volume_query_pending	flag_bit	usb_hid	src/dlcp_fw/asm/dlcp_main_v34.asm HID settings parser sets stock_094 bit1 on volume difference; cmd07 volume handler returns computed_volume plus 0x60 through stock_0BC and clears the bit	emitted	current_batch_runtime_latch_flags
stock_094_bit2	an0_rail_high_latched	flag_bit	adc_rail	src/dlcp_fw/asm/dlcp_main_v34.asm AN0 hysteresis monitor sets stock_094 bit2 after rail ADC crosses high threshold, tests it before low-threshold standby trigger, and adc_boot_gate clears it after wake	emitted	current_batch_runtime_latch_flags
stock_094_bit3	hid_mute_query_pending	flag_bit	usb_hid	src/dlcp_fw/asm/dlcp_main_v34.asm HID settings parser sets stock_094 bit3 when effective mute differs; cmd03 mute handlers branch to query response mode and clear the bit after staging stock_0BC	emitted	current_batch_runtime_latch_flags
stock_094_bit4	hid_shared_setup_timeout_query_pending	flag_bit	usb_hid	src/dlcp_fw/asm/dlcp_main_v34.asm HID setup path sets stock_094 bit4 after staging stock_0B8; cmd1D handler returns the shared setup timeout byte through stock_0BC and clears the bit	emitted	current_batch_runtime_latch_flags
stock_0A2_b0	uart_current_cmd_code_b0	ram_var	uart_link	src/dlcp_fw/asm/dlcp_main_v34.asm UART parser stores the second frame byte into 0x0A2 as the command code; cmd_dispatch_xor_chain and later command comparisons read it for cmd routing; uart_parser_resync clears it	emitted	current_batch_uart_cmd_reply_state
stock_0A2_b0_op	uart_current_cmd_code_op	ram_var	uart_link	src/dlcp_fw/asm/dlcp_main_ram.inc operand alias for staged UART command-code byte at 0x0A2	emitted	current_batch_uart_cmd_reply_state
stock_0A2_b0_phys	uart_current_cmd_code_phys	ram_var	uart_link	src/dlcp_fw/asm/dlcp_main_v34.asm physical alias written by UART parser when frame position reaches the command byte	emitted	current_batch_uart_cmd_reply_state
stock_0BC_b0	uart_cmd_reply_data_b0	ram_var	uart_link	src/dlcp_fw/asm/dlcp_main_v34.asm UART parser initializes 0x0BC from the incoming data byte as pending ACK/reply data; HID query handlers overwrite it with current state; parser tail transmits it when active_flags bit6 is set	emitted	current_batch_uart_cmd_reply_state
stock_0BC_b0_op	uart_cmd_reply_data_op	ram_var	uart_link	src/dlcp_fw/asm/dlcp_main_ram.inc operand alias for UART command ACK/query reply data byte at 0x0BC	emitted	current_batch_uart_cmd_reply_state
stock_0BC_b0_phys	uart_cmd_reply_data_phys	ram_var	uart_link	src/dlcp_fw/asm/dlcp_main_v34.asm physical alias used by command query handlers to stage input, volume, mute, and shared setup reply bytes before UART tail transmission	emitted	current_batch_uart_cmd_reply_state
stock_424_b4	usb_ep0_get_status_reply_byte0_b4	ram_var	usb_ep0	src/dlcp_fw/asm/dlcp_main_v34.asm usb_ep0_prepare_get_status_reply clears 0x0424/0x0425, writes GET_STATUS byte 0 for device endpoint status cases, then stages EP0 IN data from buffer 0x0424 with length 2	emitted	current_batch_usb_ep0_get_status_buffer
stock_424_b4_op	usb_ep0_get_status_reply_byte0_op	ram_var	usb_ep0	src/dlcp_fw/asm/dlcp_main_ram.inc operand alias for EP0 GET_STATUS reply buffer byte 0 at USB RAM 0x0424	emitted	current_batch_usb_ep0_get_status_buffer
stock_424_b4_phys	usb_ep0_get_status_reply_byte0_phys	ram_var	usb_ep0	src/dlcp_fw/asm/dlcp_main_ram.inc physical alias for EP0 GET_STATUS reply buffer byte 0 at USB RAM 0x0424	emitted	current_batch_usb_ep0_get_status_buffer
stock_425_b4	usb_ep0_get_status_reply_byte1_b4	ram_var	usb_ep0	src/dlcp_fw/asm/dlcp_main_v34.asm usb_ep0_prepare_get_status_reply clears 0x0425 as GET_STATUS reply byte 1 before staging the two-byte EP0 IN status response from 0x0424	emitted	current_batch_usb_ep0_get_status_buffer
stock_425_b4_op	usb_ep0_get_status_reply_byte1_op	ram_var	usb_ep0	src/dlcp_fw/asm/dlcp_main_ram.inc operand alias for EP0 GET_STATUS reply buffer byte 1 at USB RAM 0x0425	emitted	current_batch_usb_ep0_get_status_buffer
stock_425_b4_phys	usb_ep0_get_status_reply_byte1_phys	ram_var	usb_ep0	src/dlcp_fw/asm/dlcp_main_ram.inc physical alias for EP0 GET_STATUS reply buffer byte 1 at USB RAM 0x0425	emitted	current_batch_usb_ep0_get_status_buffer
stock_072_b0	fsr2_target_ptr_lo_b0	ram_var	ram	src/dlcp_fw/asm/dlcp_main_v34.asm shared FSR2 target pointer low byte loaded into FSR2L by fsr2_from_stock072073; written by EP0 IN data staging for USB RAM 0x0424 and by core_filter_addr_from_0x0D3 for control/filter target addressing	emitted	current_batch_fsr2_target_pointer
stock_072_b0_op	fsr2_target_ptr_lo_op	ram_var	ram	src/dlcp_fw/asm/dlcp_main_ram.inc operand alias for shared FSR2 target pointer low byte at 0x072	emitted	current_batch_fsr2_target_pointer
stock_072_b0_phys	fsr2_target_ptr_lo_phys	ram_var	ram	src/dlcp_fw/asm/dlcp_main_v34.asm physical alias copied into FSR2L by fsr2_from_stock072073 before indirect reads and writes through INDF2	emitted	current_batch_fsr2_target_pointer
stock_073_b0	fsr2_target_ptr_hi_b0	ram_var	ram	src/dlcp_fw/asm/dlcp_main_v34.asm shared FSR2 target pointer high byte loaded into FSR2H by fsr2_from_stock072073; written with USB RAM page 0x04 for EP0 data staging and by core_filter_addr_from_0x0D3 for target address high byte	emitted	current_batch_fsr2_target_pointer
stock_073_b0_op	fsr2_target_ptr_hi_op	ram_var	ram	src/dlcp_fw/asm/dlcp_main_ram.inc operand alias for shared FSR2 target pointer high byte at 0x073	emitted	current_batch_fsr2_target_pointer
stock_073_b0_phys	fsr2_target_ptr_hi_phys	ram_var	ram	src/dlcp_fw/asm/dlcp_main_v34.asm physical alias copied into FSR2H by fsr2_from_stock072073 before indirect reads and writes through INDF2	emitted	current_batch_fsr2_target_pointer
stock_10F_b1	tas3108_sync_stage0_reg_addr_b1	ram_var	i2c_tas3108	src/dlcp_fw/asm/dlcp_main_v34.asm adaptive_baud_select initializes stage 0 to TAS3108 register address 0x20; main_i2c_service_2100 indexes stock_10F..115 by counter and sends the selected byte after the 0x68 TAS3108 write address	emitted	current_batch_tas3108_sync_reg_cache
stock_10F_b1_op	tas3108_sync_stage0_reg_addr_op	ram_var	i2c_tas3108	src/dlcp_fw/asm/dlcp_main_ram.inc operand alias for TAS3108 sync stage 0 register-address cache byte at bank-1 offset 0x0F	emitted	current_batch_tas3108_sync_reg_cache
stock_10F_b1_phys	tas3108_sync_stage0_reg_addr_phys	ram_var	i2c_tas3108	src/dlcp_fw/asm/dlcp_main_ram.inc physical alias for TAS3108 sync stage 0 register-address cache byte at 0x10F	emitted	current_batch_tas3108_sync_reg_cache
stock_110_b1	tas3108_sync_stage1_reg_addr_b1	ram_var	i2c_tas3108	src/dlcp_fw/asm/dlcp_main_v34.asm adaptive_baud_select initializes stage 1 to TAS3108 register address 0x21; main_i2c_service_2100 indexes stock_10F..115 by counter and sends the selected byte after the 0x68 TAS3108 write address	emitted	current_batch_tas3108_sync_reg_cache
stock_110_b1_op	tas3108_sync_stage1_reg_addr_op	ram_var	i2c_tas3108	src/dlcp_fw/asm/dlcp_main_ram.inc operand alias for TAS3108 sync stage 1 register-address cache byte at bank-1 offset 0x10	emitted	current_batch_tas3108_sync_reg_cache
stock_110_b1_phys	tas3108_sync_stage1_reg_addr_phys	ram_var	i2c_tas3108	src/dlcp_fw/asm/dlcp_main_ram.inc physical alias for TAS3108 sync stage 1 register-address cache byte at 0x110	emitted	current_batch_tas3108_sync_reg_cache
stock_111_b1	tas3108_sync_stage2_reg_addr_b1	ram_var	i2c_tas3108	src/dlcp_fw/asm/dlcp_main_v34.asm adaptive_baud_select initializes stage 2 to TAS3108 register address 0x22; main_i2c_service_2100 indexes stock_10F..115 by counter and sends the selected byte after the 0x68 TAS3108 write address	emitted	current_batch_tas3108_sync_reg_cache
stock_111_b1_op	tas3108_sync_stage2_reg_addr_op	ram_var	i2c_tas3108	src/dlcp_fw/asm/dlcp_main_ram.inc operand alias for TAS3108 sync stage 2 register-address cache byte at bank-1 offset 0x11	emitted	current_batch_tas3108_sync_reg_cache
stock_111_b1_phys	tas3108_sync_stage2_reg_addr_phys	ram_var	i2c_tas3108	src/dlcp_fw/asm/dlcp_main_ram.inc physical alias for TAS3108 sync stage 2 register-address cache byte at 0x111	emitted	current_batch_tas3108_sync_reg_cache
stock_112_b1	tas3108_sync_stage3_reg_addr_b1	ram_var	i2c_tas3108	src/dlcp_fw/asm/dlcp_main_v34.asm adaptive_baud_select initializes stage 3 to TAS3108 register address 0x23; main_i2c_service_2100 indexes stock_10F..115 by counter and sends the selected byte after the 0x68 TAS3108 write address	emitted	current_batch_tas3108_sync_reg_cache
stock_112_b1_op	tas3108_sync_stage3_reg_addr_op	ram_var	i2c_tas3108	src/dlcp_fw/asm/dlcp_main_ram.inc operand alias for TAS3108 sync stage 3 register-address cache byte at bank-1 offset 0x12	emitted	current_batch_tas3108_sync_reg_cache
stock_112_b1_phys	tas3108_sync_stage3_reg_addr_phys	ram_var	i2c_tas3108	src/dlcp_fw/asm/dlcp_main_ram.inc physical alias for TAS3108 sync stage 3 register-address cache byte at 0x112	emitted	current_batch_tas3108_sync_reg_cache
stock_113_b1	tas3108_sync_stage4_reg_addr_b1	ram_var	i2c_tas3108	src/dlcp_fw/asm/dlcp_main_v34.asm adaptive_baud_select initializes stage 4 to TAS3108 register address 0x25; main_i2c_service_2100 indexes stock_10F..115 by counter and sends the selected byte after the 0x68 TAS3108 write address	emitted	current_batch_tas3108_sync_reg_cache
stock_113_b1_op	tas3108_sync_stage4_reg_addr_op	ram_var	i2c_tas3108	src/dlcp_fw/asm/dlcp_main_ram.inc operand alias for TAS3108 sync stage 4 register-address cache byte at bank-1 offset 0x13	emitted	current_batch_tas3108_sync_reg_cache
stock_113_b1_phys	tas3108_sync_stage4_reg_addr_phys	ram_var	i2c_tas3108	src/dlcp_fw/asm/dlcp_main_ram.inc physical alias for TAS3108 sync stage 4 register-address cache byte at 0x113	emitted	current_batch_tas3108_sync_reg_cache
stock_114_b1	tas3108_sync_stage5_reg_addr_b1	ram_var	i2c_tas3108	src/dlcp_fw/asm/dlcp_main_v34.asm adaptive_baud_select initializes stage 5 to TAS3108 register address 0x27; main_i2c_service_2100 indexes stock_10F..115 by counter and sends the selected byte after the 0x68 TAS3108 write address	emitted	current_batch_tas3108_sync_reg_cache
stock_114_b1_op	tas3108_sync_stage5_reg_addr_op	ram_var	i2c_tas3108	src/dlcp_fw/asm/dlcp_main_ram.inc operand alias for TAS3108 sync stage 5 register-address cache byte at bank-1 offset 0x14	emitted	current_batch_tas3108_sync_reg_cache
stock_114_b1_phys	tas3108_sync_stage5_reg_addr_phys	ram_var	i2c_tas3108	src/dlcp_fw/asm/dlcp_main_ram.inc physical alias for TAS3108 sync stage 5 register-address cache byte at 0x114	emitted	current_batch_tas3108_sync_reg_cache
stock_115_b1	tas3108_sync_stage6_reg_addr_b1	ram_var	i2c_tas3108	src/dlcp_fw/asm/dlcp_main_v34.asm adaptive_baud_select initializes stage 6 to TAS3108 register address 0x28; main_i2c_service_2100 indexes stock_10F..115 by counter and sends the selected byte after the 0x68 TAS3108 write address	emitted	current_batch_tas3108_sync_reg_cache
stock_115_b1_op	tas3108_sync_stage6_reg_addr_op	ram_var	i2c_tas3108	src/dlcp_fw/asm/dlcp_main_ram.inc operand alias for TAS3108 sync stage 6 register-address cache byte at bank-1 offset 0x15	emitted	current_batch_tas3108_sync_reg_cache
stock_115_b1_phys	tas3108_sync_stage6_reg_addr_phys	ram_var	i2c_tas3108	src/dlcp_fw/asm/dlcp_main_ram.inc physical alias for TAS3108 sync stage 6 register-address cache byte at 0x115	emitted	current_batch_tas3108_sync_reg_cache
stock_100_b1	cold_init_bank1_clear_base_b1	ram_var	boot	src/dlcp_fw/asm/dlcp_main_v34.asm cold-boot entry loads FSR0 with stock_100_b1_phys and clears 0xE5 bytes through clear_postinc0_count_w as the bank-1 RAM wipe base	emitted	current_batch_cold_init_ram_clear_bases
stock_100_b1_op	cold_init_bank1_clear_base_op	ram_var	boot	src/dlcp_fw/asm/dlcp_main_ram.inc operand alias for the cold-init bank-1 RAM clear base byte	emitted	current_batch_cold_init_ram_clear_bases
stock_100_b1_phys	cold_init_bank1_clear_base_phys	ram_var	boot	src/dlcp_fw/asm/dlcp_main_v34.asm physical alias loaded into FSR0 by the cold-boot RAM wipe before clearing the bank-1 range	emitted	current_batch_cold_init_ram_clear_bases
stock_200_b2	cold_init_bank2_clear_base_b2	ram_var	boot	src/dlcp_fw/asm/dlcp_main_v34.asm cold-boot entry loads FSR0 with stock_200_b2_phys and clears 0xDE bytes through clear_postinc0_count_w as the bank-2 RAM wipe base	emitted	current_batch_cold_init_ram_clear_bases
stock_200_b2_op	cold_init_bank2_clear_base_op	ram_var	boot	src/dlcp_fw/asm/dlcp_main_ram.inc operand alias for the cold-init bank-2 RAM clear base byte	emitted	current_batch_cold_init_ram_clear_bases
stock_200_b2_phys	cold_init_bank2_clear_base_phys	ram_var	boot	src/dlcp_fw/asm/dlcp_main_v34.asm physical alias loaded into FSR0 by the cold-boot RAM wipe before clearing the bank-2 range	emitted	current_batch_cold_init_ram_clear_bases
stock_300_b3	cold_init_bank3_clear_base_b3	ram_var	boot	src/dlcp_fw/asm/dlcp_main_v34.asm cold-boot entry loads FSR0 with stock_300_b3_phys and clears 0xC0 bytes through clear_postinc0_count_w as the bank-3 RAM wipe base	emitted	current_batch_cold_init_ram_clear_bases
stock_300_b3_op	cold_init_bank3_clear_base_op	ram_var	boot	src/dlcp_fw/asm/dlcp_main_ram.inc operand alias for the cold-init bank-3 RAM clear base byte	emitted	current_batch_cold_init_ram_clear_bases
stock_300_b3_phys	cold_init_bank3_clear_base_phys	ram_var	boot	src/dlcp_fw/asm/dlcp_main_v34.asm physical alias loaded into FSR0 by the cold-boot RAM wipe before clearing the bank-3 range	emitted	current_batch_cold_init_ram_clear_bases
stock_05A_b0	channel_route_sync_source_block_index_b0	ram_var	i2c_secondary	src/dlcp_fw/asm/dlcp_main_ram.inc bank-0 alias for the same 0x05A source-block loop index used by main_i2c_service_2100 through stock_05A_acc	emitted	current_batch_channel_route_sync_loop_index_b0_aliases
stock_05A_b0_op	channel_route_sync_source_block_index_b0_op	ram_var	i2c_secondary	src/dlcp_fw/asm/dlcp_main_ram.inc bank-0 operand alias for the channel route sync source-block loop index at 0x05A	emitted	current_batch_channel_route_sync_loop_index_b0_aliases
stock_05A_b0_phys	channel_route_sync_source_block_index_b0_phys	ram_var	i2c_secondary	src/dlcp_fw/asm/dlcp_main_ram.inc bank-0 physical alias for the channel route sync source-block loop index at 0x05A	emitted	current_batch_channel_route_sync_loop_index_b0_aliases
stock_05B_b0	channel_route_sync_selected_source_byte_index_b0	ram_var	i2c_secondary	src/dlcp_fw/asm/dlcp_main_ram.inc bank-0 alias for the same 0x05B selected-source byte loop index used by main_i2c_service_2100 through stock_05B_acc	emitted	current_batch_channel_route_sync_loop_index_b0_aliases
stock_05B_b0_op	channel_route_sync_selected_source_byte_index_b0_op	ram_var	i2c_secondary	src/dlcp_fw/asm/dlcp_main_ram.inc bank-0 operand alias for the channel route sync selected-source byte loop index at 0x05B	emitted	current_batch_channel_route_sync_loop_index_b0_aliases
stock_05B_b0_phys	channel_route_sync_selected_source_byte_index_b0_phys	ram_var	i2c_secondary	src/dlcp_fw/asm/dlcp_main_ram.inc bank-0 physical alias for the channel route sync selected-source byte loop index at 0x05B	emitted	current_batch_channel_route_sync_loop_index_b0_aliases
stock_3C5_b3	chain_copy_descriptor_source_page_b3	ram_var	ram	src/dlcp_fw/asm/dlcp_main_ram.inc defines stock_3C5_b3 at the same 0x3C5 cell as chain_copy_srch_b3; src/dlcp_fw/asm/dlcp_main_v34.asm chain_copy loads descriptor source page bytes into chain_copy_srch_b3 and uses it as FSR0H or EEPROM-source selector	emitted	current_batch_chain_copy_source_page_stock_alias
stock_3C5_b3_op	chain_copy_descriptor_source_page_op	ram_var	ram	src/dlcp_fw/asm/dlcp_main_ram.inc operand alias for stock-derived duplicate of chain_copy descriptor source-page byte at bank-3 offset 0xC5	emitted	current_batch_chain_copy_source_page_stock_alias
stock_3C5_b3_phys	chain_copy_descriptor_source_page_phys	ram_var	ram	src/dlcp_fw/asm/dlcp_main_ram.inc physical alias for stock-derived duplicate of chain_copy descriptor source-page byte at 0x3C5	emitted	current_batch_chain_copy_source_page_stock_alias
stock_07F_b0	dsp_fault_latch_flags_b0	flag_field	i2c_tas3108	src/dlcp_fw/asm/dlcp_main_ram.inc defines stock_07F_b0 at the same 0x07F cell as dsp_fault_flags_b0; src/dlcp_fw/asm/dlcp_main_v34.asm uses dsp_fault_flags_b0 for ACKSTAT latch, DSP fault state, and retry counter bits	emitted	current_batch_named_cell_stock_aliases
stock_07F_b0_op	dsp_fault_latch_flags_op	flag_field	i2c_tas3108	src/dlcp_fw/asm/dlcp_main_ram.inc operand alias for stock-derived duplicate of dsp_fault_flags byte at 0x07F	emitted	current_batch_named_cell_stock_aliases
stock_07F_b0_phys	dsp_fault_latch_flags_phys	flag_field	i2c_tas3108	src/dlcp_fw/asm/dlcp_main_ram.inc physical alias for stock-derived duplicate of dsp_fault_flags byte at 0x07F	emitted	current_batch_named_cell_stock_aliases
stock_08C_b0	preset_hold_countdown_lo_b0	ram_var	preset	src/dlcp_fw/asm/dlcp_main_ram.inc defines stock_08C_b0 at the same 0x08C cell as preset_hold_timer_lo_b0; src/dlcp_fw/asm/dlcp_main_v34.asm Timer3/HOLDING code decrements preset_hold_timer_lo_b0 as the low byte of the 16-bit preset hold countdown	emitted	current_batch_named_cell_stock_aliases
stock_08C_b0_op	preset_hold_countdown_lo_op	ram_var	preset	src/dlcp_fw/asm/dlcp_main_ram.inc operand alias for stock-derived duplicate of preset hold countdown low byte at 0x08C	emitted	current_batch_named_cell_stock_aliases
stock_08C_b0_phys	preset_hold_countdown_lo_phys	ram_var	preset	src/dlcp_fw/asm/dlcp_main_ram.inc physical alias for stock-derived duplicate of preset hold countdown low byte at 0x08C	emitted	current_batch_named_cell_stock_aliases
stock_08D_b0	preset_hold_countdown_hi_b0	ram_var	preset	src/dlcp_fw/asm/dlcp_main_ram.inc defines stock_08D_b0 at the same 0x08D cell as preset_hold_timer_hi_b0; src/dlcp_fw/asm/dlcp_main_v34.asm Timer3/HOLDING code decrements preset_hold_timer_hi_b0 as the high byte of the 16-bit preset hold countdown	emitted	current_batch_named_cell_stock_aliases
stock_08D_b0_op	preset_hold_countdown_hi_op	ram_var	preset	src/dlcp_fw/asm/dlcp_main_ram.inc operand alias for stock-derived duplicate of preset hold countdown high byte at 0x08D	emitted	current_batch_named_cell_stock_aliases
stock_08D_b0_phys	preset_hold_countdown_hi_phys	ram_var	preset	src/dlcp_fw/asm/dlcp_main_ram.inc physical alias for stock-derived duplicate of preset hold countdown high byte at 0x08D	emitted	current_batch_named_cell_stock_aliases
stock_0BD_b0	settings_persist_dirty_flags_b0	flag_field	eeprom_persist	src/dlcp_fw/asm/dlcp_main_ram.inc defines stock_0BD_b0 at the same 0x0BD cell as filename_dirty_flags_b0; src/dlcp_fw/asm/dlcp_main_v34.asm uses filename_dirty_flags_b0 bits for settings EEPROM dirty blocks and USB filename transaction gates	emitted	current_batch_named_cell_stock_aliases
stock_0BD_b0_op	settings_persist_dirty_flags_op	flag_field	eeprom_persist	src/dlcp_fw/asm/dlcp_main_ram.inc operand alias for stock-derived duplicate of settings persistence dirty flag byte at 0x0BD	emitted	current_batch_named_cell_stock_aliases
stock_0BD_b0_phys	settings_persist_dirty_flags_phys	flag_field	eeprom_persist	src/dlcp_fw/asm/dlcp_main_ram.inc physical alias for stock-derived duplicate of settings persistence dirty flag byte at 0x0BD	emitted	current_batch_named_cell_stock_aliases
stock_0A3_b0	uart_current_cmd_data_b0	ram_var	uart_link	src/dlcp_fw/asm/dlcp_main_ram.inc defines stock_0A3_b0 at the same 0x0A3 cell as current_cmd_data_b0; src/dlcp_fw/asm/dlcp_main_v34.asm UART parser stores the frame data byte there and command handlers read it for input, setup, link-address, diagnostics query, and preset-select data	emitted	current_batch_uart_cmd_data_stock_alias
stock_0A3_b0_op	uart_current_cmd_data_op	ram_var	uart_link	src/dlcp_fw/asm/dlcp_main_ram.inc operand alias for stock-derived duplicate of UART current command data byte at 0x0A3	emitted	current_batch_uart_cmd_data_stock_alias
stock_0A3_b0_phys	uart_current_cmd_data_phys	ram_var	uart_link	src/dlcp_fw/asm/dlcp_main_ram.inc physical alias for stock-derived duplicate of UART current command data byte at 0x0A3	emitted	current_batch_uart_cmd_data_stock_alias
stock_054_acc	tas3108_coeff_tx_byte0_acc	ram_var	i2c_tas3108	src/dlcp_fw/asm/dlcp_main_v34.asm main_i2c_service_39a6 copies computed coefficient bytes stock_025..028 into stock_051..054, then transmits stock_054 masked with 0x0F as the first TAS3108 coefficient byte	emitted	current_batch_tas3108_coeff_tx_staging
stock_054_acc_op	tas3108_coeff_tx_byte0_op	ram_var	i2c_tas3108	src/dlcp_fw/asm/dlcp_main_ram.inc operand alias for TAS3108 coefficient transmit staging byte 0 at 0x054	emitted	current_batch_tas3108_coeff_tx_staging
stock_054_acc_phys	tas3108_coeff_tx_byte0_phys	ram_var	i2c_tas3108	src/dlcp_fw/asm/dlcp_main_ram.inc physical alias for TAS3108 coefficient transmit staging byte 0 at 0x054	emitted	current_batch_tas3108_coeff_tx_staging
stock_054_b0	tas3108_coeff_tx_byte0_b0	ram_var	i2c_tas3108	src/dlcp_fw/asm/dlcp_main_ram.inc bank-0 alias for TAS3108 coefficient transmit staging byte 0 at 0x054	emitted	current_batch_tas3108_coeff_tx_staging
stock_054_b0_op	tas3108_coeff_tx_byte0_b0_op	ram_var	i2c_tas3108	src/dlcp_fw/asm/dlcp_main_ram.inc bank-0 operand alias for TAS3108 coefficient transmit staging byte 0 at 0x054	emitted	current_batch_tas3108_coeff_tx_staging
stock_054_b0_phys	tas3108_coeff_tx_byte0_b0_phys	ram_var	i2c_tas3108	src/dlcp_fw/asm/dlcp_main_ram.inc bank-0 physical alias for TAS3108 coefficient transmit staging byte 0 at 0x054	emitted	current_batch_tas3108_coeff_tx_staging
stock_053_acc	tas3108_coeff_tx_byte1_acc	ram_var	i2c_tas3108	src/dlcp_fw/asm/dlcp_main_v34.asm main_i2c_service_39a6 copies computed coefficient bytes stock_025..028 into stock_051..054, then transmits stock_053 as the second TAS3108 coefficient byte	emitted	current_batch_tas3108_coeff_tx_staging
stock_053_acc_op	tas3108_coeff_tx_byte1_op	ram_var	i2c_tas3108	src/dlcp_fw/asm/dlcp_main_ram.inc operand alias for TAS3108 coefficient transmit staging byte 1 at 0x053	emitted	current_batch_tas3108_coeff_tx_staging
stock_053_acc_phys	tas3108_coeff_tx_byte1_phys	ram_var	i2c_tas3108	src/dlcp_fw/asm/dlcp_main_ram.inc physical alias for TAS3108 coefficient transmit staging byte 1 at 0x053	emitted	current_batch_tas3108_coeff_tx_staging
stock_053_b0	tas3108_coeff_tx_byte1_b0	ram_var	i2c_tas3108	src/dlcp_fw/asm/dlcp_main_ram.inc bank-0 alias for TAS3108 coefficient transmit staging byte 1 at 0x053	emitted	current_batch_tas3108_coeff_tx_staging
stock_053_b0_op	tas3108_coeff_tx_byte1_b0_op	ram_var	i2c_tas3108	src/dlcp_fw/asm/dlcp_main_ram.inc bank-0 operand alias for TAS3108 coefficient transmit staging byte 1 at 0x053	emitted	current_batch_tas3108_coeff_tx_staging
stock_053_b0_phys	tas3108_coeff_tx_byte1_b0_phys	ram_var	i2c_tas3108	src/dlcp_fw/asm/dlcp_main_ram.inc bank-0 physical alias for TAS3108 coefficient transmit staging byte 1 at 0x053	emitted	current_batch_tas3108_coeff_tx_staging
stock_052_acc	tas3108_coeff_tx_byte2_acc	ram_var	i2c_tas3108	src/dlcp_fw/asm/dlcp_main_v34.asm main_i2c_service_39a6 copies computed coefficient bytes stock_025..028 into stock_051..054, then transmits stock_052 as the third TAS3108 coefficient byte	emitted	current_batch_tas3108_coeff_tx_staging
stock_052_acc_op	tas3108_coeff_tx_byte2_op	ram_var	i2c_tas3108	src/dlcp_fw/asm/dlcp_main_ram.inc operand alias for TAS3108 coefficient transmit staging byte 2 at 0x052	emitted	current_batch_tas3108_coeff_tx_staging
stock_052_acc_phys	tas3108_coeff_tx_byte2_phys	ram_var	i2c_tas3108	src/dlcp_fw/asm/dlcp_main_ram.inc physical alias for TAS3108 coefficient transmit staging byte 2 at 0x052	emitted	current_batch_tas3108_coeff_tx_staging
stock_052_b0	tas3108_coeff_tx_byte2_b0	ram_var	i2c_tas3108	src/dlcp_fw/asm/dlcp_main_ram.inc bank-0 alias for TAS3108 coefficient transmit staging byte 2 at 0x052	emitted	current_batch_tas3108_coeff_tx_staging
stock_052_b0_op	tas3108_coeff_tx_byte2_b0_op	ram_var	i2c_tas3108	src/dlcp_fw/asm/dlcp_main_ram.inc bank-0 operand alias for TAS3108 coefficient transmit staging byte 2 at 0x052	emitted	current_batch_tas3108_coeff_tx_staging
stock_052_b0_phys	tas3108_coeff_tx_byte2_b0_phys	ram_var	i2c_tas3108	src/dlcp_fw/asm/dlcp_main_ram.inc bank-0 physical alias for TAS3108 coefficient transmit staging byte 2 at 0x052	emitted	current_batch_tas3108_coeff_tx_staging
stock_051_acc	tas3108_coeff_tx_byte3_acc	ram_var	i2c_tas3108	src/dlcp_fw/asm/dlcp_main_v34.asm main_i2c_service_39a6 copies computed coefficient bytes stock_025..028 into stock_051..054, then transmits stock_051 as the fourth TAS3108 coefficient byte	emitted	current_batch_tas3108_coeff_tx_staging
stock_051_acc_op	tas3108_coeff_tx_byte3_op	ram_var	i2c_tas3108	src/dlcp_fw/asm/dlcp_main_ram.inc operand alias for TAS3108 coefficient transmit staging byte 3 at 0x051	emitted	current_batch_tas3108_coeff_tx_staging
stock_051_acc_phys	tas3108_coeff_tx_byte3_phys	ram_var	i2c_tas3108	src/dlcp_fw/asm/dlcp_main_ram.inc physical alias for TAS3108 coefficient transmit staging byte 3 at 0x051	emitted	current_batch_tas3108_coeff_tx_staging
stock_051_b0	tas3108_coeff_tx_byte3_b0	ram_var	i2c_tas3108	src/dlcp_fw/asm/dlcp_main_ram.inc bank-0 alias for TAS3108 coefficient transmit staging byte 3 at 0x051	emitted	current_batch_tas3108_coeff_tx_staging
stock_051_b0_op	tas3108_coeff_tx_byte3_b0_op	ram_var	i2c_tas3108	src/dlcp_fw/asm/dlcp_main_ram.inc bank-0 operand alias for TAS3108 coefficient transmit staging byte 3 at 0x051	emitted	current_batch_tas3108_coeff_tx_staging
stock_051_b0_phys	tas3108_coeff_tx_byte3_b0_phys	ram_var	i2c_tas3108	src/dlcp_fw/asm/dlcp_main_ram.inc bank-0 physical alias for TAS3108 coefficient transmit staging byte 3 at 0x051	emitted	current_batch_tas3108_coeff_tx_staging
stock_0ED_b0	volume_dsp_coeff_input_shadow_byte0_b0	ram_var	i2c_tas3108	src/dlcp_fw/asm/dlcp_main_v34.asm volume-dirty path chain_copy descriptor copies the 4-byte stock_012..015 volume transform value into stock_0ED..0F0, then copies that shadow into stock_02F..032 before main_core_service_297e and volume_dsp_write	emitted	current_batch_volume_dsp_coeff_input_shadow
stock_0ED_b0_op	volume_dsp_coeff_input_shadow_byte0_op	ram_var	i2c_tas3108	src/dlcp_fw/asm/dlcp_main_ram.inc operand alias for byte 0 of the volume DSP coefficient transform input shadow at 0x0ED	emitted	current_batch_volume_dsp_coeff_input_shadow
stock_0ED_b0_phys	volume_dsp_coeff_input_shadow_byte0_phys	ram_var	i2c_tas3108	src/dlcp_fw/asm/dlcp_main_ram.inc physical alias for byte 0 of the volume DSP coefficient transform input shadow at 0x0ED	emitted	current_batch_volume_dsp_coeff_input_shadow
stock_0EE_b0	volume_dsp_coeff_input_shadow_byte1_b0	ram_var	i2c_tas3108	src/dlcp_fw/asm/dlcp_main_v34.asm volume-dirty path chain_copy descriptor copies byte 1 of the stock_012..015 transform value through the contiguous stock_0ED..0F0 shadow before main_core_service_297e and volume_dsp_write	emitted	current_batch_volume_dsp_coeff_input_shadow
stock_0EE_b0_op	volume_dsp_coeff_input_shadow_byte1_op	ram_var	i2c_tas3108	src/dlcp_fw/asm/dlcp_main_ram.inc operand alias for byte 1 of the volume DSP coefficient transform input shadow at 0x0EE	emitted	current_batch_volume_dsp_coeff_input_shadow
stock_0EE_b0_phys	volume_dsp_coeff_input_shadow_byte1_phys	ram_var	i2c_tas3108	src/dlcp_fw/asm/dlcp_main_ram.inc physical alias for byte 1 of the volume DSP coefficient transform input shadow at 0x0EE	emitted	current_batch_volume_dsp_coeff_input_shadow
stock_0EF_b0	volume_dsp_coeff_input_shadow_byte2_b0	ram_var	i2c_tas3108	src/dlcp_fw/asm/dlcp_main_v34.asm volume-dirty path chain_copy descriptor copies byte 2 of the stock_012..015 transform value through the contiguous stock_0ED..0F0 shadow before main_core_service_297e and volume_dsp_write	emitted	current_batch_volume_dsp_coeff_input_shadow
stock_0EF_b0_op	volume_dsp_coeff_input_shadow_byte2_op	ram_var	i2c_tas3108	src/dlcp_fw/asm/dlcp_main_ram.inc operand alias for byte 2 of the volume DSP coefficient transform input shadow at 0x0EF	emitted	current_batch_volume_dsp_coeff_input_shadow
stock_0EF_b0_phys	volume_dsp_coeff_input_shadow_byte2_phys	ram_var	i2c_tas3108	src/dlcp_fw/asm/dlcp_main_ram.inc physical alias for byte 2 of the volume DSP coefficient transform input shadow at 0x0EF	emitted	current_batch_volume_dsp_coeff_input_shadow
stock_0F0_b0	volume_dsp_coeff_input_shadow_byte3_b0	ram_var	i2c_tas3108	src/dlcp_fw/asm/dlcp_main_v34.asm volume-dirty path chain_copy descriptor copies byte 3 of the stock_012..015 transform value through the contiguous stock_0ED..0F0 shadow before main_core_service_297e and volume_dsp_write	emitted	current_batch_volume_dsp_coeff_input_shadow
stock_0F0_b0_op	volume_dsp_coeff_input_shadow_byte3_op	ram_var	i2c_tas3108	src/dlcp_fw/asm/dlcp_main_ram.inc operand alias for byte 3 of the volume DSP coefficient transform input shadow at 0x0F0	emitted	current_batch_volume_dsp_coeff_input_shadow
stock_0F0_b0_phys	volume_dsp_coeff_input_shadow_byte3_phys	ram_var	i2c_tas3108	src/dlcp_fw/asm/dlcp_main_ram.inc physical alias for byte 3 of the volume DSP coefficient transform input shadow at 0x0F0	emitted	current_batch_volume_dsp_coeff_input_shadow
stock_04D_acc	hid_out_coeff_scratch_byte0_acc	ram_var	usb_hid	src/dlcp_fw/asm/dlcp_main_v34.asm hid_command_dispatch mirrors seven HID OUT bytes into stock_04D..053, and main_i2c_service_39a6 also copies coefficient workspace stock_041..044 through stock_04D..050 before main_core_service_301a	emitted	current_batch_hid_out_coeff_scratch
stock_04D_acc_op	hid_out_coeff_scratch_byte0_op	ram_var	usb_hid	src/dlcp_fw/asm/dlcp_main_ram.inc operand alias for shared HID OUT mirror and coefficient scratch byte 0 at 0x04D	emitted	current_batch_hid_out_coeff_scratch
stock_04D_acc_phys	hid_out_coeff_scratch_byte0_phys	ram_var	usb_hid	src/dlcp_fw/asm/dlcp_main_ram.inc physical alias for shared HID OUT mirror and coefficient scratch byte 0 at 0x04D	emitted	current_batch_hid_out_coeff_scratch
stock_04D_b0	hid_out_coeff_scratch_byte0_b0	ram_var	usb_hid	src/dlcp_fw/asm/dlcp_main_ram.inc bank-0 alias for shared HID OUT mirror and coefficient scratch byte 0 at 0x04D	emitted	current_batch_hid_out_coeff_scratch
stock_04D_b0_op	hid_out_coeff_scratch_byte0_b0_op	ram_var	usb_hid	src/dlcp_fw/asm/dlcp_main_ram.inc bank-0 operand alias for shared HID OUT mirror and coefficient scratch byte 0 at 0x04D	emitted	current_batch_hid_out_coeff_scratch
stock_04D_b0_phys	hid_out_coeff_scratch_byte0_b0_phys	ram_var	usb_hid	src/dlcp_fw/asm/dlcp_main_v34.asm hid_command_dispatch loads FSR1 with stock_04D_b0_phys as the HID OUT mirror base	emitted	current_batch_hid_out_coeff_scratch
stock_04E_acc	hid_out_coeff_scratch_byte1_acc	ram_var	usb_hid	src/dlcp_fw/asm/dlcp_main_v34.asm stock_04E is byte 1 within the contiguous stock_04D..050 scratch block used for HID OUT mirror and coefficient staging	emitted	current_batch_hid_out_coeff_scratch
stock_04E_acc_op	hid_out_coeff_scratch_byte1_op	ram_var	usb_hid	src/dlcp_fw/asm/dlcp_main_ram.inc operand alias for shared HID OUT mirror and coefficient scratch byte 1 at 0x04E	emitted	current_batch_hid_out_coeff_scratch
stock_04E_acc_phys	hid_out_coeff_scratch_byte1_phys	ram_var	usb_hid	src/dlcp_fw/asm/dlcp_main_ram.inc physical alias for shared HID OUT mirror and coefficient scratch byte 1 at 0x04E	emitted	current_batch_hid_out_coeff_scratch
stock_04E_b0	hid_out_coeff_scratch_byte1_b0	ram_var	usb_hid	src/dlcp_fw/asm/dlcp_main_ram.inc bank-0 alias for shared HID OUT mirror and coefficient scratch byte 1 at 0x04E	emitted	current_batch_hid_out_coeff_scratch
stock_04E_b0_op	hid_out_coeff_scratch_byte1_b0_op	ram_var	usb_hid	src/dlcp_fw/asm/dlcp_main_ram.inc bank-0 operand alias for shared HID OUT mirror and coefficient scratch byte 1 at 0x04E	emitted	current_batch_hid_out_coeff_scratch
stock_04E_b0_phys	hid_out_coeff_scratch_byte1_b0_phys	ram_var	usb_hid	src/dlcp_fw/asm/dlcp_main_ram.inc bank-0 physical alias for shared HID OUT mirror and coefficient scratch byte 1 at 0x04E	emitted	current_batch_hid_out_coeff_scratch
stock_04F_acc	hid_out_coeff_scratch_byte2_acc	ram_var	usb_hid	src/dlcp_fw/asm/dlcp_main_v34.asm stock_04F is byte 2 within the contiguous stock_04D..050 scratch block used for HID OUT mirror and coefficient staging	emitted	current_batch_hid_out_coeff_scratch
stock_04F_acc_op	hid_out_coeff_scratch_byte2_op	ram_var	usb_hid	src/dlcp_fw/asm/dlcp_main_ram.inc operand alias for shared HID OUT mirror and coefficient scratch byte 2 at 0x04F	emitted	current_batch_hid_out_coeff_scratch
stock_04F_acc_phys	hid_out_coeff_scratch_byte2_phys	ram_var	usb_hid	src/dlcp_fw/asm/dlcp_main_ram.inc physical alias for shared HID OUT mirror and coefficient scratch byte 2 at 0x04F	emitted	current_batch_hid_out_coeff_scratch
stock_04F_b0	hid_out_coeff_scratch_byte2_b0	ram_var	usb_hid	src/dlcp_fw/asm/dlcp_main_ram.inc bank-0 alias for shared HID OUT mirror and coefficient scratch byte 2 at 0x04F	emitted	current_batch_hid_out_coeff_scratch
stock_04F_b0_op	hid_out_coeff_scratch_byte2_b0_op	ram_var	usb_hid	src/dlcp_fw/asm/dlcp_main_ram.inc bank-0 operand alias for shared HID OUT mirror and coefficient scratch byte 2 at 0x04F	emitted	current_batch_hid_out_coeff_scratch
stock_04F_b0_phys	hid_out_coeff_scratch_byte2_b0_phys	ram_var	usb_hid	src/dlcp_fw/asm/dlcp_main_ram.inc bank-0 physical alias for shared HID OUT mirror and coefficient scratch byte 2 at 0x04F	emitted	current_batch_hid_out_coeff_scratch
stock_050_acc	hid_out_coeff_scratch_byte3_acc	ram_var	usb_hid	src/dlcp_fw/asm/dlcp_main_v34.asm stock_050 is byte 3 within the contiguous stock_04D..050 scratch block used for HID OUT mirror and coefficient staging	emitted	current_batch_hid_out_coeff_scratch
stock_050_acc_op	hid_out_coeff_scratch_byte3_op	ram_var	usb_hid	src/dlcp_fw/asm/dlcp_main_ram.inc operand alias for shared HID OUT mirror and coefficient scratch byte 3 at 0x050	emitted	current_batch_hid_out_coeff_scratch
stock_050_acc_phys	hid_out_coeff_scratch_byte3_phys	ram_var	usb_hid	src/dlcp_fw/asm/dlcp_main_ram.inc physical alias for shared HID OUT mirror and coefficient scratch byte 3 at 0x050	emitted	current_batch_hid_out_coeff_scratch
stock_050_b0	hid_out_coeff_scratch_byte3_b0	ram_var	usb_hid	src/dlcp_fw/asm/dlcp_main_ram.inc bank-0 alias for shared HID OUT mirror and coefficient scratch byte 3 at 0x050	emitted	current_batch_hid_out_coeff_scratch
stock_050_b0_op	hid_out_coeff_scratch_byte3_b0_op	ram_var	usb_hid	src/dlcp_fw/asm/dlcp_main_ram.inc bank-0 operand alias for shared HID OUT mirror and coefficient scratch byte 3 at 0x050	emitted	current_batch_hid_out_coeff_scratch
stock_050_b0_phys	hid_out_coeff_scratch_byte3_b0_phys	ram_var	usb_hid	src/dlcp_fw/asm/dlcp_main_ram.inc bank-0 physical alias for shared HID OUT mirror and coefficient scratch byte 3 at 0x050	emitted	current_batch_hid_out_coeff_scratch
stock_043_acc	fw_update_line_checksum_ok_acc	ram_var	flash_update	src/dlcp_fw/asm/dlcp_main_v34.asm fw_update_relay sets stock_043 to 1 when the Intel HEX checksum byte matches the running checksum, clears it on mismatch, and tests it before accepting or retrying the received line	emitted	current_batch_fw_update_checksum_crc_scratch
stock_043_acc_op	fw_update_line_checksum_ok_op	ram_var	flash_update	src/dlcp_fw/asm/dlcp_main_ram.inc operand alias for the firmware-update Intel HEX line checksum accepted flag at 0x043	emitted	current_batch_fw_update_checksum_crc_scratch
stock_043_acc_phys	fw_update_line_checksum_ok_phys	ram_var	flash_update	src/dlcp_fw/asm/dlcp_main_ram.inc physical alias for the firmware-update Intel HEX line checksum accepted flag at 0x043	emitted	current_batch_fw_update_checksum_crc_scratch
stock_043_b0	fw_update_line_checksum_ok_b0	ram_var	flash_update	src/dlcp_fw/asm/dlcp_main_ram.inc bank-0 alias for the firmware-update Intel HEX line checksum accepted flag at 0x043	emitted	current_batch_fw_update_checksum_crc_scratch
stock_043_b0_op	fw_update_line_checksum_ok_b0_op	ram_var	flash_update	src/dlcp_fw/asm/dlcp_main_ram.inc bank-0 operand alias for the firmware-update Intel HEX line checksum accepted flag at 0x043	emitted	current_batch_fw_update_checksum_crc_scratch
stock_043_b0_phys	fw_update_line_checksum_ok_b0_phys	ram_var	flash_update	src/dlcp_fw/asm/dlcp_main_ram.inc bank-0 physical alias for the firmware-update Intel HEX line checksum accepted flag at 0x043	emitted	current_batch_fw_update_checksum_crc_scratch
stock_044_acc	fw_update_crc_feedback_scratch_acc	ram_var	flash_update	src/dlcp_fw/asm/dlcp_main_v34.asm fw_update_relay CRC bit loop stages the previous CRC high-bit feedback in stock_044 before shifting stock_07C/07D and conditionally xoring the polynomial bytes	emitted	current_batch_fw_update_checksum_crc_scratch
stock_044_acc_op	fw_update_crc_feedback_scratch_op	ram_var	flash_update	src/dlcp_fw/asm/dlcp_main_ram.inc operand alias for the firmware-update CRC feedback scratch byte at 0x044	emitted	current_batch_fw_update_checksum_crc_scratch
stock_044_acc_phys	fw_update_crc_feedback_scratch_phys	ram_var	flash_update	src/dlcp_fw/asm/dlcp_main_ram.inc physical alias for the firmware-update CRC feedback scratch byte at 0x044	emitted	current_batch_fw_update_checksum_crc_scratch
stock_044_b0	fw_update_crc_feedback_scratch_b0	ram_var	flash_update	src/dlcp_fw/asm/dlcp_main_ram.inc bank-0 alias for the firmware-update CRC feedback scratch byte at 0x044	emitted	current_batch_fw_update_checksum_crc_scratch
stock_044_b0_op	fw_update_crc_feedback_scratch_b0_op	ram_var	flash_update	src/dlcp_fw/asm/dlcp_main_ram.inc bank-0 operand alias for the firmware-update CRC feedback scratch byte at 0x044	emitted	current_batch_fw_update_checksum_crc_scratch
stock_044_b0_phys	fw_update_crc_feedback_scratch_b0_phys	ram_var	flash_update	src/dlcp_fw/asm/dlcp_main_ram.inc bank-0 physical alias for the firmware-update CRC feedback scratch byte at 0x044	emitted	current_batch_fw_update_checksum_crc_scratch
stock_048_acc	fw_update_crc_bit_index_acc	ram_var	flash_update	src/dlcp_fw/asm/dlcp_main_v34.asm fw_update_relay clears stock_048 before the CRC loop, increments it once per shifted bit, and repeats until the eight input bits have been folded into stock_07C/07D	emitted	current_batch_fw_update_checksum_crc_scratch
stock_048_acc_op	fw_update_crc_bit_index_op	ram_var	flash_update	src/dlcp_fw/asm/dlcp_main_ram.inc operand alias for the firmware-update CRC bit-loop index at 0x048	emitted	current_batch_fw_update_checksum_crc_scratch
stock_048_acc_phys	fw_update_crc_bit_index_phys	ram_var	flash_update	src/dlcp_fw/asm/dlcp_main_ram.inc physical alias for the firmware-update CRC bit-loop index at 0x048	emitted	current_batch_fw_update_checksum_crc_scratch
stock_048_b0	fw_update_crc_bit_index_b0	ram_var	flash_update	src/dlcp_fw/asm/dlcp_main_ram.inc bank-0 alias for the firmware-update CRC bit-loop index at 0x048	emitted	current_batch_fw_update_checksum_crc_scratch
stock_048_b0_op	fw_update_crc_bit_index_b0_op	ram_var	flash_update	src/dlcp_fw/asm/dlcp_main_ram.inc bank-0 operand alias for the firmware-update CRC bit-loop index at 0x048	emitted	current_batch_fw_update_checksum_crc_scratch
stock_048_b0_phys	fw_update_crc_bit_index_b0_phys	ram_var	flash_update	src/dlcp_fw/asm/dlcp_main_ram.inc bank-0 physical alias for the firmware-update CRC bit-loop index at 0x048	emitted	current_batch_fw_update_checksum_crc_scratch
stock_046_acc	fw_update_even_addr_pending_byte_acc	ram_var	flash_update	src/dlcp_fw/asm/dlcp_main_v34.asm fw_update_relay stores an even-address data byte from stock_04A into stock_046, then on the following odd address emits stock_046 and stock_04A as a paired Intel HEX payload before advancing the flash address	emitted	current_batch_fw_update_byte_pair_reply
stock_046_acc_op	fw_update_even_addr_pending_byte_op	ram_var	flash_update	src/dlcp_fw/asm/dlcp_main_ram.inc operand alias for the firmware-update even-address pending data byte at 0x046	emitted	current_batch_fw_update_byte_pair_reply
stock_046_acc_phys	fw_update_even_addr_pending_byte_phys	ram_var	flash_update	src/dlcp_fw/asm/dlcp_main_ram.inc physical alias for the firmware-update even-address pending data byte at 0x046	emitted	current_batch_fw_update_byte_pair_reply
stock_046_b0	fw_update_even_addr_pending_byte_b0	ram_var	flash_update	src/dlcp_fw/asm/dlcp_main_ram.inc bank-0 alias for the firmware-update even-address pending data byte at 0x046	emitted	current_batch_fw_update_byte_pair_reply
stock_046_b0_op	fw_update_even_addr_pending_byte_b0_op	ram_var	flash_update	src/dlcp_fw/asm/dlcp_main_ram.inc bank-0 operand alias for the firmware-update even-address pending data byte at 0x046	emitted	current_batch_fw_update_byte_pair_reply
stock_046_b0_phys	fw_update_even_addr_pending_byte_b0_phys	ram_var	flash_update	src/dlcp_fw/asm/dlcp_main_v34.asm fw_update_relay reads stock_046_b0_phys into stock_01B before hex-encoding the first byte of an odd-address two-byte payload	emitted	current_batch_fw_update_byte_pair_reply
stock_047_acc	fw_update_reply_copy_index_acc	ram_var	flash_update	src/dlcp_fw/asm/dlcp_main_v34.asm after emitting the firmware-update byte-pair reply from page-0 staging, fw_update_relay clears stock_047 and uses it as the zero-terminated copy index from stock_02F onward into the page-1 reply buffer	emitted	current_batch_fw_update_byte_pair_reply
stock_047_acc_op	fw_update_reply_copy_index_op	ram_var	flash_update	src/dlcp_fw/asm/dlcp_main_ram.inc operand alias for the firmware-update reply copy index at 0x047	emitted	current_batch_fw_update_byte_pair_reply
stock_047_acc_phys	fw_update_reply_copy_index_phys	ram_var	flash_update	src/dlcp_fw/asm/dlcp_main_ram.inc physical alias for the firmware-update reply copy index at 0x047	emitted	current_batch_fw_update_byte_pair_reply
stock_047_b0	fw_update_reply_copy_index_b0	ram_var	flash_update	src/dlcp_fw/asm/dlcp_main_ram.inc bank-0 alias for the firmware-update reply copy index at 0x047	emitted	current_batch_fw_update_byte_pair_reply
stock_047_b0_op	fw_update_reply_copy_index_b0_op	ram_var	flash_update	src/dlcp_fw/asm/dlcp_main_ram.inc bank-0 operand alias for the firmware-update reply copy index at 0x047	emitted	current_batch_fw_update_byte_pair_reply
stock_047_b0_phys	fw_update_reply_copy_index_b0_phys	ram_var	flash_update	src/dlcp_fw/asm/dlcp_main_ram.inc bank-0 physical alias for the firmware-update reply copy index at 0x047	emitted	current_batch_fw_update_byte_pair_reply
s3_math_stage_025	copy_transform_shadow_to_math_operand	private_helper	math	src/dlcp_fw/asm/dlcp_main_v34.asm helper comment identifies the shared S3 dedup copy from stock_02F..032 into stock_025..028; callers in main_core_service_297e and main_core_service_3398 use it to stage the transform shadow as the next math operand	emitted	current_batch_math_audio_pin_helpers
s3_coeff_stage_049	stage_tas3108_coeff_input_scratch	private_helper	i2c_tas3108	src/dlcp_fw/asm/dlcp_main_v34.asm helper comment identifies the shared S3 dedup copy from i2c_coeff_0..3 into stock_049..04C; i2c_tas3108_coeff_write calls it immediately before the TAS3108 coefficient transform/emitter	emitted	current_batch_math_audio_pin_helpers
clear_lata_345	clear_lata_source_select_pins	private_helper	i2c_tas3108	src/dlcp_fw/asm/dlcp_main_v34.asm clear_lata_audio_pins falls through after clearing LATA6, and main_i2c_service_48e2 jumps directly here after TAS3108 reg1F write; the body clears LATA3/LATA4/LATA5 source-select pins	emitted	current_batch_math_audio_pin_helpers
math_stage_025_027_to_029_02b	copy_math_operand_low24_to_secondary	private_helper	math	src/dlcp_fw/asm/dlcp_main_v34.asm:3353 chain_copy descriptor copies stock_025..027 to stock_029..02B; callers at lines 2759 and 4269 use it before shifting/comparing the secondary math operand	emitted	current_batch_math_helper_labels
s3_math_stage_029	copy_math_operand_to_secondary_shadow	private_helper	math	src/dlcp_fw/asm/dlcp_main_v34.asm:4266 comment identifies shared stock_025..028 to stock_029..02C operand copy; body calls the low24 copy and then copies stock_028 to stock_02C	emitted	current_batch_math_helper_labels
carry_propagate_004_006	propagate_carry_to_u32_scratch_high24	private_helper	math	src/dlcp_fw/asm/dlcp_main_v34.asm:4086 addwfc zero through stock_004..006 after low-byte add/inc call sites at lines 4067 and 4388, propagating carry into the high bytes of the stock_003..006 scratch word	emitted	current_batch_math_helper_labels
uart_channel_config_cache_from_00c	uart_update_channel_config_cache_from_cmd_index	private_helper	uart_chain	src/dlcp_fw/asm/dlcp_main_v34.asm:2095-2099 maps cmd 0x17..0x1C to index 0..5 in stock_00C, then line 2040 loads that index before updating paired channel-config cache bytes	emitted	current_batch_math_helper_labels
usb_stage_tblptr_from_075_076	usb_stage_tblptr_from_flash_ptr_cache	private_helper	usb_hid	src/dlcp_fw/asm/dlcp_main_v34.asm:4980 copies stock_075/076 into TBLPTRL/H and clears TBLPTRU; use sites at lines 4987 and 5224 stage USB flash/string descriptor reads	emitted	current_batch_math_helper_labels
preset_table_async_header_bad	preset_table_async_header_mismatch	local_label	preset	src/dlcp_fw/asm/dlcp_main_v34.asm:5378-5419 branches here on invalid async preset header byte, length, or register checks, clears the PEN-timeout marker, and returns C=1 for mismatch	emitted	current_batch_math_helper_labels
clrf_i2c_coeff_0123_and_write_mid_window	tas3108_write_zero_volume_coeff_mid_window	private_helper	i2c_tas3108	src/dlcp_fw/asm/dlcp_main_v34.asm:2705 is a mid-window trampoline to clrf_i2c_coeff_0123_and_write; callers at lines 1476, 1518, and 3929 use it for zero-volume DSP writes after reconnect/gate/reset paths	emitted	current_batch_residue_helper_labels
clrf_i2c_coeff_0123_and_write	tas3108_write_zero_volume_coeff	private_helper	i2c_tas3108	src/dlcp_fw/asm/dlcp_main_v34.asm:7442-7474 comment identifies the helper as clearing i2c_coeff_0..3 and writing a zero coefficient block through volume_dsp_write; line 7467 notes every TAS 0x30 DSP mute write passes here	emitted	current_batch_residue_helper_labels
status_fanout3_from_006_to_fsr2	fanout_channel_enable_bits_to_usb_report_bytes	private_helper	usb_hid	src/dlcp_fw/asm/dlcp_main_v34.asm:2626-2632 copies channel_enable_mask into stock_006, then calls this helper twice with W=3 to fan out six mask bits into USB HID report payload bytes around stock_164..16A	emitted	current_batch_residue_helper_labels
shift_003_006_left_clear_c	shift_scratch32_left_clear_carry	private_helper	math	src/dlcp_fw/asm/dlcp_main_v34.asm:4078-4084 clears C then left-rotates stock_003..006 as a 32-bit scratch word; callers at lines 4062 and 4396 use it in flash/math normalization loops	emitted	current_batch_residue_helper_labels
usb_setup_fsr2_saved_from_07a7b	usb_setup_fsr2_from_selected_bdt_entry_ptr	private_helper	usb_ep0	src/dlcp_fw/asm/dlcp_main_v34.asm:4238-4244 bases FSR2 at isr_save_fsr2h and adds the selected USB BDT entry pointer cached in stock_07A/07B; callers use it while copying an eight-byte SETUP packet	emitted	current_batch_residue_helper_labels
uart_baud_31250_prefix	program_uart_31250_baud_common	private_helper	uart_link	src/dlcp_fw/asm/dlcp_main_v34.asm:5905-5916 helper comment says it programs SPBRG/SPBRGH for 31,250 baud and clears OSCCON bit 1 as the shared wake/adaptive-baud/standby prefix	emitted	current_batch_residue_helper_labels
rail_adc_cmp_hi02_w	compare_adc_rail_sample_to_threshold_w	private_helper	adc_rail	src/dlcp_fw/asm/dlcp_main_v34.asm:5919-5924 subtracts W and fixed high byte 0x02 from cached adc_rail_sample_lo/hi; boot, standby, and hysteresis callers provide low-byte thresholds at lines 3897, 5969, 6874, and 6881	emitted	current_batch_residue_helper_labels
adc_div_compare_subtract_003004_by_005006	adc_div_compare_subtract_staged_words	private_helper	adc_rail	src/dlcp_fw/asm/dlcp_main_v34.asm:6842-6852 compares staged dividend stock_003:004 against divisor stock_005:006 and conditionally subtracts; shared by adc_divide_staged_words and adc_remainder_staged_words loops	emitted	current_batch_residue_helper_labels
filename_reply_dec_gap_lo	filename_reply_job_service__decrement_gap_low	local_label	uart_chain	src/dlcp_fw/asm/dlcp_main_v34.asm:9296-9314 filename_reply_job_service branches here when fname_tx_gap_lo is nonzero or after decrementing the high byte, then decrements the low delay byte before returning	emitted	current_batch_residue_helper_labels
stock_025_acc	float32_math_operand_byte0_acc	ram_var	dsp_coeff_math	src/dlcp_fw/asm/dlcp_main_v34.asm:3795-3799 s3_math_stage_025 copies stock_02F..032 into stock_025..028 as the staged float32 math operand; float32_to_int32_in_place mutates stock_025..028 in place	emitted	current_batch_float32_operand_ram
stock_025_acc_op	float32_math_operand_byte0_op	ram_var	dsp_coeff_math	src/dlcp_fw/asm/dlcp_main_ram.inc operand alias for staged float32 math operand byte0 at 0x025	emitted	current_batch_float32_operand_ram
stock_025_acc_phys	float32_math_operand_byte0_phys	ram_var	dsp_coeff_math	src/dlcp_fw/asm/dlcp_main_ram.inc physical alias for staged float32 math operand byte0 at 0x025	emitted	current_batch_float32_operand_ram
stock_025_b0	float32_math_operand_byte0_b0	ram_var	dsp_coeff_math	src/dlcp_fw/asm/dlcp_main_ram.inc bank-0 alias for staged float32 math operand byte0 at 0x025	emitted	current_batch_float32_operand_ram
stock_025_b0_op	float32_math_operand_byte0_b0_op	ram_var	dsp_coeff_math	src/dlcp_fw/asm/dlcp_main_ram.inc bank-0 operand alias for staged float32 math operand byte0 at 0x025	emitted	current_batch_float32_operand_ram
stock_025_b0_phys	float32_math_operand_byte0_b0_phys	ram_var	dsp_coeff_math	src/dlcp_fw/asm/dlcp_main_ram.inc bank-0 physical alias for staged float32 math operand byte0 at 0x025	emitted	current_batch_float32_operand_ram
stock_026_acc	float32_math_operand_byte1_acc	ram_var	dsp_coeff_math	src/dlcp_fw/asm/dlcp_main_v34.asm:3795-3799 s3_math_stage_025 copies stock_02F..032 into stock_025..028 as the staged float32 math operand; float32_to_int32_in_place mutates stock_025..028 in place	emitted	current_batch_float32_operand_ram
stock_026_acc_op	float32_math_operand_byte1_op	ram_var	dsp_coeff_math	src/dlcp_fw/asm/dlcp_main_ram.inc operand alias for staged float32 math operand byte1 at 0x026	emitted	current_batch_float32_operand_ram
stock_026_acc_phys	float32_math_operand_byte1_phys	ram_var	dsp_coeff_math	src/dlcp_fw/asm/dlcp_main_ram.inc physical alias for staged float32 math operand byte1 at 0x026	emitted	current_batch_float32_operand_ram
stock_026_b0	float32_math_operand_byte1_b0	ram_var	dsp_coeff_math	src/dlcp_fw/asm/dlcp_main_ram.inc bank-0 alias for staged float32 math operand byte1 at 0x026	emitted	current_batch_float32_operand_ram
stock_026_b0_op	float32_math_operand_byte1_b0_op	ram_var	dsp_coeff_math	src/dlcp_fw/asm/dlcp_main_ram.inc bank-0 operand alias for staged float32 math operand byte1 at 0x026	emitted	current_batch_float32_operand_ram
stock_026_b0_phys	float32_math_operand_byte1_b0_phys	ram_var	dsp_coeff_math	src/dlcp_fw/asm/dlcp_main_ram.inc bank-0 physical alias for staged float32 math operand byte1 at 0x026	emitted	current_batch_float32_operand_ram
stock_027_acc	float32_math_operand_byte2_acc	ram_var	dsp_coeff_math	src/dlcp_fw/asm/dlcp_main_v34.asm:3795-3799 s3_math_stage_025 copies stock_02F..032 into stock_025..028 as the staged float32 math operand; float32_to_int32_in_place mutates stock_025..028 in place	emitted	current_batch_float32_operand_ram
stock_027_acc_op	float32_math_operand_byte2_op	ram_var	dsp_coeff_math	src/dlcp_fw/asm/dlcp_main_ram.inc operand alias for staged float32 math operand byte2 at 0x027	emitted	current_batch_float32_operand_ram
stock_027_acc_phys	float32_math_operand_byte2_phys	ram_var	dsp_coeff_math	src/dlcp_fw/asm/dlcp_main_ram.inc physical alias for staged float32 math operand byte2 at 0x027	emitted	current_batch_float32_operand_ram
stock_027_b0	float32_math_operand_byte2_b0	ram_var	dsp_coeff_math	src/dlcp_fw/asm/dlcp_main_ram.inc bank-0 alias for staged float32 math operand byte2 at 0x027	emitted	current_batch_float32_operand_ram
stock_027_b0_op	float32_math_operand_byte2_b0_op	ram_var	dsp_coeff_math	src/dlcp_fw/asm/dlcp_main_ram.inc bank-0 operand alias for staged float32 math operand byte2 at 0x027	emitted	current_batch_float32_operand_ram
stock_027_b0_phys	float32_math_operand_byte2_b0_phys	ram_var	dsp_coeff_math	src/dlcp_fw/asm/dlcp_main_ram.inc bank-0 physical alias for staged float32 math operand byte2 at 0x027	emitted	current_batch_float32_operand_ram
stock_028_acc	float32_math_operand_byte3_acc	ram_var	dsp_coeff_math	src/dlcp_fw/asm/dlcp_main_v34.asm:3795-3799 s3_math_stage_025 copies stock_02F..032 into stock_025..028 as the staged float32 math operand; s3_math_stage_029 copies stock_028 into secondary byte3 stock_02C	emitted	current_batch_float32_operand_ram
stock_028_acc_op	float32_math_operand_byte3_op	ram_var	dsp_coeff_math	src/dlcp_fw/asm/dlcp_main_ram.inc operand alias for staged float32 math operand byte3 at 0x028	emitted	current_batch_float32_operand_ram
stock_028_acc_phys	float32_math_operand_byte3_phys	ram_var	dsp_coeff_math	src/dlcp_fw/asm/dlcp_main_ram.inc physical alias for staged float32 math operand byte3 at 0x028	emitted	current_batch_float32_operand_ram
stock_028_b0	float32_math_operand_byte3_b0	ram_var	dsp_coeff_math	src/dlcp_fw/asm/dlcp_main_ram.inc bank-0 alias for staged float32 math operand byte3 at 0x028	emitted	current_batch_float32_operand_ram
stock_028_b0_op	float32_math_operand_byte3_b0_op	ram_var	dsp_coeff_math	src/dlcp_fw/asm/dlcp_main_ram.inc bank-0 operand alias for staged float32 math operand byte3 at 0x028	emitted	current_batch_float32_operand_ram
stock_028_b0_phys	float32_math_operand_byte3_b0_phys	ram_var	dsp_coeff_math	src/dlcp_fw/asm/dlcp_main_v34.asm:4270 physical alias copies staged float32 math operand byte3 into the secondary operand byte3 slot	emitted	current_batch_float32_operand_ram
stock_029_acc	float32_secondary_work_byte0_acc	ram_var	dsp_coeff_math	src/dlcp_fw/asm/dlcp_main_v34.asm:3353-3355 copies stock_025..027 into stock_029..02B, while s3_math_stage_029 extends the secondary work window through stock_02C before shift/exponent extraction	emitted	current_batch_float32_secondary_work_ram
stock_029_acc_op	float32_secondary_work_byte0_op	ram_var	dsp_coeff_math	src/dlcp_fw/asm/dlcp_main_ram.inc operand alias for float32 secondary work byte0 at 0x029	emitted	current_batch_float32_secondary_work_ram
stock_029_acc_phys	float32_secondary_work_byte0_phys	ram_var	dsp_coeff_math	src/dlcp_fw/asm/dlcp_main_ram.inc physical alias for float32 secondary work byte0 at 0x029	emitted	current_batch_float32_secondary_work_ram
stock_029_b0	float32_secondary_work_byte0_b0	ram_var	dsp_coeff_math	src/dlcp_fw/asm/dlcp_main_ram.inc bank-0 alias for float32 secondary work byte0 at 0x029	emitted	current_batch_float32_secondary_work_ram
stock_029_b0_op	float32_secondary_work_byte0_b0_op	ram_var	dsp_coeff_math	src/dlcp_fw/asm/dlcp_main_ram.inc bank-0 operand alias for float32 secondary work byte0 at 0x029	emitted	current_batch_float32_secondary_work_ram
stock_029_b0_phys	float32_secondary_work_byte0_b0_phys	ram_var	dsp_coeff_math	src/dlcp_fw/asm/dlcp_main_v34.asm:6493 lfsr uses this physical alias as the base of a four-byte float32 scratch window populated from stock_012..015	emitted	current_batch_float32_secondary_work_ram
stock_02A_acc	float32_secondary_work_byte1_acc	ram_var	dsp_coeff_math	src/dlcp_fw/asm/dlcp_main_v34.asm:4266-4278 s3_math_stage_029 copies stock_025..028 into stock_029..02C, then repeat_w_main_core_service_30cc shifts stock_02C..029 for coefficient field extraction	emitted	current_batch_float32_secondary_work_ram
stock_02A_acc_op	float32_secondary_work_byte1_op	ram_var	dsp_coeff_math	src/dlcp_fw/asm/dlcp_main_ram.inc operand alias for float32 secondary work byte1 at 0x02A	emitted	current_batch_float32_secondary_work_ram
stock_02A_acc_phys	float32_secondary_work_byte1_phys	ram_var	dsp_coeff_math	src/dlcp_fw/asm/dlcp_main_ram.inc physical alias for float32 secondary work byte1 at 0x02A	emitted	current_batch_float32_secondary_work_ram
stock_02A_b0	float32_secondary_work_byte1_b0	ram_var	dsp_coeff_math	src/dlcp_fw/asm/dlcp_main_ram.inc bank-0 alias for float32 secondary work byte1 at 0x02A	emitted	current_batch_float32_secondary_work_ram
stock_02A_b0_op	float32_secondary_work_byte1_b0_op	ram_var	dsp_coeff_math	src/dlcp_fw/asm/dlcp_main_ram.inc bank-0 operand alias for float32 secondary work byte1 at 0x02A	emitted	current_batch_float32_secondary_work_ram
stock_02A_b0_phys	float32_secondary_work_byte1_b0_phys	ram_var	dsp_coeff_math	src/dlcp_fw/asm/dlcp_main_ram.inc bank-0 physical alias for float32 secondary work byte1 at 0x02A	emitted	current_batch_float32_secondary_work_ram
stock_02B_acc	float32_secondary_work_byte2_acc	ram_var	dsp_coeff_math	src/dlcp_fw/asm/dlcp_main_v34.asm:3353-3355 copies stock_025..027 into stock_029..02B, and shift helpers rotate stock_02B..029 or stock_02C..029 during float32 add/convert math	emitted	current_batch_float32_secondary_work_ram
stock_02B_acc_op	float32_secondary_work_byte2_op	ram_var	dsp_coeff_math	src/dlcp_fw/asm/dlcp_main_ram.inc operand alias for float32 secondary work byte2 at 0x02B	emitted	current_batch_float32_secondary_work_ram
stock_02B_acc_phys	float32_secondary_work_byte2_phys	ram_var	dsp_coeff_math	src/dlcp_fw/asm/dlcp_main_ram.inc physical alias for float32 secondary work byte2 at 0x02B	emitted	current_batch_float32_secondary_work_ram
stock_02B_b0	float32_secondary_work_byte2_b0	ram_var	dsp_coeff_math	src/dlcp_fw/asm/dlcp_main_ram.inc bank-0 alias for float32 secondary work byte2 at 0x02B	emitted	current_batch_float32_secondary_work_ram
stock_02B_b0_op	float32_secondary_work_byte2_b0_op	ram_var	dsp_coeff_math	src/dlcp_fw/asm/dlcp_main_ram.inc bank-0 operand alias for float32 secondary work byte2 at 0x02B	emitted	current_batch_float32_secondary_work_ram
stock_02B_b0_phys	float32_secondary_work_byte2_b0_phys	ram_var	dsp_coeff_math	src/dlcp_fw/asm/dlcp_main_ram.inc bank-0 physical alias for float32 secondary work byte2 at 0x02B	emitted	current_batch_float32_secondary_work_ram
stock_02C_acc	float32_secondary_work_byte3_acc	ram_var	dsp_coeff_math	src/dlcp_fw/asm/dlcp_main_v34.asm:4266-4270 copies stock_028 into stock_02C as secondary work byte3; float32 add later reuses stock_02C for sign and alignment guard bits, so work is intentionally conservative	emitted	current_batch_float32_secondary_work_ram
stock_02C_acc_op	float32_secondary_work_byte3_op	ram_var	dsp_coeff_math	src/dlcp_fw/asm/dlcp_main_ram.inc operand alias for float32 secondary work byte3/sign-guard scratch at 0x02C	emitted	current_batch_float32_secondary_work_ram
stock_02C_acc_phys	float32_secondary_work_byte3_phys	ram_var	dsp_coeff_math	src/dlcp_fw/asm/dlcp_main_ram.inc physical alias for float32 secondary work byte3/sign-guard scratch at 0x02C	emitted	current_batch_float32_secondary_work_ram
stock_02C_b0	float32_secondary_work_byte3_b0	ram_var	dsp_coeff_math	src/dlcp_fw/asm/dlcp_main_ram.inc bank-0 alias for float32 secondary work byte3/sign-guard scratch at 0x02C	emitted	current_batch_float32_secondary_work_ram
stock_02C_b0_op	float32_secondary_work_byte3_b0_op	ram_var	dsp_coeff_math	src/dlcp_fw/asm/dlcp_main_ram.inc bank-0 operand alias for float32 secondary work byte3/sign-guard scratch at 0x02C	emitted	current_batch_float32_secondary_work_ram
stock_02C_b0_phys	float32_secondary_work_byte3_b0_phys	ram_var	dsp_coeff_math	src/dlcp_fw/asm/dlcp_main_v34.asm:2821 copies the sign/alignment guard byte through this physical alias while preserving high sign flags and returning low guard bits	emitted	current_batch_float32_secondary_work_ram
stock_020_acc	float32_accum_work_byte0_acc	ram_var	dsp_coeff_math	src/dlcp_fw/asm/dlcp_main_v34.asm:2752-2903 uses stock_020..023 as the float32 add primary operand/result, and lines 3375-3384 stage the same four-byte work window around exp-limit math	emitted	current_batch_float32_accum_work_ram
stock_020_acc_op	float32_accum_work_byte0_op	ram_var	dsp_coeff_math	src/dlcp_fw/asm/dlcp_main_ram.inc operand alias for shared float32 accumulator/work byte0 at 0x020	emitted	current_batch_float32_accum_work_ram
stock_020_acc_phys	float32_accum_work_byte0_phys	ram_var	dsp_coeff_math	src/dlcp_fw/asm/dlcp_main_ram.inc physical alias for shared float32 accumulator/work byte0 at 0x020	emitted	current_batch_float32_accum_work_ram
stock_020_b0	float32_accum_work_byte0_b0	ram_var	dsp_coeff_math	src/dlcp_fw/asm/dlcp_main_ram.inc bank-0 alias for shared float32 accumulator/work byte0 at 0x020	emitted	current_batch_float32_accum_work_ram
stock_020_b0_op	float32_accum_work_byte0_b0_op	ram_var	dsp_coeff_math	src/dlcp_fw/asm/dlcp_main_ram.inc bank-0 operand alias for shared float32 accumulator/work byte0 at 0x020	emitted	current_batch_float32_accum_work_ram
stock_020_b0_phys	float32_accum_work_byte0_b0_phys	ram_var	dsp_coeff_math	src/dlcp_fw/asm/dlcp_main_v34.asm:6510 lfsr uses this physical alias as the base of the four-byte add accumulator/work window before calling float32_add_secondary_to_primary_in_place	emitted	current_batch_float32_accum_work_ram
stock_021_acc	float32_accum_work_byte1_acc	ram_var	dsp_coeff_math	src/dlcp_fw/asm/dlcp_main_v34.asm:2827-2830 and 2843-2846 rotate stock_020..023 as a four-byte primary mantissa during float32 add alignment	emitted	current_batch_float32_accum_work_ram
stock_021_acc_op	float32_accum_work_byte1_op	ram_var	dsp_coeff_math	src/dlcp_fw/asm/dlcp_main_ram.inc operand alias for shared float32 accumulator/work byte1 at 0x021	emitted	current_batch_float32_accum_work_ram
stock_021_acc_phys	float32_accum_work_byte1_phys	ram_var	dsp_coeff_math	src/dlcp_fw/asm/dlcp_main_ram.inc physical alias for shared float32 accumulator/work byte1 at 0x021	emitted	current_batch_float32_accum_work_ram
stock_021_b0	float32_accum_work_byte1_b0	ram_var	dsp_coeff_math	src/dlcp_fw/asm/dlcp_main_ram.inc bank-0 alias for shared float32 accumulator/work byte1 at 0x021	emitted	current_batch_float32_accum_work_ram
stock_021_b0_op	float32_accum_work_byte1_b0_op	ram_var	dsp_coeff_math	src/dlcp_fw/asm/dlcp_main_ram.inc bank-0 operand alias for shared float32 accumulator/work byte1 at 0x021	emitted	current_batch_float32_accum_work_ram
stock_021_b0_phys	float32_accum_work_byte1_b0_phys	ram_var	dsp_coeff_math	src/dlcp_fw/asm/dlcp_main_ram.inc bank-0 physical alias for shared float32 accumulator/work byte1 at 0x021	emitted	current_batch_float32_accum_work_ram
stock_022_acc	float32_accum_work_byte2_acc	ram_var	dsp_coeff_math	src/dlcp_fw/asm/dlcp_main_v34.asm:2799 restores the hidden mantissa bit in stock_022 during float32 add, while lines 3501-3505 reuse stock_020..022 as multiply product-accumulator bytes	emitted	current_batch_float32_accum_work_ram
stock_022_acc_op	float32_accum_work_byte2_op	ram_var	dsp_coeff_math	src/dlcp_fw/asm/dlcp_main_ram.inc operand alias for shared float32 accumulator/work byte2 at 0x022	emitted	current_batch_float32_accum_work_ram
stock_022_acc_phys	float32_accum_work_byte2_phys	ram_var	dsp_coeff_math	src/dlcp_fw/asm/dlcp_main_ram.inc physical alias for shared float32 accumulator/work byte2 at 0x022	emitted	current_batch_float32_accum_work_ram
stock_022_b0	float32_accum_work_byte2_b0	ram_var	dsp_coeff_math	src/dlcp_fw/asm/dlcp_main_ram.inc bank-0 alias for shared float32 accumulator/work byte2 at 0x022	emitted	current_batch_float32_accum_work_ram
stock_022_b0_op	float32_accum_work_byte2_b0_op	ram_var	dsp_coeff_math	src/dlcp_fw/asm/dlcp_main_ram.inc bank-0 operand alias for shared float32 accumulator/work byte2 at 0x022	emitted	current_batch_float32_accum_work_ram
stock_022_b0_phys	float32_accum_work_byte2_b0_phys	ram_var	dsp_coeff_math	src/dlcp_fw/asm/dlcp_main_ram.inc bank-0 physical alias for shared float32 accumulator/work byte2 at 0x022	emitted	current_batch_float32_accum_work_ram
stock_023_acc	float32_accum_work_byte3_acc	ram_var	dsp_coeff_math	src/dlcp_fw/asm/dlcp_main_v34.asm:2795 tests the float32 primary sign bit in stock_023, and lines 3455-3482 reuse stock_023 as multiply-loop counter over the same shared math work window	emitted	current_batch_float32_accum_work_ram
stock_023_acc_op	float32_accum_work_byte3_op	ram_var	dsp_coeff_math	src/dlcp_fw/asm/dlcp_main_ram.inc operand alias for shared float32 accumulator/work byte3 at 0x023	emitted	current_batch_float32_accum_work_ram
stock_023_acc_phys	float32_accum_work_byte3_phys	ram_var	dsp_coeff_math	src/dlcp_fw/asm/dlcp_main_ram.inc physical alias for shared float32 accumulator/work byte3 at 0x023	emitted	current_batch_float32_accum_work_ram
stock_023_b0	float32_accum_work_byte3_b0	ram_var	dsp_coeff_math	src/dlcp_fw/asm/dlcp_main_ram.inc bank-0 alias for shared float32 accumulator/work byte3 at 0x023	emitted	current_batch_float32_accum_work_ram
stock_023_b0_op	float32_accum_work_byte3_b0_op	ram_var	dsp_coeff_math	src/dlcp_fw/asm/dlcp_main_ram.inc bank-0 operand alias for shared float32 accumulator/work byte3 at 0x023	emitted	current_batch_float32_accum_work_ram
stock_023_b0_phys	float32_accum_work_byte3_b0_phys	ram_var	dsp_coeff_math	src/dlcp_fw/asm/dlcp_main_ram.inc bank-0 physical alias for shared float32 accumulator/work byte3 at 0x023	emitted	current_batch_float32_accum_work_ram
stock_024_acc	float32_aux_work_byte0_acc	ram_var	dsp_coeff_math	src/dlcp_fw/asm/dlcp_main_v34.asm:2776 and 2808-2859 use stock_024..027 as the float32 add secondary operand, while lines 3429-3446 reuse stock_024 as multiply top-byte/sign scratch	emitted	current_batch_float32_aux_work_ram
stock_024_acc_op	float32_aux_work_byte0_op	ram_var	dsp_coeff_math	src/dlcp_fw/asm/dlcp_main_v34.asm:2900 copies stock_024..027 into the float32 packer mantissa input, so this operand alias is the low byte of the shared aux work window	emitted	current_batch_float32_aux_work_ram
stock_024_acc_phys	float32_aux_work_byte0_phys	ram_var	dsp_coeff_math	src/dlcp_fw/asm/dlcp_main_ram.inc physical alias for shared float32 auxiliary work byte0 at 0x024	emitted	current_batch_float32_aux_work_ram
stock_024_b0	float32_aux_work_byte0_b0	ram_var	dsp_coeff_math	src/dlcp_fw/asm/dlcp_main_ram.inc bank-0 alias for shared float32 auxiliary work byte0 at 0x024	emitted	current_batch_float32_aux_work_ram
stock_024_b0_op	float32_aux_work_byte0_b0_op	ram_var	dsp_coeff_math	src/dlcp_fw/asm/dlcp_main_ram.inc bank-0 operand alias for shared float32 auxiliary work byte0 at 0x024	emitted	current_batch_float32_aux_work_ram
stock_024_b0_phys	float32_aux_work_byte0_b0_phys	ram_var	dsp_coeff_math	src/dlcp_fw/asm/dlcp_main_v34.asm:2758 and 3442 copy through this physical alias when staging float32 add secondary top-byte extraction and multiply sign scratch	emitted	current_batch_float32_aux_work_ram
copy4_postinc2_to_postinc1	copy_four_bytes_fsr2_to_fsr1	private_helper	dsp_coeff_math	src/dlcp_fw/asm/dlcp_main_v34.asm:6455-6461 loads W=4 then copies POSTINC2 to POSTINC1 until the W countdown expires; math wrappers use it to stage four-byte float32 windows	emitted	current_batch_math_copy_helpers
copy_postinc2_to_postinc1_count_w	copy_w_bytes_fsr2_to_fsr1	local_label	dsp_coeff_math	src/dlcp_fw/asm/dlcp_main_v34.asm:6457-6460 loop body copies POSTINC2 to POSTINC1 and decrements WREG, making the entry a W-counted FSR2-to-FSR1 copy helper	emitted	current_batch_math_copy_helpers
copy4_postinc0_to_postinc2_rewind2	copy_four_bytes_fsr0_to_fsr2_rewind2	private_helper	dsp_coeff_math	src/dlcp_fw/asm/dlcp_main_v34.asm:6463-6471 loads W=4, copies four bytes from FSR0 to FSR2, then rewinds FSR2L by two before returning to math wrapper tails	emitted	current_batch_math_copy_helpers
copy4_postinc0_to_postinc2_loop	copy_four_bytes_fsr0_to_fsr2_rewind2__copy_next	local_label	dsp_coeff_math	src/dlcp_fw/asm/dlcp_main_v34.asm:6465-6468 loop body copies POSTINC0 to POSTINC2 until the four-byte countdown reaches zero	emitted	current_batch_math_copy_helpers
math_result_fsr2_rewind2	rewind_fsr2_after_four_byte_math_result_store	local_label	dsp_coeff_math	src/dlcp_fw/asm/dlcp_main_v34.asm:6494-6497 and 6521-6522 share this tail after a four-byte math result store, rewinding FSR2L by the remaining two positions before return	emitted	current_batch_math_copy_helpers
chain_copy_low_window	chain_copy_call_range_trampoline_low	private_helper	core	src/dlcp_fw/asm/dlcp_main_v34.asm:1225-1226 is a low-region rcall trampoline that immediately jumps to chain_copy for nearby descriptor-copy callers	emitted	current_batch_call_range_trampolines
fsr2_page0_read_w_low_window	fsr2_page0_read_w_call_range_trampoline	private_helper	core	src/dlcp_fw/asm/dlcp_main_v34.asm:1228-1229 is a low-region rcall trampoline that immediately jumps to fsr2_page0_read_w for nearby W-indexed page-0 reads	emitted	current_batch_call_range_trampolines
uart_tx_byte_blocking_mid_window	uart_tx_byte_blocking_call_range_trampoline	private_helper	uart_link	src/dlcp_fw/asm/dlcp_main_v34.asm:2708-2709 is a mid-region rcall trampoline that immediately jumps to uart_tx_byte_blocking for nearby UART byte emitters	emitted	current_batch_call_range_trampolines
i2c_secondary_dev_write_mid_window	i2c_secondary_dev_write_call_range_trampoline	private_helper	i2c_secondary	src/dlcp_fw/asm/dlcp_main_v34.asm:5263-5264 is a mid-region rcall trampoline that immediately jumps to i2c_secondary_dev_write for nearby secondary-device I2C write callers	emitted	current_batch_call_range_trampolines
chain_copy_mid_window	chain_copy_call_range_trampoline_mid	private_helper	core	src/dlcp_fw/asm/dlcp_main_v34.asm:6452-6453 is a mid-region rcall trampoline that immediately jumps to chain_copy for math, flash, and filter descriptor-copy callers	emitted	current_batch_call_range_trampolines
chain_copy_block	chain_copy__read_next_block_or_finish	local_label	core	src/dlcp_fw/asm/dlcp_main_v34.asm:3755-3766 reads the next descriptor source-low byte, treats 0xFF as the finish sentinel, consumes an odd-PC pad byte if needed, restores TOS, and returns	emitted	current_batch_chain_copy_locals
chain_copy_hdr	chain_copy__load_block_header	local_label	core	src/dlcp_fw/asm/dlcp_main_v34.asm:3767-3772 loads a descriptor block header into chain_copy_srcl, chain_copy_dstl, and chain_copy_cnt before byte copying	emitted	current_batch_chain_copy_locals
chain_copy_byte	chain_copy__copy_next_byte	local_label	core	src/dlcp_fw/asm/dlcp_main_v34.asm:3773-3780 starts each byte transfer by selecting EEPROM-source mode when chain_copy_srch is 0xEE, otherwise branches to the RAM-source read path	emitted	current_batch_chain_copy_locals
chain_copy_ram_read	chain_copy__read_ram_source_byte	local_label	core	src/dlcp_fw/asm/dlcp_main_v34.asm:3781-3784 loads FSR0 from the descriptor source page/low byte and reads the RAM source byte into W	emitted	current_batch_chain_copy_locals
chain_copy_store	chain_copy__store_byte_and_advance	local_label	core	src/dlcp_fw/asm/dlcp_main_v34.asm:3785-3793 stores W to the descriptor destination, advances source/destination low-byte cursors, decrements the block count, then loops to the next byte or block	emitted	current_batch_chain_copy_locals
setup_fsr2_page1_b0_plus_00a	setup_fsr2_page1_settings_shadow_from_eeprom_index	private_helper	ram	src/dlcp_fw/asm/dlcp_main_v34.asm:1630-1634 maps the current settings EEPROM index in stock_00A through +0xB0 wrap into the page-1 settings shadow window, then branches to setup_fsr2_page_1	emitted	current_batch_settings_shadow_helpers
uart_update_channel_config_cache_w	uart_update_channel_config_cache_from_w_index	private_helper	uart_chain	src/dlcp_fw/asm/dlcp_main_v34.asm:2042-2056 treats W as the channel-config index, updates the active cache at stock_060+index and mirror at +0x45, and sets event_flags bit4 if the mirror changed	emitted	current_batch_settings_shadow_helpers
preset_b_remap_start_addr	flash_remap_preset_b_start_address_if_active	private_helper	flash	src/dlcp_fw/asm/dlcp_main_v34.asm:4030-4034 tests active_flags bit2 for preset B and only falls through to the flash start-address remap logic when preset B is active	emitted	current_batch_settings_shadow_helpers
preset_b_remap_start_addr_if_b	flash_remap_preset_b_start_address	private_helper	flash	src/dlcp_fw/asm/dlcp_main_v34.asm:4033-4044 assumes preset B is active, verifies the start address is in logical preset-A flash 0x56xx..0x5Fxx, then subtracts 0x0A from the high byte to target preset B storage	emitted	current_batch_settings_shadow_helpers
preset_b_remap_start_addr_return	flash_remap_preset_b_start_address__return	local_label	flash	src/dlcp_fw/asm/dlcp_main_v34.asm:4036-4046 common return target for non-remapped flash addresses and successfully remapped preset-B start addresses	emitted	current_batch_settings_shadow_helpers
usb_mailbox_service_05	usb_hid_mailbox_stage_selector5_if_enabled	private_helper	usb_hid	src/dlcp_fw/asm/dlcp_main_v34.asm:1601-1607 stages HID EP1 IN selector 0x05 in stock_0C1, then calls main_usb_service_45a2 only when stock_0FD mailbox enable is nonzero	emitted	current_batch_usb_uart_forward_helpers
forward_stock00a_marked	uart_link_forward_parser_byte_and_mark_tx	private_helper	uart_link	src/dlcp_fw/asm/dlcp_main_v34.asm:1742-1754 route/data parser paths call this when traffic should be forwarded; body marks chain TX emitted then transmits current parser byte stock_00A via uart_tx_byte_blocking_mid_window	emitted	current_batch_usb_uart_forward_helpers
main_uart_tx_only_service	uart_wake_reconfigure_tx_only_and_resync_parser	private_helper	uart_link	src/dlcp_fw/asm/dlcp_main_v34.asm:8679-8690 wake-time helper restores baud/SPEN/TXEN through uart_config, clears RCSTA.CREN so RX stays off while GIE is masked, then branches to uart_parser_resync	emitted	current_batch_tail_pointer_i2c_helpers
main_isr_dispatch	isr_high_priority_dispatch	public_routine	isr	src/dlcp_fw/asm/dlcp_main_v34.asm:271 and 5766-5789 vector path calls this FAST=1 high-priority ISR dispatcher; body services Timer1, Timer0, Timer3, UART RX, and OERR recovery paths	emitted	current_batch_tail_pointer_i2c_helpers
fsr2_from_stock072073	load_fsr2_from_target_ptr	private_helper	ram	src/dlcp_fw/asm/dlcp_main_v34.asm:4767-4770 loads FSR2L/FSR2H from the already-ledgered fsr2_target_ptr_lo/hi bytes before indirect reads and writes through INDF2	emitted	current_batch_tail_pointer_i2c_helpers
fsr2_bank0_from_stock007	fw_update_signature_load_fsr2_from_status_ptr	private_helper	flash	src/dlcp_fw/asm/dlcp_main_v34.asm:6070-6106 firmware-update signature status helper repeatedly loads FSR2L from the status pointer byte, clears FSR2H for bank0, then writes or adjusts the two-byte status word	emitted	current_batch_tail_pointer_i2c_helpers
i2c_send_stock006_stop	i2c_send_staged_data_byte_and_stop	private_helper	i2c	src/dlcp_fw/asm/dlcp_main_v34.asm:7166-7179 and 7959 send the staged data byte from stock_006 through i2c_byte_tx, assert SSPCON2.PEN for STOP, then wait through wait_pen_bounded	emitted	current_batch_tail_pointer_i2c_helpers
preset_job_advance_cursor_0x18	preset_job_advance_cursor_to_next_table_row	private_helper	preset	src/dlcp_fw/asm/dlcp_main_v34.asm:9502-9509 adds the 0x18 preset-table row stride to the job-owned TBLPTR cursor and increments preset_job_index after a regular APPLY row succeeds	emitted	current_batch_fsr2_preset_cursor_helpers
setup_fsr2_page_1_or_2	setup_fsr2_page1_or_page2_from_w_carry	private_helper	ram	src/dlcp_fw/asm/dlcp_main_v34.asm:1611-1628 stores W in FSR2L and sets FSR2H to page 1 plus the incoming carry from the caller address add, selecting page 1 or page 2	emitted	current_batch_fsr2_preset_cursor_helpers
setup_fsr2_page_1	setup_fsr2_page1_from_w	private_helper	ram	src/dlcp_fw/asm/dlcp_main_v34.asm:1638-1662 stores W in FSR2L and unconditionally selects page 1 for callers whose prior address add has a known carry pattern	emitted	current_batch_fsr2_preset_cursor_helpers
fsr2_page2_from_W	setup_fsr2_page2_from_w	private_helper	ram	src/dlcp_fw/asm/dlcp_main_v34.asm:8008-8024 stores W in FSR2L, sets FSR2H to 0x02, and returns with FSR2 pointing at page-2 offset W	emitted	current_batch_fsr2_preset_cursor_helpers
adc_div_compare_subtract_done	adc_div_compare_subtract_staged_words__return	local_label	adc_rail	src/dlcp_fw/asm/dlcp_main_v34.asm:6842-6853 branches here when staged dividend is below divisor or after subtracting divisor, then returns to the ADC divide/remainder caller	emitted	current_batch_small_local_hygiene
ram_pair_diff_loop	ram_pair_diff_z__compare_next_byte	local_label	ram	src/dlcp_fw/asm/dlcp_main_v34.asm:844-851 compares each POSTINC0/POSTINC1 byte pair and exits early on a nonzero xor result while preserving STATUS.Z for the caller	emitted	current_batch_small_local_hygiene
ram_pair_diff_ret	ram_pair_diff_z__return	local_label	ram	src/dlcp_fw/asm/dlcp_main_v34.asm:849-853 common return after either a mismatching RAM byte pair or successful countdown through all compared bytes	emitted	current_batch_small_local_hygiene
diag_inc_sat_check_low	diag_inc_sat_fsr0__check_below_saturation	local_label	diag	src/dlcp_fw/asm/dlcp_main_v34.asm:7568-7578 after clamping values above 0x0F, this path checks whether the FSR0-selected diagnostic counter is already saturated or should be incremented	emitted	current_batch_small_local_hygiene
diag_src_inc_w_window	diag_src_inc_w_call_range_trampoline	private_helper	diag	src/dlcp_fw/asm/dlcp_main_v34.asm:3347-3351 is an rcall-range trampoline that immediately jumps to diag_src_inc_w for nearby SRC/DSP forensic counter call sites	emitted	current_batch_small_local_hygiene
volume_logical_diff_ret	volume_logical_diff_z__return	local_label	volume	src/dlcp_fw/asm/dlcp_main_v34.asm:828-842 shared return for the four-byte logical-volume versus computed-volume xor comparison, preserving STATUS.Z as the equality result	emitted	current_batch_small_local_hygiene
i2c_secondary_dev_write_low_window	i2c_secondary_dev_write_low_call_range_trampoline	private_helper	i2c_secondary	src/dlcp_fw/asm/dlcp_main_v34.asm:1932-1933 is a low-region rcall trampoline that immediately jumps to i2c_secondary_dev_write; call sites at 1365/1369/3171 stage SRC4382 writes	emitted	current_batch_filename_trampolines
i2c_secondary_dev_random_read_window	i2c_secondary_dev_random_read_call_range_trampoline	private_helper	i2c_secondary	src/dlcp_fw/asm/dlcp_main_v34.asm:3347-3348 is a nearby rcall trampoline that immediately jumps to i2c_secondary_dev_random_read for SRC4382 status reads at 3181/3193/3235/3263	emitted	current_batch_filename_trampolines
filename_reply_check_gap	filename_reply_job_service__check_tx_gap	local_label	uart_link	src/dlcp_fw/asm/dlcp_main_v34.asm:9306-9314 checks the inter-frame filename TX gap countdown before emitting the next BF filename reply frame	emitted	current_batch_filename_trampolines
filename_reply_ready	filename_reply_job_service__ready_to_emit	local_label	uart_link	src/dlcp_fw/asm/dlcp_main_v34.asm:9315-9327 validates filename revision/job state and dispatches start/length/character reply frames	emitted	current_batch_filename_trampolines
filename_reply_job_abort	filename_reply_job_service__abort_stale_reply	local_label	uart_link	src/dlcp_fw/asm/dlcp_main_v34.asm:9328-9330 clears fn_job_state when filename_rev changed or the reply state is invalid	emitted	current_batch_filename_trampolines
filename_reply_job_ret	filename_reply_job_service__return	local_label	uart_link	src/dlcp_fw/asm/dlcp_main_v34.asm:9299/9305/9314/9330-9331 is the common return path for filename_reply_job_service	emitted	current_batch_filename_trampolines
cmd26_filename_source_ram	cmd26_filename_query_handler__select_active_ram_source	local_label	preset	src/dlcp_fw/asm/dlcp_main_v34.asm:9197-9206 selects active preset filename RAM when the requested filename slot is currently active	emitted	current_batch_filename_trampolines
cmd26_filename_len_loop	cmd26_filename_query_handler__scan_printable_length	local_label	preset	src/dlcp_fw/asm/dlcp_main_v34.asm:9208-9221 scans filename bytes until max length or first non-printable terminator	emitted	current_batch_filename_trampolines
cmd26_filename_compare_done	cmd26_filename_query_handler__restore_source_after_compare	local_label	preset	src/dlcp_fw/asm/dlcp_main_v34.asm:9255-9264 exits the prefix-compare path and restores fn_job_src_kind from saved source kind	emitted	current_batch_filename_trampolines
cmd26_filename_arm_rev_check	cmd26_filename_query_handler__verify_rev_and_arm_job	local_label	preset	src/dlcp_fw/asm/dlcp_main_v34.asm:9266-9276 rechecks filename_rev before arming the foreground filename reply job	emitted	current_batch_filename_trampolines
cmd26_filename_query_done	cmd26_filename_query_handler__suppress_ack_and_return	local_label	preset	src/dlcp_fw/asm/dlcp_main_v34.asm:9277-9279 suppresses the cmd-XOR ACK echo and returns through the UART parser tail	emitted	current_batch_filename_trampolines
wait_trmt_loop	wait_trmt_bounded__poll_trmt	local_label	uart_link	src/dlcp_fw/asm/dlcp_main_v34.asm:8755-8762 polls TXSTA.TRMT through wait_tick until transmitter shift register empty or timeout	emitted	current_batch_wait_preset_locals
wait_sspcon2_clear_done	wait_sspcon2_clear_mask_w__return	local_label	i2c	src/dlcp_fw/asm/dlcp_main_v34.asm:8782-8788 returns once the W-selected SSPCON2 bit mask has cleared or wait_tick timed out	emitted	current_batch_wait_preset_locals
wait_bf_clear_loop	wait_bf_clear_bounded__poll_until_bf_clear	local_label	i2c	src/dlcp_fw/asm/dlcp_main_v34.asm:8790-8797 polls SSPSTAT.BF until the receive buffer is clear or the shared timeout expires	emitted	current_batch_wait_preset_locals
wait_bf_set_loop	wait_bf_set_bounded__poll_until_bf_set	local_label	i2c	src/dlcp_fw/asm/dlcp_main_v34.asm:8799-8806 polls SSPSTAT.BF until the receive buffer is full or the shared timeout expires	emitted	current_batch_wait_preset_locals
wait_sspif_loop	wait_sspif_bounded__poll_until_sspif	local_label	i2c	src/dlcp_fw/asm/dlcp_main_v34.asm:8808-8815 polls PIR1.SSPIF until the MSSP interrupt flag sets or the shared timeout expires	emitted	current_batch_wait_preset_locals
i2c_wait_bus_idle_loop	i2c_wait_bus_idle__poll_mssp_idle	local_label	i2c	src/dlcp_fw/asm/dlcp_main_v34.asm:8491-8504 polls SSPCON2/SSTAT master state until the MSSP bus is idle or recovery timeout is advertised	emitted	current_batch_wait_preset_locals
preset_table_apply_entry_loop	preset_table_apply_entry_core__send_payload_byte_loop	local_label	preset	src/dlcp_fw/asm/dlcp_main_v34.asm:5423-5428 reads each staged preset payload byte through fsr2_page0_read_w and sends it via i2c_byte_tx	emitted	current_batch_wait_preset_locals
preset_table_apply_entry_loop_check	preset_table_apply_entry_core__check_payload_count	local_label	preset	src/dlcp_fw/asm/dlcp_main_v34.asm:5429-5435 compares the payload byte index against the table row byte count before STOP/PEN handling	emitted	current_batch_wait_preset_locals
preset_table_apply_entry_done	preset_table_apply_entry_core__return_success	local_label	preset	src/dlcp_fw/asm/dlcp_main_v34.asm:5311-5313 and 5436-5438 is the success/sentinel return path that clears STATUS.C	emitted	current_batch_wait_preset_locals
preset_job_apply_i2c_done	preset_job_apply_i2c_entry__return_success	local_label	preset	src/dlcp_fw/asm/dlcp_main_v34.asm:9525-9532 clears STATUS.C after a preset table row succeeds without a DSP NACK latch	emitted	current_batch_wait_preset_locals
preset_job_cancel_done	preset_job_service__clear_state_and_return	local_label	preset	src/dlcp_fw/asm/dlcp_main_v34.asm:9816-9840 joins cancel/commit-idle tails, clears preset_job_state, and returns	emitted	current_batch_wait_preset_locals
preset_job_ret	preset_job_service__return	local_label	preset	src/dlcp_fw/asm/dlcp_main_v34.asm:9641-9665 is the IDLE/no-work return path from preset_job_service	emitted	current_batch_wait_preset_locals
preset_select_handler_done	preset_select_handler__return_to_parser	local_label	preset	src/dlcp_fw/asm/dlcp_main_v34.asm:9560-9572 joins no-change/coalesced preset-select paths and returns through the UART parser tail	emitted	current_batch_wait_preset_locals
adc_boot_gate_loop	adc_boot_gate__poll_an0_rail_ready	local_label	adc_rail	src/dlcp_fw/asm/dlcp_main_v34.asm:3879-3900 runs the bounded 10 ms AN0 rail ADC poll loop until rail_adc_cmp_hi02_w reports ready or the countdown expires	emitted	current_batch_adc_filename_locals
adc_boot_gate_exit	adc_boot_gate__start_dsp_cold_init	local_label	boot	src/dlcp_fw/asm/dlcp_main_v34.asm:3905-3929 starts the post-rail DSP cold-init sequence: settle delays, UART baud restore, amp/MSSP pin changes, MSSP reset, and zero-coeff write	emitted	current_batch_adc_filename_locals
adc_boot_gate_reassert_ok	adc_boot_gate__enable_amp_and_probe_i2c	local_label	boot	src/dlcp_fw/asm/dlcp_main_v34.asm:3935-3941 enables LATB.3, refreshes lifecycle state, probes the wake I2C barrier, and branches to pending/done handling	emitted	current_batch_adc_filename_locals
adc_boot_gate_barrier_pending	adc_boot_gate__mark_i2c_barrier_pending	local_label	boot	src/dlcp_fw/asm/dlcp_main_v34.asm:3942-3944 marks the FIELD-10 barrier-pending fault/mute state when wake_i2c_barrier_attempt returns carry set	emitted	current_batch_adc_filename_locals
adc_boot_gate_barrier_done	adc_boot_gate__resume_uart_and_rebroadcast_wake	local_label	boot	src/dlcp_fw/asm/dlcp_main_v34.asm:3945-3963 resumes UART TX-only service after the barrier path and re-broadcasts WAKE downstream as the H2 backstop	emitted	current_batch_adc_filename_locals
adc_boot_gate_no_preset_rearm	adc_boot_gate__skip_pending_preset_rearm	local_label	preset	src/dlcp_fw/asm/dlcp_main_v34.asm:3967-3973 skips re-arming preset_job_state when the parked target already matches the active preset after wake	emitted	current_batch_adc_filename_locals
cmd26_filename_compare_loop	cmd26_filename_query_handler__compare_prefix16_next_char	local_label	preset	src/dlcp_fw/asm/dlcp_main_v34.asm:9230-9259 compares each of the first 16 requested filename characters against the other source to choose prefix-first or tail-first reply framing	emitted	current_batch_adc_filename_locals
filename_read_source_ram	filename_read_source_at_w__read_active_ram_slot	local_label	preset	src/dlcp_fw/asm/dlcp_main_v34.asm:9281-9294 is the fn_job_src_kind==0 branch that reads preset filename byte W from active RAM via FSR2	emitted	current_batch_adc_filename_locals
filename_reply_job_service	filename_reply_emit_next_frame_if_ready	private_helper	uart_link	src/dlcp_fw/asm/dlcp_main_v34.asm:9296-9338 is the low-priority foreground job called from periodic_service_loop that emits at most one filename BF frame when the TX gap and filename revision allow it	emitted	current_batch_adc_filename_locals
hid_settings_mute_done	hid_command_dispatch__stage_settings_flag_bits	local_label	usb_hid	src/dlcp_fw/asm/dlcp_main_v34.asm:511-535 joins the optional HID mute-bit staging path, then rebuilds stock_0A4 option flag bits from the settings buffer	emitted	current_batch_done_loop_helpers
eeprom_persist_record_loop	eeprom_persist_block_walker__process_next_record	local_label	eeprom	src/dlcp_fw/asm/dlcp_main_v34.asm:3032-3046 consumes each table record pair of EEPROM offset and bank-0 source byte, optionally writing through main_flash_service_46de, then loops until record count expires	emitted	current_batch_done_loop_helpers
usb_endpoint_mark_done_fsr0	usb_endpoint_mark_state_done	private_helper	usb	src/dlcp_fw/asm/dlcp_main_v34.asm:6628-6647 marks the endpoint state byte pointed to by FSR0 as complete, normalizing bit6 and setting done bits 3 and 7	emitted	current_batch_done_loop_helpers
i2c_reg1f_done	i2c_tas3108_reg1f_write__return_success	local_label	i2c_tas3108	src/dlcp_fw/asm/dlcp_main_v34.asm:7155-7169 is the successful return path after TAS3108 reg 0x1F write and STOP/PEN completion	emitted	current_batch_done_loop_helpers
coeff_write_pen_done	i2c_tas3108_coeff_write__return_success	local_label	i2c_tas3108	src/dlcp_fw/asm/dlcp_main_v34.asm:7501-7514 is the successful return path after TAS3108 coefficient write and bounded STOP/PEN completion	emitted	current_batch_done_loop_helpers
i2c_secondary_done	i2c_secondary_dev_write__return_success	local_label	i2c_secondary	src/dlcp_fw/asm/dlcp_main_v34.asm:7950-7962 is the successful return path after secondary-device write and STOP/PEN completion	emitted	current_batch_done_loop_helpers
adc_boot_gate	run_wake_rail_gate_and_dsp_cold_init	public_routine	boot	src/dlcp_fw/asm/dlcp_main_v34.asm:3819-3852 documents this routine as the standby wake rail-rise wait plus DSP cold bring-up path called when CONTROL reopens the gate	emitted	current_batch_routine_hygiene
ram_pair_diff_z	compare_fsr0_fsr1_bytes_z	private_helper	ram	src/dlcp_fw/asm/dlcp_main_v34.asm:844-853 compares W-counted byte pairs through POSTINC0/POSTINC1 and returns with STATUS.Z reflecting equality	emitted	current_batch_routine_hygiene
ram_block_clear	clear_ram_span_from_staged_addr_count	private_helper	ram	src/dlcp_fw/asm/dlcp_main_v34.asm:8035-8053 clears a RAM span using staged base address stock_003/004, byte count stock_005, and an indexed FSR2 helper	emitted	current_batch_routine_hygiene
periodic_service_loop	run_main_service_pass	private_helper	core	src/dlcp_fw/asm/dlcp_main_v34.asm:8176-8228 is a single cooperative main-loop service pass covering USB, UART, preset job, I2C refresh, standby/wake, housekeeping, filename reply, and ADC monitor	emitted	current_batch_routine_hygiene
main_processing_loop	run_main_foreground_loop	public_routine	core	src/dlcp_fw/asm/dlcp_main_v34.asm:8508-8519 is the top-level foreground loop that pumps USB, runs one main service pass, then branches back to itself	emitted	current_batch_routine_hygiene
preset_job_service	advance_preset_job_state_machine	private_helper	preset	src/dlcp_fw/asm/dlcp_main_v34.asm:9636-9664 advances the async preset state machine one main-loop pass, dispatching IDLE/PENDING/HOLDING/APPLY/COMMIT or cancel paths	emitted	current_batch_routine_hygiene
stock_00E_acc_op	adc_loop_parameter_word_op	ram_equ	adc_rail	src/dlcp_fw/asm/dlcp_main_v34.asm:4778-4785 uses stock_00E_acc_op as the base operand in an ADC loop parameter staging descriptor that copies the next 2-byte parameter word to stock_003/004 before main_adc_service_4124	emitted	current_batch_ram_alias_operands
stock_014_acc_op	flash_write_start_addr_shadow_dword_op	ram_equ	flash	src/dlcp_fw/asm/dlcp_main_v34.asm:4048-4053 uses stock_014_acc_op as the destination base operand for a 4-byte shadow copy of the flash_write input byte address stock_003..006	emitted	current_batch_ram_alias_operands
stock_01D_b0_phys	fw_update_relay_header_buffer_phys	ram_equ	flash	src/dlcp_fw/asm/dlcp_main_v34.asm:912-916 loads FSR1 with stock_01D_b0_phys as the destination base for an 8-byte firmware-update relay header copy from stock_1E5	emitted	current_batch_ram_alias_operands
stock_049_acc	fw_update_relay_page_index	ram_equ	flash	src/dlcp_fw/asm/dlcp_main_v34.asm:918-924 and 1160-1163 initialize/increment the firmware-update relay page index used to read page1/2 bytes at offset 0x1A+index until it passes 0x1F	emitted	current_batch_fw_update_aliases
stock_04A_acc	fw_update_relay_current_byte	ram_equ	flash	src/dlcp_fw/asm/dlcp_main_v34.asm:920-928 and 1150-1152 hold the current firmware-update relay byte read through FSR2 before CRC/bit-shift processing and checksum accumulation	emitted	current_batch_fw_update_aliases
stock_04A_b0_phys	fw_update_relay_current_byte_phys	ram_equ	flash	src/dlcp_fw/asm/dlcp_main_v34.asm:928,1121,1149 use the physical alias for the current firmware-update relay byte when copying to the bit-shift byte, hex-output staging byte, or saved previous byte	emitted	current_batch_fw_update_aliases
stock_045_acc	fw_update_relay_shift_byte	ram_equ	flash	src/dlcp_fw/asm/dlcp_main_v34.asm:928-945 copies the current firmware-update relay byte into a shift byte, tests bit0, and rotates it right during the 8-bit CRC/update loop	emitted	current_batch_fw_update_aliases
stock_045_b0_phys	fw_update_relay_shift_byte_phys	ram_equ	flash	src/dlcp_fw/asm/dlcp_main_v34.asm:928 copies the current firmware-update relay byte into the physical storage used by stock_045_acc for the following bit-shift loop	emitted	current_batch_fw_update_aliases
stock_04C_b0_phys	channel_enable_route_shift_mask_phys	ram_equ	audio_route	src/dlcp_fw/asm/dlcp_main_v34.asm:1528-1538 copies channel_enable_mask into stock_04C physical storage, then rotates stock_04C_acc while issuing per-channel route refresh writes	emitted	current_batch_fw_update_aliases
stock_019_b0_phys	preset_table_header_len_source_phys	ram_equ	preset	src/dlcp_fw/asm/dlcp_main_v34.asm:5308-5309 and 5362-5363 copy flash-read preset table header byte 1 from stock_019 physical storage into the row length byte stock_031 for legacy and async apply paths	emitted	current_batch_preset_math_alias_forms
stock_031_b0_phys	preset_table_row_len_phys	ram_equ	preset	src/dlcp_fw/asm/dlcp_main_v34.asm:5309,5336,5363 holds the preset table row byte count copied from header byte 1, then stages it as the second flash-read data-block length	emitted	current_batch_preset_math_alias_forms
stock_033_acc_op	math_temp_result_dword_op	ram_equ	math	src/dlcp_fw/asm/dlcp_main_v34.asm:4706 and 6516 use stock_033_acc_op as the base operand for a 4-byte temporary math result buffer copied back into stock_02F or through FSR0	emitted	current_batch_preset_math_alias_forms
stock_033_b0_phys	math_temp_result_buffer_phys	ram_equ	math	src/dlcp_fw/asm/dlcp_main_v34.asm:6520 loads FSR0 from stock_033_b0_phys to copy the 4-byte temporary math result buffer back to the caller's FSR2 target	emitted	current_batch_preset_math_alias_forms
stock_049_acc_op	tas3108_coeff_staged_input_dword_op	ram_equ	i2c_tas3108	src/dlcp_fw/asm/dlcp_main_v34.asm:5547-5552 and 5566-5567 use stock_049_acc_op as the 4-byte destination/source operand for staging i2c_coeff_0..3 into the TAS3108 coefficient math path	emitted	current_batch_coeff_alias_forms
stock_039_acc_op	tas3108_coeff_work_accum_dword_op	ram_equ	i2c_tas3108	src/dlcp_fw/asm/dlcp_main_v34.asm:5572,5579,5582,5584 use stock_039_acc_op as a coefficient math work/accumulator dword base copied through stock_020 and stock_045	emitted	current_batch_coeff_alias_forms
stock_03D_acc_op	tas3108_coeff_result_dword_op	ram_equ	i2c_tas3108	src/dlcp_fw/asm/dlcp_main_v34.asm:5575 copies the 4-byte coefficient math result from stock_02F into stock_03D..040 before the high-byte sign/offset adjustment at stock_040	emitted	current_batch_coeff_alias_forms
stock_045_acc_op	tas3108_coeff_secondary_work_dword_op	ram_equ	i2c_tas3108	src/dlcp_fw/asm/dlcp_main_v34.asm:5584 uses stock_045_acc_op as the secondary 4-byte coefficient work dword that is copied from stock_039 and then into stock_02F	emitted	current_batch_coeff_alias_forms
stock_040_acc	tas3108_coeff_result_sign_byte	ram_equ	i2c_tas3108	src/dlcp_fw/asm/dlcp_main_v34.asm:5575-5577 copies the 4-byte coefficient result into stock_03D..040, then XORs 0x80 into stock_040 as the sign/high byte adjustment	emitted	current_batch_coeff_fw_hex_tail
stock_041_acc_op	tas3108_coeff_transform_work_dword_op	ram_equ	i2c_tas3108	src/dlcp_fw/asm/dlcp_main_v34.asm:5570-5593 uses stock_041_acc_op only as a 4-byte work operand inside main_i2c_service_39a6 coefficient transform copies and math helper calls	emitted	current_batch_coeff_fw_hex_tail
stock_033_acc	fw_update_hex_line_nul_terminator	ram_equ	flash	src/dlcp_fw/asm/dlcp_main_v34.asm:1118-1125 builds a four-character firmware-update HEX reply at stock_02F..032 and clears stock_033 as the terminating NUL before transmit	emitted	current_batch_coeff_fw_hex_tail
stock_011_acc_op	float32_divide_divisor_dword_op	ram_equ	dsp_coeff_math	src/dlcp_fw/asm/dlcp_main_v34.asm:3640-3643 copies secondary/divisor float32 stock_011..014 into the divide extraction window before checking the divisor top byte	emitted	current_batch_float32_operand_forms
stock_015_acc_op	float32_divide_extract_window_dword_op	ram_equ	dsp_coeff_math	src/dlcp_fw/asm/dlcp_main_v34.asm:3632-3645 uses stock_015_acc_op as the four-byte divide top-byte extraction window for both dividend and divisor before zero checks	emitted	current_batch_float32_operand_forms
stock_019_acc_op	float32_divide_quotient_dword_op	ram_equ	dsp_coeff_math	src/dlcp_fw/asm/dlcp_main_v34.asm:3692-3702 accumulates the 32-step division quotient in stock_019..01C and copies it to the float32 packer mantissa input	emitted	current_batch_float32_operand_forms
stock_016_acc_op	float32_multiply_secondary_operand_dword_op	ram_equ	dsp_coeff_math	src/dlcp_fw/asm/dlcp_main_v34.asm:3424-3428 and 6485-6487 use stock_016_acc_op as the float32 multiply secondary operand base copied into the extraction window before multiply	emitted	current_batch_float32_operand_forms
stock_01A_acc_op	float32_multiply_extract_window_dword_op	ram_equ	dsp_coeff_math	src/dlcp_fw/asm/dlcp_main_v34.asm:3416-3428 uses stock_01A_acc_op as the four-byte multiply top-byte extraction window for primary and secondary operands before zero checks	emitted	current_batch_float32_operand_forms
stock_01F_acc_op	float32_multiply_product_mantissa_dword_op	ram_equ	dsp_coeff_math	src/dlcp_fw/asm/dlcp_main_v34.asm:3449-3485 builds the multiply product accumulator in stock_01F..022 and copies it to the float32 packer mantissa input	emitted	current_batch_float32_operand_forms
stock_02E_acc_op	float32_add_result_exponent_op	ram_equ	dsp_coeff_math	src/dlcp_fw/asm/dlcp_main_v34.asm:2862-2900 uses stock_02E as the converged float32 add result exponent copied into the packer exponent input stock_007	emitted	current_batch_float32_operand_forms
stock_008_acc_op	float32_packer_sign_flag_op	ram_equ	dsp_coeff_math	src/dlcp_fw/asm/dlcp_main_v34.asm:2900 and 3485 copy the add/multiply sign flag byte into stock_008 before calling float32_pack_mantissa_exponent_sign	emitted	current_batch_float32_packer_tail_forms
stock_01E_acc_op	float32_muldiv_result_exponent_op	ram_equ	dsp_coeff_math	src/dlcp_fw/asm/dlcp_main_v34.asm:3485 copies multiply result exponent stock_01E into the packer exponent byte, and 3702 copies divide result exponent plus adjacent sign byte into the packer input	emitted	current_batch_float32_packer_tail_forms
stock_01F_b0_phys	float32_divide_sign_scratch_phys	ram_equ	dsp_coeff_math	src/dlcp_fw/asm/dlcp_main_v34.asm:3658-3662 copies the primary top byte into stock_01F then XORs the divisor top byte and masks bit7 to derive the divide result sign	emitted	current_batch_float32_packer_tail_forms
stock_00A_acc_op	numeric_format_value_dword_op	ram_equ	numeric_format	src/dlcp_fw/asm/dlcp_main_v34.asm:4803 copies the staged formatter value dword into the division workspace, and 6921 restores the signed decimal wrapper magnitude into the same formatter value dword	emitted	current_batch_numeric_flash_tail_forms
stock_00D_b0_phys	flash_saved_tblptrh_phys	ram_equ	flash	src/dlcp_fw/asm/dlcp_main_v34.asm:4122 saves the current flash-write TBLPTRH shadow into stock_00D, and 6290 restores stock_00D into TBLPTRH during flash erase/write sequencing	emitted	current_batch_numeric_flash_tail_forms
stock_032_acc	float32_transform_shadow_byte3_acc	ram_equ	dsp_coeff_math	src/dlcp_fw/asm/dlcp_main_v34.asm:4688-4691 clears stock_02F..032 as the zero result path for truncate_float32_to_integral_float_in_place, with stock_032 as byte3 of the transform shadow word	emitted	current_batch_float32_direct_tail_forms
stock_038_acc	float32_trunc_exponent_hi_acc	ram_equ	dsp_coeff_math	src/dlcp_fw/asm/dlcp_main_v34.asm:4683-4697 uses stock_038 as the high byte of the extracted exponent/status word when deciding whether stock_02F..032 is below zero, already integral, or needs int32 conversion	emitted	current_batch_float32_direct_tail_forms
stock_01E_acc	float32_muldiv_result_exponent_acc	ram_equ	dsp_coeff_math	src/dlcp_fw/asm/dlcp_main_v34.asm:3420-3441 and 3636-3657 use stock_01E as the extracted/result exponent byte for float32 multiply and divide before packing	emitted	current_batch_float32_direct_tail_forms
stock_02E_acc	float32_exponent_work_acc	ram_equ	dsp_coeff_math	src/dlcp_fw/asm/dlcp_main_v34.asm:2757-2863 uses stock_02E as the primary/result exponent work byte in float32 add, and 4290-4340 reuses it as the exponent-delta work byte in float32_to_int32_in_place	emitted	current_batch_float32_exponent_shadow_forms
stock_02F_acc_op	float32_transform_shadow_dword_op	ram_equ	dsp_coeff_math	src/dlcp_fw/asm/dlcp_main_v34.asm:1459-1462,3372-3384,3795-3799,4679-4706,5572-5591,6513 use stock_02F_acc_op as the descriptor base for the shared coefficient/transform shadow dword stock_02F..032	emitted	current_batch_float32_exponent_shadow_forms
stock_039_acc	tas3108_coeff_work_accum_byte0_acc	ram_equ	i2c_tas3108	src/dlcp_fw/asm/dlcp_main_v34.asm:5572,5579,5582,5584 use stock_039_acc_op as the base of the TAS3108 coefficient work/accumulator dword; this byte0 alias has no conflicting direct source use	emitted	current_batch_tas3108_work_accum_alias_family
stock_039_acc_phys	tas3108_coeff_work_accum_byte0_phys	ram_equ	i2c_tas3108	src/dlcp_fw/asm/dlcp_main_v34.asm:5572,5579,5582,5584 use stock_039_acc_op as the base of the TAS3108 coefficient work/accumulator dword; this byte0 physical alias has no conflicting source use	emitted	current_batch_tas3108_work_accum_alias_family
stock_039_b0	tas3108_coeff_work_accum_byte0_b0	ram_equ	i2c_tas3108	src/dlcp_fw/asm/dlcp_main_v34.asm:5572,5579,5582,5584 use stock_039_acc_op as the base of the TAS3108 coefficient work/accumulator dword; this bank0 byte0 alias has no conflicting source use	emitted	current_batch_tas3108_work_accum_alias_family
stock_039_b0_op	tas3108_coeff_work_accum_byte0_b0_op	ram_equ	i2c_tas3108	src/dlcp_fw/asm/dlcp_main_ram.inc operand alias for TAS3108 coefficient work/accumulator byte0 at 0x039, covered by the stock_039_acc_op dword evidence in dlcp_main_v34.asm:5572,5579,5582,5584	emitted	current_batch_tas3108_work_accum_alias_family
stock_039_b0_phys	tas3108_coeff_work_accum_byte0_b0_phys	ram_equ	i2c_tas3108	src/dlcp_fw/asm/dlcp_main_ram.inc physical alias for TAS3108 coefficient work/accumulator byte0 at 0x039, covered by the stock_039_acc_op dword evidence in dlcp_main_v34.asm:5572,5579,5582,5584	emitted	current_batch_tas3108_work_accum_alias_family
stock_03A_acc	tas3108_coeff_work_accum_byte1_acc	ram_equ	i2c_tas3108	src/dlcp_fw/asm/dlcp_main_ram.inc byte1 of the TAS3108 coefficient work/accumulator dword stock_039..03C, covered by stock_039_acc_op descriptor evidence in dlcp_main_v34.asm:5572,5579,5582,5584	emitted	current_batch_tas3108_work_accum_alias_family
stock_03A_acc_op	tas3108_coeff_work_accum_byte1_op	ram_equ	i2c_tas3108	src/dlcp_fw/asm/dlcp_main_ram.inc operand alias for TAS3108 coefficient work/accumulator byte1 at 0x03A, covered by stock_039_acc_op descriptor evidence in dlcp_main_v34.asm:5572,5579,5582,5584	emitted	current_batch_tas3108_work_accum_alias_family
stock_03A_acc_phys	tas3108_coeff_work_accum_byte1_phys	ram_equ	i2c_tas3108	src/dlcp_fw/asm/dlcp_main_ram.inc physical alias for TAS3108 coefficient work/accumulator byte1 at 0x03A, covered by stock_039_acc_op descriptor evidence in dlcp_main_v34.asm:5572,5579,5582,5584	emitted	current_batch_tas3108_work_accum_alias_family
stock_03A_b0	tas3108_coeff_work_accum_byte1_b0	ram_equ	i2c_tas3108	src/dlcp_fw/asm/dlcp_main_ram.inc bank0 alias for TAS3108 coefficient work/accumulator byte1 at 0x03A, covered by stock_039_acc_op descriptor evidence in dlcp_main_v34.asm:5572,5579,5582,5584	emitted	current_batch_tas3108_work_accum_alias_family
stock_03A_b0_op	tas3108_coeff_work_accum_byte1_b0_op	ram_equ	i2c_tas3108	src/dlcp_fw/asm/dlcp_main_ram.inc bank0 operand alias for TAS3108 coefficient work/accumulator byte1 at 0x03A, covered by stock_039_acc_op descriptor evidence in dlcp_main_v34.asm:5572,5579,5582,5584	emitted	current_batch_tas3108_work_accum_alias_family
stock_03A_b0_phys	tas3108_coeff_work_accum_byte1_b0_phys	ram_equ	i2c_tas3108	src/dlcp_fw/asm/dlcp_main_ram.inc bank0 physical alias for TAS3108 coefficient work/accumulator byte1 at 0x03A, covered by stock_039_acc_op descriptor evidence in dlcp_main_v34.asm:5572,5579,5582,5584	emitted	current_batch_tas3108_work_accum_alias_family
stock_03B_acc	tas3108_coeff_work_accum_byte2_acc	ram_equ	i2c_tas3108	src/dlcp_fw/asm/dlcp_main_ram.inc byte2 of the TAS3108 coefficient work/accumulator dword stock_039..03C, covered by stock_039_acc_op descriptor evidence in dlcp_main_v34.asm:5572,5579,5582,5584	emitted	current_batch_tas3108_work_accum_alias_family
stock_03B_acc_op	tas3108_coeff_work_accum_byte2_op	ram_equ	i2c_tas3108	src/dlcp_fw/asm/dlcp_main_ram.inc operand alias for TAS3108 coefficient work/accumulator byte2 at 0x03B, covered by stock_039_acc_op descriptor evidence in dlcp_main_v34.asm:5572,5579,5582,5584	emitted	current_batch_tas3108_work_accum_alias_family
stock_03B_acc_phys	tas3108_coeff_work_accum_byte2_phys	ram_equ	i2c_tas3108	src/dlcp_fw/asm/dlcp_main_ram.inc physical alias for TAS3108 coefficient work/accumulator byte2 at 0x03B, covered by stock_039_acc_op descriptor evidence in dlcp_main_v34.asm:5572,5579,5582,5584	emitted	current_batch_tas3108_work_accum_alias_family
stock_03B_b0	tas3108_coeff_work_accum_byte2_b0	ram_equ	i2c_tas3108	src/dlcp_fw/asm/dlcp_main_ram.inc bank0 alias for TAS3108 coefficient work/accumulator byte2 at 0x03B, covered by stock_039_acc_op descriptor evidence in dlcp_main_v34.asm:5572,5579,5582,5584	emitted	current_batch_tas3108_work_accum_alias_family
stock_03B_b0_op	tas3108_coeff_work_accum_byte2_b0_op	ram_equ	i2c_tas3108	src/dlcp_fw/asm/dlcp_main_ram.inc bank0 operand alias for TAS3108 coefficient work/accumulator byte2 at 0x03B, covered by stock_039_acc_op descriptor evidence in dlcp_main_v34.asm:5572,5579,5582,5584	emitted	current_batch_tas3108_work_accum_alias_family
stock_03B_b0_phys	tas3108_coeff_work_accum_byte2_b0_phys	ram_equ	i2c_tas3108	src/dlcp_fw/asm/dlcp_main_ram.inc bank0 physical alias for TAS3108 coefficient work/accumulator byte2 at 0x03B, covered by stock_039_acc_op descriptor evidence in dlcp_main_v34.asm:5572,5579,5582,5584	emitted	current_batch_tas3108_work_accum_alias_family
stock_03C_acc	tas3108_coeff_work_accum_byte3_acc	ram_equ	i2c_tas3108	src/dlcp_fw/asm/dlcp_main_ram.inc byte3 of the TAS3108 coefficient work/accumulator dword stock_039..03C, covered by stock_039_acc_op descriptor evidence in dlcp_main_v34.asm:5572,5579,5582,5584	emitted	current_batch_tas3108_work_accum_alias_family
stock_03C_acc_op	tas3108_coeff_work_accum_byte3_op	ram_equ	i2c_tas3108	src/dlcp_fw/asm/dlcp_main_ram.inc operand alias for TAS3108 coefficient work/accumulator byte3 at 0x03C, covered by stock_039_acc_op descriptor evidence in dlcp_main_v34.asm:5572,5579,5582,5584	emitted	current_batch_tas3108_work_accum_alias_family
stock_03C_acc_phys	tas3108_coeff_work_accum_byte3_phys	ram_equ	i2c_tas3108	src/dlcp_fw/asm/dlcp_main_ram.inc physical alias for TAS3108 coefficient work/accumulator byte3 at 0x03C, covered by stock_039_acc_op descriptor evidence in dlcp_main_v34.asm:5572,5579,5582,5584	emitted	current_batch_tas3108_work_accum_alias_family
stock_03C_b0	tas3108_coeff_work_accum_byte3_b0	ram_equ	i2c_tas3108	src/dlcp_fw/asm/dlcp_main_ram.inc bank0 alias for TAS3108 coefficient work/accumulator byte3 at 0x03C, covered by stock_039_acc_op descriptor evidence in dlcp_main_v34.asm:5572,5579,5582,5584	emitted	current_batch_tas3108_work_accum_alias_family
stock_03C_b0_op	tas3108_coeff_work_accum_byte3_b0_op	ram_equ	i2c_tas3108	src/dlcp_fw/asm/dlcp_main_ram.inc bank0 operand alias for TAS3108 coefficient work/accumulator byte3 at 0x03C, covered by stock_039_acc_op descriptor evidence in dlcp_main_v34.asm:5572,5579,5582,5584	emitted	current_batch_tas3108_work_accum_alias_family
stock_03C_b0_phys	tas3108_coeff_work_accum_byte3_b0_phys	ram_equ	i2c_tas3108	src/dlcp_fw/asm/dlcp_main_ram.inc bank0 physical alias for TAS3108 coefficient work/accumulator byte3 at 0x03C, covered by stock_039_acc_op descriptor evidence in dlcp_main_v34.asm:5572,5579,5582,5584	emitted	current_batch_tas3108_work_accum_alias_family
stock_03D_acc	tas3108_coeff_result_byte0_acc	ram_equ	i2c_tas3108	src/dlcp_fw/asm/dlcp_main_v34.asm:5575 copies the 4-byte coefficient math result from stock_02F into stock_03D..040 before the sign/high-byte adjustment at stock_040; this byte0 alias has no conflicting direct source use	emitted	current_batch_tas3108_result_alias_family
stock_03D_acc_phys	tas3108_coeff_result_byte0_phys	ram_equ	i2c_tas3108	src/dlcp_fw/asm/dlcp_main_ram.inc physical alias for TAS3108 coefficient result byte0 at 0x03D, covered by stock_03D_acc_op dword evidence in dlcp_main_v34.asm:5575	emitted	current_batch_tas3108_result_alias_family
stock_03D_b0	tas3108_coeff_result_byte0_b0	ram_equ	i2c_tas3108	src/dlcp_fw/asm/dlcp_main_ram.inc bank0 alias for TAS3108 coefficient result byte0 at 0x03D, covered by stock_03D_acc_op dword evidence in dlcp_main_v34.asm:5575	emitted	current_batch_tas3108_result_alias_family
stock_03D_b0_op	tas3108_coeff_result_byte0_b0_op	ram_equ	i2c_tas3108	src/dlcp_fw/asm/dlcp_main_ram.inc bank0 operand alias for TAS3108 coefficient result byte0 at 0x03D, covered by stock_03D_acc_op dword evidence in dlcp_main_v34.asm:5575	emitted	current_batch_tas3108_result_alias_family
stock_03D_b0_phys	tas3108_coeff_result_byte0_b0_phys	ram_equ	i2c_tas3108	src/dlcp_fw/asm/dlcp_main_ram.inc bank0 physical alias for TAS3108 coefficient result byte0 at 0x03D, covered by stock_03D_acc_op dword evidence in dlcp_main_v34.asm:5575	emitted	current_batch_tas3108_result_alias_family
stock_03E_acc	tas3108_coeff_result_byte1_acc	ram_equ	i2c_tas3108	src/dlcp_fw/asm/dlcp_main_ram.inc byte1 of the TAS3108 coefficient result dword stock_03D..040, covered by stock_03D_acc_op descriptor evidence in dlcp_main_v34.asm:5575	emitted	current_batch_tas3108_result_alias_family
stock_03E_acc_op	tas3108_coeff_result_byte1_op	ram_equ	i2c_tas3108	src/dlcp_fw/asm/dlcp_main_ram.inc operand alias for TAS3108 coefficient result byte1 at 0x03E, covered by stock_03D_acc_op descriptor evidence in dlcp_main_v34.asm:5575	emitted	current_batch_tas3108_result_alias_family
stock_03E_acc_phys	tas3108_coeff_result_byte1_phys	ram_equ	i2c_tas3108	src/dlcp_fw/asm/dlcp_main_ram.inc physical alias for TAS3108 coefficient result byte1 at 0x03E, covered by stock_03D_acc_op descriptor evidence in dlcp_main_v34.asm:5575	emitted	current_batch_tas3108_result_alias_family
stock_03E_b0	tas3108_coeff_result_byte1_b0	ram_equ	i2c_tas3108	src/dlcp_fw/asm/dlcp_main_ram.inc bank0 alias for TAS3108 coefficient result byte1 at 0x03E, covered by stock_03D_acc_op descriptor evidence in dlcp_main_v34.asm:5575	emitted	current_batch_tas3108_result_alias_family
stock_03E_b0_op	tas3108_coeff_result_byte1_b0_op	ram_equ	i2c_tas3108	src/dlcp_fw/asm/dlcp_main_ram.inc bank0 operand alias for TAS3108 coefficient result byte1 at 0x03E, covered by stock_03D_acc_op descriptor evidence in dlcp_main_v34.asm:5575	emitted	current_batch_tas3108_result_alias_family
stock_03E_b0_phys	tas3108_coeff_result_byte1_b0_phys	ram_equ	i2c_tas3108	src/dlcp_fw/asm/dlcp_main_ram.inc bank0 physical alias for TAS3108 coefficient result byte1 at 0x03E, covered by stock_03D_acc_op descriptor evidence in dlcp_main_v34.asm:5575	emitted	current_batch_tas3108_result_alias_family
stock_03F_acc	tas3108_coeff_result_byte2_acc	ram_equ	i2c_tas3108	src/dlcp_fw/asm/dlcp_main_ram.inc byte2 of the TAS3108 coefficient result dword stock_03D..040, covered by stock_03D_acc_op descriptor evidence in dlcp_main_v34.asm:5575	emitted	current_batch_tas3108_result_alias_family
stock_03F_acc_op	tas3108_coeff_result_byte2_op	ram_equ	i2c_tas3108	src/dlcp_fw/asm/dlcp_main_ram.inc operand alias for TAS3108 coefficient result byte2 at 0x03F, covered by stock_03D_acc_op descriptor evidence in dlcp_main_v34.asm:5575	emitted	current_batch_tas3108_result_alias_family
stock_03F_acc_phys	tas3108_coeff_result_byte2_phys	ram_equ	i2c_tas3108	src/dlcp_fw/asm/dlcp_main_ram.inc physical alias for TAS3108 coefficient result byte2 at 0x03F, covered by stock_03D_acc_op descriptor evidence in dlcp_main_v34.asm:5575	emitted	current_batch_tas3108_result_alias_family
stock_03F_b0	tas3108_coeff_result_byte2_b0	ram_equ	i2c_tas3108	src/dlcp_fw/asm/dlcp_main_ram.inc bank0 alias for TAS3108 coefficient result byte2 at 0x03F, covered by stock_03D_acc_op descriptor evidence in dlcp_main_v34.asm:5575	emitted	current_batch_tas3108_result_alias_family
stock_03F_b0_op	tas3108_coeff_result_byte2_b0_op	ram_equ	i2c_tas3108	src/dlcp_fw/asm/dlcp_main_ram.inc bank0 operand alias for TAS3108 coefficient result byte2 at 0x03F, covered by stock_03D_acc_op descriptor evidence in dlcp_main_v34.asm:5575	emitted	current_batch_tas3108_result_alias_family
stock_03F_b0_phys	tas3108_coeff_result_byte2_b0_phys	ram_equ	i2c_tas3108	src/dlcp_fw/asm/dlcp_main_ram.inc bank0 physical alias for TAS3108 coefficient result byte2 at 0x03F, covered by stock_03D_acc_op descriptor evidence in dlcp_main_v34.asm:5575	emitted	current_batch_tas3108_result_alias_family
stock_040_acc_op	tas3108_coeff_result_sign_byte_op	ram_equ	i2c_tas3108	src/dlcp_fw/asm/dlcp_main_v34.asm:5575-5577 copies the coefficient result into stock_03D..040, then XORs 0x80 into stock_040 as the sign/high-byte adjustment; this operand alias has no conflicting direct source use	emitted	current_batch_tas3108_result_alias_family
stock_040_acc_phys	tas3108_coeff_result_sign_byte_phys	ram_equ	i2c_tas3108	src/dlcp_fw/asm/dlcp_main_ram.inc physical alias for TAS3108 coefficient result sign/high byte at 0x040, covered by stock_040_acc evidence in dlcp_main_v34.asm:5577	emitted	current_batch_tas3108_result_alias_family
stock_040_b0	tas3108_coeff_result_sign_byte_b0	ram_equ	i2c_tas3108	src/dlcp_fw/asm/dlcp_main_ram.inc bank0 alias for TAS3108 coefficient result sign/high byte at 0x040, covered by stock_040_acc evidence in dlcp_main_v34.asm:5577	emitted	current_batch_tas3108_result_alias_family
stock_040_b0_op	tas3108_coeff_result_sign_byte_b0_op	ram_equ	i2c_tas3108	src/dlcp_fw/asm/dlcp_main_ram.inc bank0 operand alias for TAS3108 coefficient result sign/high byte at 0x040, covered by stock_040_acc evidence in dlcp_main_v34.asm:5577	emitted	current_batch_tas3108_result_alias_family
stock_040_b0_phys	tas3108_coeff_result_sign_byte_b0_phys	ram_equ	i2c_tas3108	src/dlcp_fw/asm/dlcp_main_ram.inc bank0 physical alias for TAS3108 coefficient result sign/high byte at 0x040, covered by stock_040_acc evidence in dlcp_main_v34.asm:5577	emitted	current_batch_tas3108_result_alias_family
stock_041_acc	tas3108_coeff_transform_work_byte0_acc	ram_equ	i2c_tas3108	src/dlcp_fw/asm/dlcp_main_v34.asm:5570-5593 uses stock_041_acc_op as the 4-byte TAS3108 coefficient transform work operand; this byte0 alias has no competing direct source use	emitted	current_batch_tas3108_transform_work_alias_family
stock_041_acc_phys	tas3108_coeff_transform_work_byte0_phys	ram_equ	i2c_tas3108	src/dlcp_fw/asm/dlcp_main_ram.inc physical alias for TAS3108 coefficient transform work byte0 at 0x041, covered by stock_041_acc_op descriptor evidence in dlcp_main_v34.asm:5570-5593	emitted	current_batch_tas3108_transform_work_alias_family
stock_041_b0	tas3108_coeff_transform_work_byte0_b0	ram_equ	i2c_tas3108	src/dlcp_fw/asm/dlcp_main_ram.inc bank0 alias for TAS3108 coefficient transform work byte0 at 0x041, covered by stock_041_acc_op descriptor evidence in dlcp_main_v34.asm:5570-5593	emitted	current_batch_tas3108_transform_work_alias_family
stock_041_b0_op	tas3108_coeff_transform_work_byte0_b0_op	ram_equ	i2c_tas3108	src/dlcp_fw/asm/dlcp_main_ram.inc bank0 operand alias for TAS3108 coefficient transform work byte0 at 0x041, covered by stock_041_acc_op descriptor evidence in dlcp_main_v34.asm:5570-5593	emitted	current_batch_tas3108_transform_work_alias_family
stock_041_b0_phys	tas3108_coeff_transform_work_byte0_b0_phys	ram_equ	i2c_tas3108	src/dlcp_fw/asm/dlcp_main_ram.inc bank0 physical alias for TAS3108 coefficient transform work byte0 at 0x041, covered by stock_041_acc_op descriptor evidence in dlcp_main_v34.asm:5570-5593	emitted	current_batch_tas3108_transform_work_alias_family
stock_042_acc	tas3108_coeff_transform_work_byte1_acc	ram_equ	i2c_tas3108	src/dlcp_fw/asm/dlcp_main_ram.inc byte1 of the TAS3108 coefficient transform work operand stock_041..044; 0x043/0x044 are separately mixed with firmware-update scratch, so only byte1 is emitted here	emitted	current_batch_tas3108_transform_work_alias_family
stock_042_acc_op	tas3108_coeff_transform_work_byte1_op	ram_equ	i2c_tas3108	src/dlcp_fw/asm/dlcp_main_ram.inc operand alias for TAS3108 coefficient transform work byte1 at 0x042, covered by stock_041_acc_op descriptor evidence in dlcp_main_v34.asm:5570-5593	emitted	current_batch_tas3108_transform_work_alias_family
stock_042_acc_phys	tas3108_coeff_transform_work_byte1_phys	ram_equ	i2c_tas3108	src/dlcp_fw/asm/dlcp_main_ram.inc physical alias for TAS3108 coefficient transform work byte1 at 0x042, covered by stock_041_acc_op descriptor evidence in dlcp_main_v34.asm:5570-5593	emitted	current_batch_tas3108_transform_work_alias_family
stock_042_b0	tas3108_coeff_transform_work_byte1_b0	ram_equ	i2c_tas3108	src/dlcp_fw/asm/dlcp_main_ram.inc bank0 alias for TAS3108 coefficient transform work byte1 at 0x042, covered by stock_041_acc_op descriptor evidence in dlcp_main_v34.asm:5570-5593	emitted	current_batch_tas3108_transform_work_alias_family
stock_042_b0_op	tas3108_coeff_transform_work_byte1_b0_op	ram_equ	i2c_tas3108	src/dlcp_fw/asm/dlcp_main_ram.inc bank0 operand alias for TAS3108 coefficient transform work byte1 at 0x042, covered by stock_041_acc_op descriptor evidence in dlcp_main_v34.asm:5570-5593	emitted	current_batch_tas3108_transform_work_alias_family
stock_042_b0_phys	tas3108_coeff_transform_work_byte1_b0_phys	ram_equ	i2c_tas3108	src/dlcp_fw/asm/dlcp_main_ram.inc bank0 physical alias for TAS3108 coefficient transform work byte1 at 0x042, covered by stock_041_acc_op descriptor evidence in dlcp_main_v34.asm:5570-5593	emitted	current_batch_tas3108_transform_work_alias_family
stock_034_acc	math_temp_result_byte1_acc	ram_equ	math	src/dlcp_fw/asm/dlcp_main_v34.asm:4706 and 6516 use stock_033_acc_op as the base of a 4-byte temporary math result buffer; stock_034 is byte1 and has no competing direct source use	emitted	current_batch_math_temp_result_alias_family
stock_034_acc_op	math_temp_result_byte1_op	ram_equ	math	src/dlcp_fw/asm/dlcp_main_ram.inc operand alias for temporary math result byte1 at 0x034, covered by stock_033_acc_op dword evidence in dlcp_main_v34.asm:4706 and 6516	emitted	current_batch_math_temp_result_alias_family
stock_034_acc_phys	math_temp_result_byte1_phys	ram_equ	math	src/dlcp_fw/asm/dlcp_main_ram.inc physical alias for temporary math result byte1 at 0x034, covered by stock_033_b0_phys buffer evidence in dlcp_main_v34.asm:6520	emitted	current_batch_math_temp_result_alias_family
stock_034_b0	math_temp_result_byte1_b0	ram_equ	math	src/dlcp_fw/asm/dlcp_main_ram.inc bank0 alias for temporary math result byte1 at 0x034, covered by stock_033_acc_op dword evidence in dlcp_main_v34.asm:4706 and 6516	emitted	current_batch_math_temp_result_alias_family
stock_034_b0_op	math_temp_result_byte1_b0_op	ram_equ	math	src/dlcp_fw/asm/dlcp_main_ram.inc bank0 operand alias for temporary math result byte1 at 0x034, covered by stock_033_acc_op dword evidence in dlcp_main_v34.asm:4706 and 6516	emitted	current_batch_math_temp_result_alias_family
stock_034_b0_phys	math_temp_result_byte1_b0_phys	ram_equ	math	src/dlcp_fw/asm/dlcp_main_ram.inc bank0 physical alias for temporary math result byte1 at 0x034, covered by stock_033_b0_phys buffer evidence in dlcp_main_v34.asm:6520	emitted	current_batch_math_temp_result_alias_family
stock_035_acc	math_temp_result_byte2_acc	ram_equ	math	src/dlcp_fw/asm/dlcp_main_v34.asm:4706 and 6516 use stock_033_acc_op as the base of a 4-byte temporary math result buffer; stock_035 is byte2 and has no competing direct source use	emitted	current_batch_math_temp_result_alias_family
stock_035_acc_op	math_temp_result_byte2_op	ram_equ	math	src/dlcp_fw/asm/dlcp_main_ram.inc operand alias for temporary math result byte2 at 0x035, covered by stock_033_acc_op dword evidence in dlcp_main_v34.asm:4706 and 6516	emitted	current_batch_math_temp_result_alias_family
stock_035_acc_phys	math_temp_result_byte2_phys	ram_equ	math	src/dlcp_fw/asm/dlcp_main_ram.inc physical alias for temporary math result byte2 at 0x035, covered by stock_033_b0_phys buffer evidence in dlcp_main_v34.asm:6520	emitted	current_batch_math_temp_result_alias_family
stock_035_b0	math_temp_result_byte2_b0	ram_equ	math	src/dlcp_fw/asm/dlcp_main_ram.inc bank0 alias for temporary math result byte2 at 0x035, covered by stock_033_acc_op dword evidence in dlcp_main_v34.asm:4706 and 6516	emitted	current_batch_math_temp_result_alias_family
stock_035_b0_op	math_temp_result_byte2_b0_op	ram_equ	math	src/dlcp_fw/asm/dlcp_main_ram.inc bank0 operand alias for temporary math result byte2 at 0x035, covered by stock_033_acc_op dword evidence in dlcp_main_v34.asm:4706 and 6516	emitted	current_batch_math_temp_result_alias_family
stock_035_b0_phys	math_temp_result_byte2_b0_phys	ram_equ	math	src/dlcp_fw/asm/dlcp_main_ram.inc bank0 physical alias for temporary math result byte2 at 0x035, covered by stock_033_b0_phys buffer evidence in dlcp_main_v34.asm:6520	emitted	current_batch_math_temp_result_alias_family
stock_036_acc	math_temp_result_byte3_acc	ram_equ	math	src/dlcp_fw/asm/dlcp_main_v34.asm:4706 and 6516 use stock_033_acc_op as the base of a 4-byte temporary math result buffer; stock_036 is byte3 and has no competing direct source use	emitted	current_batch_math_temp_result_alias_family
stock_036_acc_op	math_temp_result_byte3_op	ram_equ	math	src/dlcp_fw/asm/dlcp_main_ram.inc operand alias for temporary math result byte3 at 0x036, covered by stock_033_acc_op dword evidence in dlcp_main_v34.asm:4706 and 6516	emitted	current_batch_math_temp_result_alias_family
stock_036_acc_phys	math_temp_result_byte3_phys	ram_equ	math	src/dlcp_fw/asm/dlcp_main_ram.inc physical alias for temporary math result byte3 at 0x036, covered by stock_033_b0_phys buffer evidence in dlcp_main_v34.asm:6520	emitted	current_batch_math_temp_result_alias_family
stock_036_b0	math_temp_result_byte3_b0	ram_equ	math	src/dlcp_fw/asm/dlcp_main_ram.inc bank0 alias for temporary math result byte3 at 0x036, covered by stock_033_acc_op dword evidence in dlcp_main_v34.asm:4706 and 6516	emitted	current_batch_math_temp_result_alias_family
stock_036_b0_op	math_temp_result_byte3_b0_op	ram_equ	math	src/dlcp_fw/asm/dlcp_main_ram.inc bank0 operand alias for temporary math result byte3 at 0x036, covered by stock_033_acc_op dword evidence in dlcp_main_v34.asm:4706 and 6516	emitted	current_batch_math_temp_result_alias_family
stock_036_b0_phys	math_temp_result_byte3_b0_phys	ram_equ	math	src/dlcp_fw/asm/dlcp_main_ram.inc bank0 physical alias for temporary math result byte3 at 0x036, covered by stock_033_b0_phys buffer evidence in dlcp_main_v34.asm:6520	emitted	current_batch_math_temp_result_alias_family
stock_032_acc_op	float32_transform_shadow_byte3_op	ram_equ	dsp_coeff_math	src/dlcp_fw/asm/dlcp_main_v34.asm:4688-4691 clears stock_02F..032 as the zero-result transform shadow word, with stock_032 as byte3; this operand alias has no competing direct source use	emitted	current_batch_float32_tail_exact_aliases
stock_032_acc_phys	float32_transform_shadow_byte3_phys	ram_equ	dsp_coeff_math	src/dlcp_fw/asm/dlcp_main_v34.asm:4688-4691 clears stock_02F..032 as the zero-result transform shadow word, with stock_032 as byte3; this physical alias has no competing direct source use	emitted	current_batch_float32_tail_exact_aliases
stock_032_b0	float32_transform_shadow_byte3_b0	ram_equ	dsp_coeff_math	src/dlcp_fw/asm/dlcp_main_v34.asm:4688-4691 clears stock_02F..032 as the zero-result transform shadow word, with stock_032 as byte3; this bank0 alias has no competing direct source use	emitted	current_batch_float32_tail_exact_aliases
stock_032_b0_op	float32_transform_shadow_byte3_b0_op	ram_equ	dsp_coeff_math	src/dlcp_fw/asm/dlcp_main_v34.asm:4688-4691 clears stock_02F..032 as the zero-result transform shadow word, with stock_032 as byte3; this bank0 operand alias has no competing direct source use	emitted	current_batch_float32_tail_exact_aliases
stock_032_b0_phys	float32_transform_shadow_byte3_b0_phys	ram_equ	dsp_coeff_math	src/dlcp_fw/asm/dlcp_main_v34.asm:4688-4691 clears stock_02F..032 as the zero-result transform shadow word, with stock_032 as byte3; this bank0 physical alias has no competing direct source use	emitted	current_batch_float32_tail_exact_aliases
stock_038_acc_op	float32_trunc_exponent_hi_op	ram_equ	dsp_coeff_math	src/dlcp_fw/asm/dlcp_main_v34.asm:4683-4697 uses stock_038 as the high byte of the extracted exponent/status compare in truncate_float32_to_integral_float_in_place; this operand alias has no competing direct source use	emitted	current_batch_float32_tail_exact_aliases
stock_038_acc_phys	float32_trunc_exponent_hi_phys	ram_equ	dsp_coeff_math	src/dlcp_fw/asm/dlcp_main_v34.asm:4683-4697 uses stock_038 as the high byte of the extracted exponent/status compare in truncate_float32_to_integral_float_in_place; this physical alias has no competing direct source use	emitted	current_batch_float32_tail_exact_aliases
stock_038_b0	float32_trunc_exponent_hi_b0	ram_equ	dsp_coeff_math	src/dlcp_fw/asm/dlcp_main_v34.asm:4683-4697 uses stock_038 as the high byte of the extracted exponent/status compare in truncate_float32_to_integral_float_in_place; this bank0 alias has no competing direct source use	emitted	current_batch_float32_tail_exact_aliases
stock_038_b0_op	float32_trunc_exponent_hi_b0_op	ram_equ	dsp_coeff_math	src/dlcp_fw/asm/dlcp_main_v34.asm:4683-4697 uses stock_038 as the high byte of the extracted exponent/status compare in truncate_float32_to_integral_float_in_place; this bank0 operand alias has no competing direct source use	emitted	current_batch_float32_tail_exact_aliases
stock_038_b0_phys	float32_trunc_exponent_hi_b0_phys	ram_equ	dsp_coeff_math	src/dlcp_fw/asm/dlcp_main_v34.asm:4683-4697 uses stock_038 as the high byte of the extracted exponent/status compare in truncate_float32_to_integral_float_in_place; this bank0 physical alias has no competing direct source use	emitted	current_batch_float32_tail_exact_aliases
stock_01E_acc_phys	float32_muldiv_result_exponent_phys	ram_equ	dsp_coeff_math	src/dlcp_fw/asm/dlcp_main_v34.asm:3420-3441 and 3636-3657 use stock_01E as the extracted/result exponent byte for float32 multiply and divide; this physical alias has no competing direct source use	emitted	current_batch_float32_fw_update_exact_aliases
stock_01E_b0	float32_muldiv_result_exponent_b0	ram_equ	dsp_coeff_math	src/dlcp_fw/asm/dlcp_main_v34.asm:3420-3441 and 3636-3657 use stock_01E as the extracted/result exponent byte for float32 multiply and divide; this bank0 alias has no competing direct source use	emitted	current_batch_float32_fw_update_exact_aliases
stock_01E_b0_op	float32_muldiv_result_exponent_b0_op	ram_equ	dsp_coeff_math	src/dlcp_fw/asm/dlcp_main_v34.asm:3485 and 3702 copy stock_01E through the float32 packer exponent input; this bank0 operand alias has no competing direct source use	emitted	current_batch_float32_fw_update_exact_aliases
stock_01E_b0_phys	float32_muldiv_result_exponent_b0_phys	ram_equ	dsp_coeff_math	src/dlcp_fw/asm/dlcp_main_v34.asm:3420-3441 and 3636-3657 use stock_01E as the extracted/result exponent byte for float32 multiply and divide; this bank0 physical alias has no competing direct source use	emitted	current_batch_float32_fw_update_exact_aliases
stock_04A_acc_op	fw_update_relay_current_byte_op	ram_equ	flash_update	src/dlcp_fw/asm/dlcp_main_v34.asm:920-928 and 1150-1152 hold the current firmware-update relay byte read through FSR2 before CRC/bit-shift processing and checksum accumulation; this operand alias has no competing direct source use	emitted	current_batch_float32_fw_update_exact_aliases
stock_04A_acc_phys	fw_update_relay_current_byte_acc_phys	ram_equ	flash_update	src/dlcp_fw/asm/dlcp_main_v34.asm:920-928 and 1150-1152 hold the current firmware-update relay byte read through FSR2 before CRC/bit-shift processing and checksum accumulation; this physical alias has no competing direct source use	emitted	current_batch_float32_fw_update_exact_aliases
stock_04A_b0	fw_update_relay_current_byte_b0	ram_equ	flash_update	src/dlcp_fw/asm/dlcp_main_v34.asm:920-928 and 1150-1152 hold the current firmware-update relay byte read through FSR2 before CRC/bit-shift processing and checksum accumulation; this bank0 alias has no competing direct source use	emitted	current_batch_float32_fw_update_exact_aliases
stock_04A_b0_op	fw_update_relay_current_byte_b0_op	ram_equ	flash_update	src/dlcp_fw/asm/dlcp_main_v34.asm:920-928 and 1150-1152 hold the current firmware-update relay byte read through FSR2 before CRC/bit-shift processing and checksum accumulation; this bank0 operand alias has no competing direct source use	emitted	current_batch_float32_fw_update_exact_aliases
stock_02E_acc_phys	float32_exponent_work_phys	ram_equ	dsp_coeff_math	src/dlcp_fw/asm/dlcp_main_v34.asm:2757-2863 uses stock_02E as the float32 add primary/result exponent work byte, and 4290-4340 reuses it as the float32-to-int exponent-delta work byte; this physical alias has no competing direct source use	emitted	current_batch_float32_exponent_work_exact_aliases
stock_02E_b0	float32_exponent_work_b0	ram_equ	dsp_coeff_math	src/dlcp_fw/asm/dlcp_main_v34.asm:2757-2863 uses stock_02E as the float32 add primary/result exponent work byte, and 4290-4340 reuses it as the float32-to-int exponent-delta work byte; this bank0 alias has no competing direct source use	emitted	current_batch_float32_exponent_work_exact_aliases
stock_02E_b0_op	float32_exponent_work_b0_op	ram_equ	dsp_coeff_math	src/dlcp_fw/asm/dlcp_main_v34.asm:2900 copies stock_02E into the float32 packer exponent input, while 4290-4340 reuses the same byte as float32-to-int exponent-delta work; this bank0 operand alias has no competing direct source use	emitted	current_batch_float32_exponent_work_exact_aliases
stock_02E_b0_phys	float32_exponent_work_b0_phys	ram_equ	dsp_coeff_math	src/dlcp_fw/asm/dlcp_main_v34.asm:2757-2863 uses stock_02E as the float32 add primary/result exponent work byte, and 4290-4340 reuses it as the float32-to-int exponent-delta work byte; this bank0 physical alias has no competing direct source use	emitted	current_batch_float32_exponent_work_exact_aliases
stock_078_b0	usb_ep0_out_bd_fsr_addr_lo_b0	ram_var	usb_ep0	src/dlcp_fw/asm/dlcp_main_ram.inc:1132-1134 defines EP0 OUT BDT FSR low-byte alias, but src/dlcp_fw/asm/dlcp_main_v34.asm:6723-6748 writes FSR2 directly in V3.4; semantic review consensus confirmed 4/4; second-stage 16-agent review 2026-06-18 kept needs_review for EP0 alias group 16/16; no row exceptions	needs_review	semantic_review_consensus_2026_06_18
stock_078_b0_op	usb_ep0_out_bd_fsr_addr_lo_op	ram_var	usb_ep0	src/dlcp_fw/asm/dlcp_main_ram.inc:1132-1134 defines EP0 OUT BDT FSR low-byte operator alias, but src/dlcp_fw/asm/dlcp_main_v34.asm:6723-6748 writes FSR2 directly in V3.4; semantic review consensus confirmed 4/4; second-stage 16-agent review 2026-06-18 kept needs_review for EP0 alias group 16/16; no row exceptions	needs_review	semantic_review_consensus_2026_06_18
stock_078_b0_phys	usb_ep0_out_bd_fsr_addr_lo_phys	ram_var	usb_ep0	src/dlcp_fw/asm/dlcp_main_ram.inc:1132-1134 defines EP0 OUT BDT FSR low-byte physical alias, but src/dlcp_fw/asm/dlcp_main_v34.asm:6723-6748 writes FSR2 directly in V3.4; semantic review consensus confirmed 4/4; second-stage 16-agent review 2026-06-18 kept needs_review for EP0 alias group 16/16; no row exceptions	needs_review	semantic_review_consensus_2026_06_18
stock_079_b0	usb_ep0_out_bd_fsr_addr_hi_b0	ram_var	usb_ep0	src/dlcp_fw/asm/dlcp_main_ram.inc:1135-1137 defines EP0 OUT BDT FSR high-byte alias, but src/dlcp_fw/asm/dlcp_main_v34.asm:6723-6748 writes FSR2 directly in V3.4; semantic review consensus confirmed 4/4; second-stage 16-agent review 2026-06-18 kept needs_review for EP0 alias group 16/16; no row exceptions	needs_review	semantic_review_consensus_2026_06_18
stock_079_b0_op	usb_ep0_out_bd_fsr_addr_hi_op	ram_var	usb_ep0	src/dlcp_fw/asm/dlcp_main_ram.inc:1135-1137 defines EP0 OUT BDT FSR high-byte operator alias, but src/dlcp_fw/asm/dlcp_main_v34.asm:6723-6748 writes FSR2 directly in V3.4; semantic review consensus confirmed 4/4; second-stage 16-agent review 2026-06-18 kept needs_review for EP0 alias group 16/16; no row exceptions	needs_review	semantic_review_consensus_2026_06_18
stock_079_b0_phys	usb_ep0_out_bd_fsr_addr_hi_phys	ram_var	usb_ep0	src/dlcp_fw/asm/dlcp_main_ram.inc:1135-1137 defines EP0 OUT BDT FSR high-byte physical alias, but src/dlcp_fw/asm/dlcp_main_v34.asm:6723-6748 writes FSR2 directly in V3.4; semantic review consensus confirmed 4/4; second-stage 16-agent review 2026-06-18 kept needs_review for EP0 alias group 16/16; no row exceptions	needs_review	semantic_review_consensus_2026_06_18
stock_178_b1	usb_hid_ep1_in_report_setup_profile_b1	ram_var	usb_hid	src/dlcp_fw/asm/dlcp_main_v34.asm:2633-2634 chain_copy descriptor copies setup_profile_setting stock_0B4 into bank1 report byte 0x178; firmware/disasm/main/gpdasm_output.annotated.asm:3363 shows the original movff 0x0b4,0x178	emitted	current_batch_usb_hid_ep1_setup_profile_alias
stock_178_b1_op	usb_hid_ep1_in_report_setup_profile_op	ram_var	usb_hid	src/dlcp_fw/asm/dlcp_main_v34.asm:2633-2634 chain_copy descriptor copies setup_profile_setting stock_0B4 into bank1 report byte 0x178; operand alias for 0x178	emitted	current_batch_usb_hid_ep1_setup_profile_alias
stock_178_b1_phys	usb_hid_ep1_in_report_setup_profile_phys	ram_var	usb_hid	src/dlcp_fw/asm/dlcp_main_v34.asm:2633-2634 chain_copy descriptor copies setup_profile_setting stock_0B4 into bank1 report byte 0x178; physical alias for 0x178	emitted	current_batch_usb_hid_ep1_setup_profile_alias
stock_17C_b1	usb_hid_ep1_in_report_payload_byte31_b1	ram_var	usb_hid	src/dlcp_fw/asm/dlcp_main_v34.asm:5632-5637 identifies bank1 0x15A..0x199 as the 64-byte HID IN reply buffer; lines 9843-9845 map 0x15D onward as response data, so 0x17C is payload byte 31	emitted	current_batch_usb_hid_ep1_report_buffer_holes
stock_17C_b1_op	usb_hid_ep1_in_report_payload_byte31_op	ram_var	usb_hid	src/dlcp_fw/asm/dlcp_main_v34.asm:5632-5637 identifies bank1 0x15A..0x199 as the 64-byte HID IN reply buffer; lines 9843-9845 map 0x15D onward as response data, so 0x17C is payload byte 31; operand alias for 0x17C	emitted	current_batch_usb_hid_ep1_report_buffer_holes
stock_17C_b1_phys	usb_hid_ep1_in_report_payload_byte31_phys	ram_var	usb_hid	src/dlcp_fw/asm/dlcp_main_v34.asm:5632-5637 identifies bank1 0x15A..0x199 as the 64-byte HID IN reply buffer; lines 9843-9845 map 0x15D onward as response data, so 0x17C is payload byte 31; physical alias for 0x17C	emitted	current_batch_usb_hid_ep1_report_buffer_holes
stock_17D_b1	usb_hid_ep1_in_report_payload_byte32_b1	ram_var	usb_hid	src/dlcp_fw/asm/dlcp_main_v34.asm:5632-5637 identifies bank1 0x15A..0x199 as the 64-byte HID IN reply buffer; lines 9843-9845 map 0x15D onward as response data, so 0x17D is payload byte 32	emitted	current_batch_usb_hid_ep1_report_buffer_holes
stock_17D_b1_op	usb_hid_ep1_in_report_payload_byte32_op	ram_var	usb_hid	src/dlcp_fw/asm/dlcp_main_v34.asm:5632-5637 identifies bank1 0x15A..0x199 as the 64-byte HID IN reply buffer; lines 9843-9845 map 0x15D onward as response data, so 0x17D is payload byte 32; operand alias for 0x17D	emitted	current_batch_usb_hid_ep1_report_buffer_holes
stock_17D_b1_phys	usb_hid_ep1_in_report_payload_byte32_phys	ram_var	usb_hid	src/dlcp_fw/asm/dlcp_main_v34.asm:5632-5637 identifies bank1 0x15A..0x199 as the 64-byte HID IN reply buffer; lines 9843-9845 map 0x15D onward as response data, so 0x17D is payload byte 32; physical alias for 0x17D	emitted	current_batch_usb_hid_ep1_report_buffer_holes
stock_180_b1	usb_hid_ep1_in_report_payload_byte35_b1	ram_var	usb_hid	src/dlcp_fw/asm/dlcp_main_v34.asm:5632-5637 identifies bank1 0x15A..0x199 as the 64-byte HID IN reply buffer; lines 9843-9845 map 0x15D onward as response data, so 0x180 is payload byte 35	emitted	current_batch_usb_hid_ep1_report_buffer_holes
stock_180_b1_op	usb_hid_ep1_in_report_payload_byte35_op	ram_var	usb_hid	src/dlcp_fw/asm/dlcp_main_v34.asm:5632-5637 identifies bank1 0x15A..0x199 as the 64-byte HID IN reply buffer; lines 9843-9845 map 0x15D onward as response data, so 0x180 is payload byte 35; operand alias for 0x180	emitted	current_batch_usb_hid_ep1_report_buffer_holes
stock_180_b1_phys	usb_hid_ep1_in_report_payload_byte35_phys	ram_var	usb_hid	src/dlcp_fw/asm/dlcp_main_v34.asm:5632-5637 identifies bank1 0x15A..0x199 as the 64-byte HID IN reply buffer; lines 9843-9845 map 0x15D onward as response data, so 0x180 is payload byte 35; physical alias for 0x180	emitted	current_batch_usb_hid_ep1_report_buffer_holes
stock_181_b1	usb_hid_ep1_in_report_payload_byte36_b1	ram_var	usb_hid	src/dlcp_fw/asm/dlcp_main_v34.asm:5632-5637 identifies bank1 0x15A..0x199 as the 64-byte HID IN reply buffer; lines 9843-9845 map 0x15D onward as response data, so 0x181 is payload byte 36	emitted	current_batch_usb_hid_ep1_report_buffer_holes
stock_181_b1_op	usb_hid_ep1_in_report_payload_byte36_op	ram_var	usb_hid	src/dlcp_fw/asm/dlcp_main_v34.asm:5632-5637 identifies bank1 0x15A..0x199 as the 64-byte HID IN reply buffer; lines 9843-9845 map 0x15D onward as response data, so 0x181 is payload byte 36; operand alias for 0x181	emitted	current_batch_usb_hid_ep1_report_buffer_holes
stock_181_b1_phys	usb_hid_ep1_in_report_payload_byte36_phys	ram_var	usb_hid	src/dlcp_fw/asm/dlcp_main_v34.asm:5632-5637 identifies bank1 0x15A..0x199 as the 64-byte HID IN reply buffer; lines 9843-9845 map 0x15D onward as response data, so 0x181 is payload byte 36; physical alias for 0x181	emitted	current_batch_usb_hid_ep1_report_buffer_holes
stock_184_b1	usb_hid_ep1_in_report_payload_byte39_b1	ram_var	usb_hid	src/dlcp_fw/asm/dlcp_main_v34.asm:5632-5637 identifies bank1 0x15A..0x199 as the 64-byte HID IN reply buffer; lines 9843-9845 map 0x15D onward as response data, so 0x184 is payload byte 39	emitted	current_batch_usb_hid_ep1_report_buffer_holes
stock_184_b1_op	usb_hid_ep1_in_report_payload_byte39_op	ram_var	usb_hid	src/dlcp_fw/asm/dlcp_main_v34.asm:5632-5637 identifies bank1 0x15A..0x199 as the 64-byte HID IN reply buffer; lines 9843-9845 map 0x15D onward as response data, so 0x184 is payload byte 39; operand alias for 0x184	emitted	current_batch_usb_hid_ep1_report_buffer_holes
stock_184_b1_phys	usb_hid_ep1_in_report_payload_byte39_phys	ram_var	usb_hid	src/dlcp_fw/asm/dlcp_main_v34.asm:5632-5637 identifies bank1 0x15A..0x199 as the 64-byte HID IN reply buffer; lines 9843-9845 map 0x15D onward as response data, so 0x184 is payload byte 39; physical alias for 0x184	emitted	current_batch_usb_hid_ep1_report_buffer_holes
stock_185_b1	usb_hid_ep1_in_report_payload_byte40_b1	ram_var	usb_hid	src/dlcp_fw/asm/dlcp_main_v34.asm:5632-5637 identifies bank1 0x15A..0x199 as the 64-byte HID IN reply buffer; lines 9843-9845 map 0x15D onward as response data, so 0x185 is payload byte 40	emitted	current_batch_usb_hid_ep1_report_buffer_holes
stock_185_b1_op	usb_hid_ep1_in_report_payload_byte40_op	ram_var	usb_hid	src/dlcp_fw/asm/dlcp_main_v34.asm:5632-5637 identifies bank1 0x15A..0x199 as the 64-byte HID IN reply buffer; lines 9843-9845 map 0x15D onward as response data, so 0x185 is payload byte 40; operand alias for 0x185	emitted	current_batch_usb_hid_ep1_report_buffer_holes
stock_185_b1_phys	usb_hid_ep1_in_report_payload_byte40_phys	ram_var	usb_hid	src/dlcp_fw/asm/dlcp_main_v34.asm:5632-5637 identifies bank1 0x15A..0x199 as the 64-byte HID IN reply buffer; lines 9843-9845 map 0x15D onward as response data, so 0x185 is payload byte 40; physical alias for 0x185	emitted	current_batch_usb_hid_ep1_report_buffer_holes
stock_186_b1	usb_hid_ep1_in_report_payload_byte41_b1	ram_var	usb_hid	src/dlcp_fw/asm/dlcp_main_v34.asm:5632-5637 identifies bank1 0x15A..0x199 as the 64-byte HID IN reply buffer; lines 9843-9845 map 0x15D onward as response data, so 0x186 is payload byte 41	emitted	current_batch_usb_hid_ep1_report_buffer_holes
stock_186_b1_op	usb_hid_ep1_in_report_payload_byte41_op	ram_var	usb_hid	src/dlcp_fw/asm/dlcp_main_v34.asm:5632-5637 identifies bank1 0x15A..0x199 as the 64-byte HID IN reply buffer; lines 9843-9845 map 0x15D onward as response data, so 0x186 is payload byte 41; operand alias for 0x186	emitted	current_batch_usb_hid_ep1_report_buffer_holes
stock_186_b1_phys	usb_hid_ep1_in_report_payload_byte41_phys	ram_var	usb_hid	src/dlcp_fw/asm/dlcp_main_v34.asm:5632-5637 identifies bank1 0x15A..0x199 as the 64-byte HID IN reply buffer; lines 9843-9845 map 0x15D onward as response data, so 0x186 is payload byte 41; physical alias for 0x186	emitted	current_batch_usb_hid_ep1_report_buffer_holes
stock_187_b1	usb_hid_ep1_in_report_payload_byte42_b1	ram_var	usb_hid	src/dlcp_fw/asm/dlcp_main_v34.asm:5632-5637 identifies bank1 0x15A..0x199 as the 64-byte HID IN reply buffer; lines 9843-9845 map 0x15D onward as response data, so 0x187 is payload byte 42	emitted	current_batch_usb_hid_ep1_report_buffer_holes
stock_187_b1_op	usb_hid_ep1_in_report_payload_byte42_op	ram_var	usb_hid	src/dlcp_fw/asm/dlcp_main_v34.asm:5632-5637 identifies bank1 0x15A..0x199 as the 64-byte HID IN reply buffer; lines 9843-9845 map 0x15D onward as response data, so 0x187 is payload byte 42; operand alias for 0x187	emitted	current_batch_usb_hid_ep1_report_buffer_holes
stock_187_b1_phys	usb_hid_ep1_in_report_payload_byte42_phys	ram_var	usb_hid	src/dlcp_fw/asm/dlcp_main_v34.asm:5632-5637 identifies bank1 0x15A..0x199 as the 64-byte HID IN reply buffer; lines 9843-9845 map 0x15D onward as response data, so 0x187 is payload byte 42; physical alias for 0x187	emitted	current_batch_usb_hid_ep1_report_buffer_holes
stock_194_b1	usb_hid_ep1_in_report_payload_byte55_b1	ram_var	usb_hid	src/dlcp_fw/asm/dlcp_main_v34.asm:5632-5637 identifies bank1 0x15A..0x199 as the 64-byte HID IN reply buffer; lines 9843-9845 map 0x15D onward as response data, so 0x194 is payload byte 55	emitted	current_batch_usb_hid_ep1_report_buffer_holes
stock_194_b1_op	usb_hid_ep1_in_report_payload_byte55_op	ram_var	usb_hid	src/dlcp_fw/asm/dlcp_main_v34.asm:5632-5637 identifies bank1 0x15A..0x199 as the 64-byte HID IN reply buffer; lines 9843-9845 map 0x15D onward as response data, so 0x194 is payload byte 55; operand alias for 0x194	emitted	current_batch_usb_hid_ep1_report_buffer_holes
stock_194_b1_phys	usb_hid_ep1_in_report_payload_byte55_phys	ram_var	usb_hid	src/dlcp_fw/asm/dlcp_main_v34.asm:5632-5637 identifies bank1 0x15A..0x199 as the 64-byte HID IN reply buffer; lines 9843-9845 map 0x15D onward as response data, so 0x194 is payload byte 55; physical alias for 0x194	emitted	current_batch_usb_hid_ep1_report_buffer_holes
stock_472_b4	usb_ep1_in_packet_byte6_b4	ram_var	usb_ep1	src/dlcp_fw/asm/dlcp_main_v34.asm:6602-6625 copies the 0x40-byte HID IN scratch report to USB buffer 0x046C before arming EP1 IN; lines 7839-7854 configure EP1 IN BD count/address 0x40/0x046C, so 0x472 is packet byte 6	emitted	current_batch_usb_hid_ep1_report_buffer_holes
stock_472_b4_op	usb_ep1_in_packet_byte6_op	ram_var	usb_ep1	src/dlcp_fw/asm/dlcp_main_v34.asm:6602-6625 copies the 0x40-byte HID IN scratch report to USB buffer 0x046C before arming EP1 IN; lines 7839-7854 configure EP1 IN BD count/address 0x40/0x046C, so 0x472 is packet byte 6; operand alias for 0x472	emitted	current_batch_usb_hid_ep1_report_buffer_holes
stock_472_b4_phys	usb_ep1_in_packet_byte6_phys	ram_var	usb_ep1	src/dlcp_fw/asm/dlcp_main_v34.asm:6602-6625 copies the 0x40-byte HID IN scratch report to USB buffer 0x046C before arming EP1 IN; lines 7839-7854 configure EP1 IN BD count/address 0x40/0x046C, so 0x472 is packet byte 6; physical alias for 0x472	emitted	current_batch_usb_hid_ep1_report_buffer_holes
stock_473_b4	usb_ep1_in_packet_byte7_b4	ram_var	usb_ep1	src/dlcp_fw/asm/dlcp_main_v34.asm:6602-6625 copies the 0x40-byte HID IN scratch report to USB buffer 0x046C before arming EP1 IN; lines 7839-7854 configure EP1 IN BD count/address 0x40/0x046C, so 0x473 is packet byte 7	emitted	current_batch_usb_hid_ep1_report_buffer_holes
stock_473_b4_op	usb_ep1_in_packet_byte7_op	ram_var	usb_ep1	src/dlcp_fw/asm/dlcp_main_v34.asm:6602-6625 copies the 0x40-byte HID IN scratch report to USB buffer 0x046C before arming EP1 IN; lines 7839-7854 configure EP1 IN BD count/address 0x40/0x046C, so 0x473 is packet byte 7; operand alias for 0x473	emitted	current_batch_usb_hid_ep1_report_buffer_holes
stock_473_b4_phys	usb_ep1_in_packet_byte7_phys	ram_var	usb_ep1	src/dlcp_fw/asm/dlcp_main_v34.asm:6602-6625 copies the 0x40-byte HID IN scratch report to USB buffer 0x046C before arming EP1 IN; lines 7839-7854 configure EP1 IN BD count/address 0x40/0x046C, so 0x473 is packet byte 7; physical alias for 0x473	emitted	current_batch_usb_hid_ep1_report_buffer_holes
stock_4A0_b4	usb_ep1_in_packet_byte52_b4	ram_var	usb_ep1	src/dlcp_fw/asm/dlcp_main_v34.asm:6602-6625 copies the 0x40-byte HID IN scratch report to USB buffer 0x046C before arming EP1 IN; lines 7839-7854 configure EP1 IN BD count/address 0x40/0x046C, so 0x4A0 is packet byte 52	emitted	current_batch_usb_hid_ep1_report_buffer_holes
stock_4A0_b4_op	usb_ep1_in_packet_byte52_op	ram_var	usb_ep1	src/dlcp_fw/asm/dlcp_main_v34.asm:6602-6625 copies the 0x40-byte HID IN scratch report to USB buffer 0x046C before arming EP1 IN; lines 7839-7854 configure EP1 IN BD count/address 0x40/0x046C, so 0x4A0 is packet byte 52; operand alias for 0x4A0	emitted	current_batch_usb_hid_ep1_report_buffer_holes
stock_4A0_b4_phys	usb_ep1_in_packet_byte52_phys	ram_var	usb_ep1	src/dlcp_fw/asm/dlcp_main_v34.asm:6602-6625 copies the 0x40-byte HID IN scratch report to USB buffer 0x046C before arming EP1 IN; lines 7839-7854 configure EP1 IN BD count/address 0x40/0x046C, so 0x4A0 is packet byte 52; physical alias for 0x4A0	emitted	current_batch_usb_hid_ep1_report_buffer_holes
stock_0F1_b0	channel_enable_preset_row_channel0_addr_lo_b0	ram_var	i2c_tas3108	src/dlcp_fw/asm/dlcp_main_ram.inc:1504-1539 defines legacy channel-enable cursor RAM alias; src/dlcp_fw/asm/dlcp_main_v34.asm:1528-1542 computes the live cursor through stock_014/04B/04C/013 scratch; semantic review consensus confirmed 4/4; second-stage 16-agent review 2026-06-18 kept needs_review for channel cursor group 15/16; USB stock_0D3+0xEC counterexample judged unrelated; no row exceptions	needs_review	semantic_review_consensus_2026_06_18
stock_0F1_b0_op	channel_enable_preset_row_channel0_addr_lo_op	ram_var	i2c_tas3108	src/dlcp_fw/asm/dlcp_main_ram.inc:1504-1539 defines legacy channel-enable cursor operator alias; src/dlcp_fw/asm/dlcp_main_v34.asm:1528-1542 computes the live cursor through stock_014/04B/04C/013 scratch; semantic review consensus confirmed 4/4; second-stage 16-agent review 2026-06-18 kept needs_review for channel cursor group 15/16; USB stock_0D3+0xEC counterexample judged unrelated; no row exceptions	needs_review	semantic_review_consensus_2026_06_18
stock_0F1_b0_phys	channel_enable_preset_row_channel0_addr_lo_phys	ram_var	i2c_tas3108	src/dlcp_fw/asm/dlcp_main_ram.inc:1504-1539 defines legacy channel-enable cursor physical alias; src/dlcp_fw/asm/dlcp_main_v34.asm:1528-1542 computes the live cursor through stock_014/04B/04C/013 scratch; semantic review consensus confirmed 4/4; second-stage 16-agent review 2026-06-18 kept needs_review for channel cursor group 15/16; USB stock_0D3+0xEC counterexample judged unrelated; no row exceptions	needs_review	semantic_review_consensus_2026_06_18
stock_0F2_b0	channel_enable_preset_row_channel0_addr_hi_b0	ram_var	i2c_tas3108	src/dlcp_fw/asm/dlcp_main_ram.inc:1504-1539 defines legacy channel-enable cursor RAM alias; src/dlcp_fw/asm/dlcp_main_v34.asm:1528-1542 computes the live cursor through stock_014/04B/04C/013 scratch; semantic review consensus confirmed 4/4; second-stage 16-agent review 2026-06-18 kept needs_review for channel cursor group 15/16; USB stock_0D3+0xEC counterexample judged unrelated; no row exceptions	needs_review	semantic_review_consensus_2026_06_18
stock_0F2_b0_op	channel_enable_preset_row_channel0_addr_hi_op	ram_var	i2c_tas3108	src/dlcp_fw/asm/dlcp_main_ram.inc:1504-1539 defines legacy channel-enable cursor operator alias; src/dlcp_fw/asm/dlcp_main_v34.asm:1528-1542 computes the live cursor through stock_014/04B/04C/013 scratch; semantic review consensus confirmed 4/4; second-stage 16-agent review 2026-06-18 kept needs_review for channel cursor group 15/16; USB stock_0D3+0xEC counterexample judged unrelated; no row exceptions	needs_review	semantic_review_consensus_2026_06_18
stock_0F2_b0_phys	channel_enable_preset_row_channel0_addr_hi_phys	ram_var	i2c_tas3108	src/dlcp_fw/asm/dlcp_main_ram.inc:1504-1539 defines legacy channel-enable cursor physical alias; src/dlcp_fw/asm/dlcp_main_v34.asm:1528-1542 computes the live cursor through stock_014/04B/04C/013 scratch; semantic review consensus confirmed 4/4; second-stage 16-agent review 2026-06-18 kept needs_review for channel cursor group 15/16; USB stock_0D3+0xEC counterexample judged unrelated; no row exceptions	needs_review	semantic_review_consensus_2026_06_18
stock_0F3_b0	channel_enable_preset_row_channel1_addr_lo_b0	ram_var	i2c_tas3108	src/dlcp_fw/asm/dlcp_main_ram.inc:1504-1539 defines legacy channel-enable cursor RAM alias; src/dlcp_fw/asm/dlcp_main_v34.asm:1528-1542 computes the live cursor through stock_014/04B/04C/013 scratch; semantic review consensus confirmed 4/4; second-stage 16-agent review 2026-06-18 kept needs_review for channel cursor group 15/16; USB stock_0D3+0xEC counterexample judged unrelated; no row exceptions	needs_review	semantic_review_consensus_2026_06_18
stock_0F3_b0_op	channel_enable_preset_row_channel1_addr_lo_op	ram_var	i2c_tas3108	src/dlcp_fw/asm/dlcp_main_ram.inc:1504-1539 defines legacy channel-enable cursor operator alias; src/dlcp_fw/asm/dlcp_main_v34.asm:1528-1542 computes the live cursor through stock_014/04B/04C/013 scratch; semantic review consensus confirmed 4/4; second-stage 16-agent review 2026-06-18 kept needs_review for channel cursor group 15/16; USB stock_0D3+0xEC counterexample judged unrelated; no row exceptions	needs_review	semantic_review_consensus_2026_06_18
stock_0F3_b0_phys	channel_enable_preset_row_channel1_addr_lo_phys	ram_var	i2c_tas3108	src/dlcp_fw/asm/dlcp_main_ram.inc:1504-1539 defines legacy channel-enable cursor physical alias; src/dlcp_fw/asm/dlcp_main_v34.asm:1528-1542 computes the live cursor through stock_014/04B/04C/013 scratch; semantic review consensus confirmed 4/4; second-stage 16-agent review 2026-06-18 kept needs_review for channel cursor group 15/16; USB stock_0D3+0xEC counterexample judged unrelated; no row exceptions	needs_review	semantic_review_consensus_2026_06_18
stock_0F4_b0	channel_enable_preset_row_channel1_addr_hi_b0	ram_var	i2c_tas3108	src/dlcp_fw/asm/dlcp_main_ram.inc:1504-1539 defines legacy channel-enable cursor RAM alias; src/dlcp_fw/asm/dlcp_main_v34.asm:1528-1542 computes the live cursor through stock_014/04B/04C/013 scratch; semantic review consensus confirmed 4/4; second-stage 16-agent review 2026-06-18 kept needs_review for channel cursor group 15/16; USB stock_0D3+0xEC counterexample judged unrelated; no row exceptions	needs_review	semantic_review_consensus_2026_06_18
stock_0F4_b0_op	channel_enable_preset_row_channel1_addr_hi_op	ram_var	i2c_tas3108	src/dlcp_fw/asm/dlcp_main_ram.inc:1504-1539 defines legacy channel-enable cursor operator alias; src/dlcp_fw/asm/dlcp_main_v34.asm:1528-1542 computes the live cursor through stock_014/04B/04C/013 scratch; semantic review consensus confirmed 4/4; second-stage 16-agent review 2026-06-18 kept needs_review for channel cursor group 15/16; USB stock_0D3+0xEC counterexample judged unrelated; no row exceptions	needs_review	semantic_review_consensus_2026_06_18
stock_0F4_b0_phys	channel_enable_preset_row_channel1_addr_hi_phys	ram_var	i2c_tas3108	src/dlcp_fw/asm/dlcp_main_ram.inc:1504-1539 defines legacy channel-enable cursor physical alias; src/dlcp_fw/asm/dlcp_main_v34.asm:1528-1542 computes the live cursor through stock_014/04B/04C/013 scratch; semantic review consensus confirmed 4/4; second-stage 16-agent review 2026-06-18 kept needs_review for channel cursor group 15/16; USB stock_0D3+0xEC counterexample judged unrelated; no row exceptions	needs_review	semantic_review_consensus_2026_06_18
stock_0F5_b0	channel_enable_preset_row_channel2_addr_lo_b0	ram_var	i2c_tas3108	src/dlcp_fw/asm/dlcp_main_ram.inc:1504-1539 defines legacy channel-enable cursor RAM alias; src/dlcp_fw/asm/dlcp_main_v34.asm:1528-1542 computes the live cursor through stock_014/04B/04C/013 scratch; semantic review consensus confirmed 4/4; second-stage 16-agent review 2026-06-18 kept needs_review for channel cursor group 15/16; USB stock_0D3+0xEC counterexample judged unrelated; no row exceptions	needs_review	semantic_review_consensus_2026_06_18
stock_0F5_b0_op	channel_enable_preset_row_channel2_addr_lo_op	ram_var	i2c_tas3108	src/dlcp_fw/asm/dlcp_main_ram.inc:1504-1539 defines legacy channel-enable cursor operator alias; src/dlcp_fw/asm/dlcp_main_v34.asm:1528-1542 computes the live cursor through stock_014/04B/04C/013 scratch; semantic review consensus confirmed 4/4; second-stage 16-agent review 2026-06-18 kept needs_review for channel cursor group 15/16; USB stock_0D3+0xEC counterexample judged unrelated; no row exceptions	needs_review	semantic_review_consensus_2026_06_18
stock_0F5_b0_phys	channel_enable_preset_row_channel2_addr_lo_phys	ram_var	i2c_tas3108	src/dlcp_fw/asm/dlcp_main_ram.inc:1504-1539 defines legacy channel-enable cursor physical alias; src/dlcp_fw/asm/dlcp_main_v34.asm:1528-1542 computes the live cursor through stock_014/04B/04C/013 scratch; semantic review consensus confirmed 4/4; second-stage 16-agent review 2026-06-18 kept needs_review for channel cursor group 15/16; USB stock_0D3+0xEC counterexample judged unrelated; no row exceptions	needs_review	semantic_review_consensus_2026_06_18
stock_0F6_b0	channel_enable_preset_row_channel2_addr_hi_b0	ram_var	i2c_tas3108	src/dlcp_fw/asm/dlcp_main_ram.inc:1504-1539 defines legacy channel-enable cursor RAM alias; src/dlcp_fw/asm/dlcp_main_v34.asm:1528-1542 computes the live cursor through stock_014/04B/04C/013 scratch; semantic review consensus confirmed 4/4; second-stage 16-agent review 2026-06-18 kept needs_review for channel cursor group 15/16; USB stock_0D3+0xEC counterexample judged unrelated; no row exceptions	needs_review	semantic_review_consensus_2026_06_18
stock_0F6_b0_op	channel_enable_preset_row_channel2_addr_hi_op	ram_var	i2c_tas3108	src/dlcp_fw/asm/dlcp_main_ram.inc:1504-1539 defines legacy channel-enable cursor operator alias; src/dlcp_fw/asm/dlcp_main_v34.asm:1528-1542 computes the live cursor through stock_014/04B/04C/013 scratch; semantic review consensus confirmed 4/4; second-stage 16-agent review 2026-06-18 kept needs_review for channel cursor group 15/16; USB stock_0D3+0xEC counterexample judged unrelated; no row exceptions	needs_review	semantic_review_consensus_2026_06_18
stock_0F6_b0_phys	channel_enable_preset_row_channel2_addr_hi_phys	ram_var	i2c_tas3108	src/dlcp_fw/asm/dlcp_main_ram.inc:1504-1539 defines legacy channel-enable cursor physical alias; src/dlcp_fw/asm/dlcp_main_v34.asm:1528-1542 computes the live cursor through stock_014/04B/04C/013 scratch; semantic review consensus confirmed 4/4; second-stage 16-agent review 2026-06-18 kept needs_review for channel cursor group 15/16; USB stock_0D3+0xEC counterexample judged unrelated; no row exceptions	needs_review	semantic_review_consensus_2026_06_18
stock_0F7_b0	channel_enable_preset_row_channel3_addr_lo_b0	ram_var	i2c_tas3108	src/dlcp_fw/asm/dlcp_main_ram.inc:1504-1539 defines legacy channel-enable cursor RAM alias; src/dlcp_fw/asm/dlcp_main_v34.asm:1528-1542 computes the live cursor through stock_014/04B/04C/013 scratch; semantic review consensus confirmed 4/4; second-stage 16-agent review 2026-06-18 kept needs_review for channel cursor group 15/16; USB stock_0D3+0xEC counterexample judged unrelated; no row exceptions	needs_review	semantic_review_consensus_2026_06_18
stock_0F7_b0_op	channel_enable_preset_row_channel3_addr_lo_op	ram_var	i2c_tas3108	src/dlcp_fw/asm/dlcp_main_ram.inc:1504-1539 defines legacy channel-enable cursor operator alias; src/dlcp_fw/asm/dlcp_main_v34.asm:1528-1542 computes the live cursor through stock_014/04B/04C/013 scratch; semantic review consensus confirmed 4/4; second-stage 16-agent review 2026-06-18 kept needs_review for channel cursor group 15/16; USB stock_0D3+0xEC counterexample judged unrelated; no row exceptions	needs_review	semantic_review_consensus_2026_06_18
stock_0F7_b0_phys	channel_enable_preset_row_channel3_addr_lo_phys	ram_var	i2c_tas3108	src/dlcp_fw/asm/dlcp_main_ram.inc:1504-1539 defines legacy channel-enable cursor physical alias; src/dlcp_fw/asm/dlcp_main_v34.asm:1528-1542 computes the live cursor through stock_014/04B/04C/013 scratch; semantic review consensus confirmed 4/4; second-stage 16-agent review 2026-06-18 kept needs_review for channel cursor group 15/16; USB stock_0D3+0xEC counterexample judged unrelated; no row exceptions	needs_review	semantic_review_consensus_2026_06_18
stock_0F8_b0	channel_enable_preset_row_channel3_addr_hi_b0	ram_var	i2c_tas3108	src/dlcp_fw/asm/dlcp_main_ram.inc:1504-1539 defines legacy channel-enable cursor RAM alias; src/dlcp_fw/asm/dlcp_main_v34.asm:1528-1542 computes the live cursor through stock_014/04B/04C/013 scratch; semantic review consensus confirmed 4/4; second-stage 16-agent review 2026-06-18 kept needs_review for channel cursor group 15/16; USB stock_0D3+0xEC counterexample judged unrelated; no row exceptions	needs_review	semantic_review_consensus_2026_06_18
stock_0F8_b0_op	channel_enable_preset_row_channel3_addr_hi_op	ram_var	i2c_tas3108	src/dlcp_fw/asm/dlcp_main_ram.inc:1504-1539 defines legacy channel-enable cursor operator alias; src/dlcp_fw/asm/dlcp_main_v34.asm:1528-1542 computes the live cursor through stock_014/04B/04C/013 scratch; semantic review consensus confirmed 4/4; second-stage 16-agent review 2026-06-18 kept needs_review for channel cursor group 15/16; USB stock_0D3+0xEC counterexample judged unrelated; no row exceptions	needs_review	semantic_review_consensus_2026_06_18
stock_0F8_b0_phys	channel_enable_preset_row_channel3_addr_hi_phys	ram_var	i2c_tas3108	src/dlcp_fw/asm/dlcp_main_ram.inc:1504-1539 defines legacy channel-enable cursor physical alias; src/dlcp_fw/asm/dlcp_main_v34.asm:1528-1542 computes the live cursor through stock_014/04B/04C/013 scratch; semantic review consensus confirmed 4/4; second-stage 16-agent review 2026-06-18 kept needs_review for channel cursor group 15/16; USB stock_0D3+0xEC counterexample judged unrelated; no row exceptions	needs_review	semantic_review_consensus_2026_06_18
stock_0F9_b0	channel_enable_preset_row_channel4_addr_lo_b0	ram_var	i2c_tas3108	src/dlcp_fw/asm/dlcp_main_ram.inc:1504-1539 defines legacy channel-enable cursor RAM alias; src/dlcp_fw/asm/dlcp_main_v34.asm:1528-1542 computes the live cursor through stock_014/04B/04C/013 scratch; semantic review consensus confirmed 4/4; second-stage 16-agent review 2026-06-18 kept needs_review for channel cursor group 15/16; USB stock_0D3+0xEC counterexample judged unrelated; no row exceptions	needs_review	semantic_review_consensus_2026_06_18
stock_0F9_b0_op	channel_enable_preset_row_channel4_addr_lo_op	ram_var	i2c_tas3108	src/dlcp_fw/asm/dlcp_main_ram.inc:1504-1539 defines legacy channel-enable cursor operator alias; src/dlcp_fw/asm/dlcp_main_v34.asm:1528-1542 computes the live cursor through stock_014/04B/04C/013 scratch; semantic review consensus confirmed 4/4; second-stage 16-agent review 2026-06-18 kept needs_review for channel cursor group 15/16; USB stock_0D3+0xEC counterexample judged unrelated; no row exceptions	needs_review	semantic_review_consensus_2026_06_18
stock_0F9_b0_phys	channel_enable_preset_row_channel4_addr_lo_phys	ram_var	i2c_tas3108	src/dlcp_fw/asm/dlcp_main_ram.inc:1504-1539 defines legacy channel-enable cursor physical alias; src/dlcp_fw/asm/dlcp_main_v34.asm:1528-1542 computes the live cursor through stock_014/04B/04C/013 scratch; semantic review consensus confirmed 4/4; second-stage 16-agent review 2026-06-18 kept needs_review for channel cursor group 15/16; USB stock_0D3+0xEC counterexample judged unrelated; no row exceptions	needs_review	semantic_review_consensus_2026_06_18
stock_0FA_b0	channel_enable_preset_row_channel4_addr_hi_b0	ram_var	i2c_tas3108	src/dlcp_fw/asm/dlcp_main_ram.inc:1504-1539 defines legacy channel-enable cursor RAM alias; src/dlcp_fw/asm/dlcp_main_v34.asm:1528-1542 computes the live cursor through stock_014/04B/04C/013 scratch; semantic review consensus confirmed 4/4; second-stage 16-agent review 2026-06-18 kept needs_review for channel cursor group 15/16; USB stock_0D3+0xEC counterexample judged unrelated; no row exceptions	needs_review	semantic_review_consensus_2026_06_18
stock_0FA_b0_op	channel_enable_preset_row_channel4_addr_hi_op	ram_var	i2c_tas3108	src/dlcp_fw/asm/dlcp_main_ram.inc:1504-1539 defines legacy channel-enable cursor operator alias; src/dlcp_fw/asm/dlcp_main_v34.asm:1528-1542 computes the live cursor through stock_014/04B/04C/013 scratch; semantic review consensus confirmed 4/4; second-stage 16-agent review 2026-06-18 kept needs_review for channel cursor group 15/16; USB stock_0D3+0xEC counterexample judged unrelated; no row exceptions	needs_review	semantic_review_consensus_2026_06_18
stock_0FA_b0_phys	channel_enable_preset_row_channel4_addr_hi_phys	ram_var	i2c_tas3108	src/dlcp_fw/asm/dlcp_main_ram.inc:1504-1539 defines legacy channel-enable cursor physical alias; src/dlcp_fw/asm/dlcp_main_v34.asm:1528-1542 computes the live cursor through stock_014/04B/04C/013 scratch; semantic review consensus confirmed 4/4; second-stage 16-agent review 2026-06-18 kept needs_review for channel cursor group 15/16; USB stock_0D3+0xEC counterexample judged unrelated; no row exceptions	needs_review	semantic_review_consensus_2026_06_18
stock_0FB_b0	channel_enable_preset_row_channel5_addr_lo_b0	ram_var	i2c_tas3108	src/dlcp_fw/asm/dlcp_main_ram.inc:1504-1539 defines legacy channel-enable cursor RAM alias; src/dlcp_fw/asm/dlcp_main_v34.asm:1528-1542 computes the live cursor through stock_014/04B/04C/013 scratch; semantic review consensus confirmed 4/4; second-stage 16-agent review 2026-06-18 kept needs_review for channel cursor group 15/16; USB stock_0D3+0xEC counterexample judged unrelated; no row exceptions	needs_review	semantic_review_consensus_2026_06_18
stock_0FB_b0_op	channel_enable_preset_row_channel5_addr_lo_op	ram_var	i2c_tas3108	src/dlcp_fw/asm/dlcp_main_ram.inc:1504-1539 defines legacy channel-enable cursor operator alias; src/dlcp_fw/asm/dlcp_main_v34.asm:1528-1542 computes the live cursor through stock_014/04B/04C/013 scratch; semantic review consensus confirmed 4/4; second-stage 16-agent review 2026-06-18 kept needs_review for channel cursor group 15/16; USB stock_0D3+0xEC counterexample judged unrelated; no row exceptions	needs_review	semantic_review_consensus_2026_06_18
stock_0FB_b0_phys	channel_enable_preset_row_channel5_addr_lo_phys	ram_var	i2c_tas3108	src/dlcp_fw/asm/dlcp_main_ram.inc:1504-1539 defines legacy channel-enable cursor physical alias; src/dlcp_fw/asm/dlcp_main_v34.asm:1528-1542 computes the live cursor through stock_014/04B/04C/013 scratch; semantic review consensus confirmed 4/4; second-stage 16-agent review 2026-06-18 kept needs_review for channel cursor group 15/16; USB stock_0D3+0xEC counterexample judged unrelated; no row exceptions	needs_review	semantic_review_consensus_2026_06_18
stock_0FC_b0	channel_enable_preset_row_channel5_addr_hi_b0	ram_var	i2c_tas3108	src/dlcp_fw/asm/dlcp_main_ram.inc:1504-1539 defines legacy channel-enable cursor RAM alias; src/dlcp_fw/asm/dlcp_main_v34.asm:1528-1542 computes the live cursor through stock_014/04B/04C/013 scratch; semantic review consensus confirmed 4/4; second-stage 16-agent review 2026-06-18 kept needs_review for channel cursor group 15/16; USB stock_0D3+0xEC counterexample judged unrelated; no row exceptions	needs_review	semantic_review_consensus_2026_06_18
stock_0FC_b0_op	channel_enable_preset_row_channel5_addr_hi_op	ram_var	i2c_tas3108	src/dlcp_fw/asm/dlcp_main_ram.inc:1504-1539 defines legacy channel-enable cursor operator alias; src/dlcp_fw/asm/dlcp_main_v34.asm:1528-1542 computes the live cursor through stock_014/04B/04C/013 scratch; semantic review consensus confirmed 4/4; second-stage 16-agent review 2026-06-18 kept needs_review for channel cursor group 15/16; USB stock_0D3+0xEC counterexample judged unrelated; no row exceptions	needs_review	semantic_review_consensus_2026_06_18
stock_0FC_b0_phys	channel_enable_preset_row_channel5_addr_hi_phys	ram_var	i2c_tas3108	src/dlcp_fw/asm/dlcp_main_ram.inc:1504-1539 defines legacy channel-enable cursor physical alias; src/dlcp_fw/asm/dlcp_main_v34.asm:1528-1542 computes the live cursor through stock_014/04B/04C/013 scratch; semantic review consensus confirmed 4/4; second-stage 16-agent review 2026-06-18 kept needs_review for channel cursor group 15/16; USB stock_0D3+0xEC counterexample judged unrelated; no row exceptions	needs_review	semantic_review_consensus_2026_06_18
stock_02D_acc	float32_sign_exponent_offset_scratch_acc	ram_var	dsp_coeff_math	src/dlcp_fw/asm/dlcp_main_v34.asm:2761-2863 uses stock_02D as the secondary/result exponent alignment counter in float32 add; lines 4300-4344 reuse it as the extracted float sign for int conversion; lines 6480-6494 reuse it to save the FSR2 offset during in-place float math	emitted	current_batch_float32_mixed_scratch_02d
stock_02D_acc_op	float32_sign_exponent_offset_scratch_op	ram_var	dsp_coeff_math	src/dlcp_fw/asm/dlcp_main_v34.asm:2761-2863 uses stock_02D as the secondary/result exponent alignment counter in float32 add; lines 4300-4344 reuse it as the extracted float sign for int conversion; lines 6480-6494 reuse it to save the FSR2 offset; operand alias for this mixed float32 scratch byte	emitted	current_batch_float32_mixed_scratch_02d
stock_02D_acc_phys	float32_sign_exponent_offset_scratch_phys	ram_var	dsp_coeff_math	src/dlcp_fw/asm/dlcp_main_v34.asm:2761-2863 uses stock_02D as the secondary/result exponent alignment counter in float32 add; lines 4300-4344 reuse it as the extracted float sign for int conversion; lines 6480-6494 reuse it to save the FSR2 offset; physical alias for this mixed float32 scratch byte	emitted	current_batch_float32_mixed_scratch_02d
stock_02D_b0	float32_sign_exponent_offset_scratch_b0	ram_var	dsp_coeff_math	src/dlcp_fw/asm/dlcp_main_v34.asm:2761-2863 uses stock_02D as the secondary/result exponent alignment counter in float32 add; lines 4300-4344 reuse it as the extracted float sign for int conversion; lines 6480-6494 reuse it to save the FSR2 offset; bank0 alias for this mixed float32 scratch byte	emitted	current_batch_float32_mixed_scratch_02d
stock_02D_b0_op	float32_sign_exponent_offset_scratch_b0_op	ram_var	dsp_coeff_math	src/dlcp_fw/asm/dlcp_main_v34.asm:2761-2863 uses stock_02D as the secondary/result exponent alignment counter in float32 add; lines 4300-4344 reuse it as the extracted float sign for int conversion; lines 6480-6494 reuse it to save the FSR2 offset; bank0 operand alias for this mixed float32 scratch byte	emitted	current_batch_float32_mixed_scratch_02d
stock_02D_b0_phys	float32_sign_exponent_offset_scratch_b0_phys	ram_var	dsp_coeff_math	src/dlcp_fw/asm/dlcp_main_v34.asm:2761-2863 uses stock_02D as the secondary/result exponent alignment counter in float32 add; lines 4300-4344 reuse it as the extracted float sign for int conversion; lines 6480-6494 reuse it to save the FSR2 offset; bank0 physical alias for this mixed float32 scratch byte	emitted	current_batch_float32_mixed_scratch_02d
stock_037_acc	float32_exponent_lo_or_target_offset_scratch_acc	ram_var	dsp_coeff_math	src/dlcp_fw/asm/dlcp_main_v34.asm:4683-4697 uses stock_037 with stock_038 as the low byte of the float32 truncation exponent/status compare; lines 6507-6517 reuse the same byte to save and restore the FSR2 target offset during in-place float32 helper output, so this is a conservative mixed float32 scratch alias	emitted	current_batch_float32_mixed_scratch_037
stock_037_acc_op	float32_exponent_lo_or_target_offset_scratch_op	ram_var	dsp_coeff_math	src/dlcp_fw/asm/dlcp_main_v34.asm:4683-4697 uses stock_037 with stock_038 as the low byte of the float32 truncation exponent/status compare; lines 6507-6517 reuse the same byte to save and restore the FSR2 target offset; operand alias for this conservative mixed float32 scratch byte	emitted	current_batch_float32_mixed_scratch_037
stock_037_acc_phys	float32_exponent_lo_or_target_offset_scratch_phys	ram_var	dsp_coeff_math	src/dlcp_fw/asm/dlcp_main_v34.asm:4683-4697 uses stock_037 with stock_038 as the low byte of the float32 truncation exponent/status compare; lines 6507-6517 reuse the same byte to save and restore the FSR2 target offset; physical alias for this conservative mixed float32 scratch byte	emitted	current_batch_float32_mixed_scratch_037
stock_037_b0	float32_exponent_lo_or_target_offset_scratch_b0	ram_var	dsp_coeff_math	src/dlcp_fw/asm/dlcp_main_v34.asm:4683-4697 uses stock_037 with stock_038 as the low byte of the float32 truncation exponent/status compare; lines 6507-6517 reuse the same byte to save and restore the FSR2 target offset; bank0 alias for this conservative mixed float32 scratch byte	emitted	current_batch_float32_mixed_scratch_037
stock_037_b0_op	float32_exponent_lo_or_target_offset_scratch_b0_op	ram_var	dsp_coeff_math	src/dlcp_fw/asm/dlcp_main_v34.asm:4683-4697 uses stock_037 with stock_038 as the low byte of the float32 truncation exponent/status compare; lines 6507-6517 reuse the same byte to save and restore the FSR2 target offset; bank0 operand alias for this conservative mixed float32 scratch byte	emitted	current_batch_float32_mixed_scratch_037
stock_037_b0_phys	float32_exponent_lo_or_target_offset_scratch_b0_phys	ram_var	dsp_coeff_math	src/dlcp_fw/asm/dlcp_main_v34.asm:4683-4697 uses stock_037 with stock_038 as the low byte of the float32 truncation exponent/status compare; lines 6507-6517 reuse the same byte to save and restore the FSR2 target offset; bank0 physical alias for this conservative mixed float32 scratch byte	emitted	current_batch_float32_mixed_scratch_037
stock_030_acc	preset_payload_index_or_float32_shadow_byte1_acc	ram_var	dsp_coeff_math	src/dlcp_fw/asm/dlcp_main_v34.asm:4688-4691 clears stock_02F..032 as the float32 transform/shadow result window; lines 5349 and 5424-5431 reuse stock_030 as the TAS3108 preset-table payload loop index, so this is a conservative mixed-role byte1/index alias	emitted	current_batch_preset_payload_float32_shadow_scratch
stock_030_acc_op	preset_payload_index_or_float32_shadow_byte1_op	ram_var	dsp_coeff_math	src/dlcp_fw/asm/dlcp_main_v34.asm:4688-4691 clears stock_02F..032 as the float32 transform/shadow result window; lines 5349 and 5424-5431 reuse stock_030 as the TAS3108 preset-table payload loop index; operand alias for mixed byte1/index storage	emitted	current_batch_preset_payload_float32_shadow_scratch
stock_030_acc_phys	preset_payload_index_or_float32_shadow_byte1_phys	ram_var	dsp_coeff_math	src/dlcp_fw/asm/dlcp_main_v34.asm:4688-4691 clears stock_02F..032 as the float32 transform/shadow result window; lines 5349 and 5424-5431 reuse stock_030 as the TAS3108 preset-table payload loop index; physical alias for mixed byte1/index storage	emitted	current_batch_preset_payload_float32_shadow_scratch
stock_030_b0	preset_payload_index_or_float32_shadow_byte1_b0	ram_var	dsp_coeff_math	src/dlcp_fw/asm/dlcp_main_v34.asm:4688-4691 clears stock_02F..032 as the float32 transform/shadow result window; lines 5349 and 5424-5431 reuse stock_030 as the TAS3108 preset-table payload loop index; bank0 alias for mixed byte1/index storage	emitted	current_batch_preset_payload_float32_shadow_scratch
stock_030_b0_op	preset_payload_index_or_float32_shadow_byte1_b0_op	ram_var	dsp_coeff_math	src/dlcp_fw/asm/dlcp_main_v34.asm:4688-4691 clears stock_02F..032 as the float32 transform/shadow result window; lines 5349 and 5424-5431 reuse stock_030 as the TAS3108 preset-table payload loop index; bank0 operand alias for mixed byte1/index storage	emitted	current_batch_preset_payload_float32_shadow_scratch
stock_030_b0_phys	preset_payload_index_or_float32_shadow_byte1_b0_phys	ram_var	dsp_coeff_math	src/dlcp_fw/asm/dlcp_main_v34.asm:4688-4691 clears stock_02F..032 as the float32 transform/shadow result window; lines 5349 and 5424-5431 reuse stock_030 as the TAS3108 preset-table payload loop index; bank0 physical alias for mixed byte1/index storage	emitted	current_batch_preset_payload_float32_shadow_scratch
stock_031_acc	preset_row_len_or_float32_shadow_byte2_acc	ram_var	dsp_coeff_math	src/dlcp_fw/asm/dlcp_main_v34.asm:4688-4691 clears stock_02F..032 as the float32 transform/shadow result window; lines 5308-5313 copy the preset-table row byte count into stock_031 and test for the sentinel, and lines 5400-5431 validate/compare the payload length	emitted	current_batch_preset_payload_float32_shadow_scratch
stock_031_acc_op	preset_row_len_or_float32_shadow_byte2_op	ram_var	dsp_coeff_math	src/dlcp_fw/asm/dlcp_main_v34.asm:4688-4691 clears stock_02F..032 as the float32 transform/shadow result window; lines 5308-5313 copy the preset-table row byte count into stock_031 and test for the sentinel, and lines 5400-5431 validate/compare the payload length; operand alias for mixed byte2/length storage	emitted	current_batch_preset_payload_float32_shadow_scratch
stock_031_acc_phys	preset_row_len_or_float32_shadow_byte2_phys	ram_var	dsp_coeff_math	src/dlcp_fw/asm/dlcp_main_v34.asm:4688-4691 clears stock_02F..032 as the float32 transform/shadow result window; lines 5308-5313 copy the preset-table row byte count into stock_031 and test for the sentinel, and lines 5400-5431 validate/compare the payload length; physical alias for mixed byte2/length storage	emitted	current_batch_preset_payload_float32_shadow_scratch
stock_031_b0	preset_row_len_or_float32_shadow_byte2_b0	ram_var	dsp_coeff_math	src/dlcp_fw/asm/dlcp_main_v34.asm:4688-4691 clears stock_02F..032 as the float32 transform/shadow result window; lines 5308-5313 copy the preset-table row byte count into stock_031 and test for the sentinel, and lines 5400-5431 validate/compare the payload length; bank0 alias for mixed byte2/length storage	emitted	current_batch_preset_payload_float32_shadow_scratch
stock_031_b0_op	preset_row_len_or_float32_shadow_byte2_b0_op	ram_var	dsp_coeff_math	src/dlcp_fw/asm/dlcp_main_v34.asm:4688-4691 clears stock_02F..032 as the float32 transform/shadow result window; lines 5308-5313 copy the preset-table row byte count into stock_031 and test for the sentinel, and lines 5400-5431 validate/compare the payload length; bank0 operand alias for mixed byte2/length storage	emitted	current_batch_preset_payload_float32_shadow_scratch
stock_033_acc_phys	fw_update_hex_line_nul_terminator_phys	ram_var	flash_update	src/dlcp_fw/asm/dlcp_main_v34.asm:1118-1125 writes two ASCII hex bytes at stock_02F..032, clears stock_033 as the NUL terminator, then transmits the block from 0x2F; physical alias for the access-form terminator byte	emitted	current_batch_stock033_tail_aliases
stock_033_b0	math_temp_result_buffer_b0	ram_var	dsp_coeff_math	src/dlcp_fw/asm/dlcp_main_v34.asm:4705-4706 copies the saved math temp result through stock_033..036 back into stock_02F..032, and lines 6516-6520 use stock_033_b0_phys as the base of the four-byte math result buffer; bank0 alias for that buffer base	emitted	current_batch_stock033_tail_aliases
stock_033_b0_op	math_temp_result_buffer_b0_op	ram_var	dsp_coeff_math	src/dlcp_fw/asm/dlcp_main_v34.asm:4705-4706 copies the saved math temp result through stock_033..036 back into stock_02F..032, and lines 6516-6520 use stock_033_b0_phys as the base of the four-byte math result buffer; bank0 operand alias for that buffer base	emitted	current_batch_stock033_tail_aliases
stock_02F_acc	float32_preset_fw_update_scratch_byte0_acc	ram_var	mixed	src/dlcp_fw/asm/dlcp_main_v34.asm:4679-4691 uses stock_02F..032 as a float32 transform/shadow result window; lines 5308-5347 reuse stock_02F as the TAS3108 preset row register byte; lines 1118-1125 reuse the same window as a firmware-update ASCII hex response buffer	emitted	current_batch_stock02f_mixed_scratch
stock_02F_acc_phys	float32_preset_fw_update_scratch_byte0_phys	ram_var	mixed	src/dlcp_fw/asm/dlcp_main_v34.asm:4679-4691 uses stock_02F..032 as a float32 transform/shadow result window; lines 5308-5347 reuse stock_02F as the TAS3108 preset row register byte; lines 1118-1125 reuse the same window as a firmware-update ASCII hex response buffer; physical alias for byte0	emitted	current_batch_stock02f_mixed_scratch
stock_02F_b0	float32_preset_fw_update_scratch_byte0_b0	ram_var	mixed	src/dlcp_fw/asm/dlcp_main_v34.asm:4679-4691 uses stock_02F..032 as a float32 transform/shadow result window; lines 5308-5347 reuse stock_02F as the TAS3108 preset row register byte; lines 1118-1125 reuse the same window as a firmware-update ASCII hex response buffer; bank0 alias for byte0	emitted	current_batch_stock02f_mixed_scratch
stock_02F_b0_op	float32_preset_fw_update_scratch_byte0_b0_op	ram_var	mixed	src/dlcp_fw/asm/dlcp_main_v34.asm:4679-4691 uses stock_02F..032 as a float32 transform/shadow result window; lines 5308-5347 reuse stock_02F as the TAS3108 preset row register byte; lines 1118-1125 reuse the same window as a firmware-update ASCII hex response buffer; bank0 operand alias for byte0	emitted	current_batch_stock02f_mixed_scratch
stock_02F_b0_phys	float32_preset_fw_update_scratch_byte0_b0_phys	ram_var	mixed	src/dlcp_fw/asm/dlcp_main_v34.asm:1118-1125 uses stock_02F_b0_phys as the base of a firmware-update ASCII hex response buffer; lines 5308-5347 reuse physical 0x02F as the TAS3108 preset row register byte; lines 4679-4691 use the same window as a float32 transform/shadow result	emitted	current_batch_stock02f_mixed_scratch
stock_01F_acc	float32_muldiv_product_sign_scratch_acc	ram_var	dsp_coeff_math	src/dlcp_fw/asm/dlcp_main_v34.asm:3449-3485 uses stock_01F as the low byte of the float32 multiply product mantissa shifted into the packer; lines 3645-3662 reuse stock_01F as the float32 divide extracted divisor top byte and sign scratch, so this is a conservative mul/div scratch alias	emitted	current_batch_float32_muldiv_scratch_01f
stock_01F_acc_phys	float32_muldiv_product_sign_scratch_phys	ram_var	dsp_coeff_math	src/dlcp_fw/asm/dlcp_main_v34.asm:3449-3485 uses stock_01F as the low byte of the float32 multiply product mantissa shifted into the packer; lines 3645-3662 reuse stock_01F as the float32 divide extracted divisor top byte and sign scratch; physical alias for this mul/div scratch byte	emitted	current_batch_float32_muldiv_scratch_01f
stock_01F_b0	float32_muldiv_product_sign_scratch_b0	ram_var	dsp_coeff_math	src/dlcp_fw/asm/dlcp_main_v34.asm:3449-3485 uses stock_01F as the low byte of the float32 multiply product mantissa shifted into the packer; lines 3645-3662 reuse stock_01F as the float32 divide extracted divisor top byte and sign scratch; bank0 alias for this mul/div scratch byte	emitted	current_batch_float32_muldiv_scratch_01f
stock_01F_b0_op	float32_muldiv_product_sign_scratch_b0_op	ram_var	dsp_coeff_math	src/dlcp_fw/asm/dlcp_main_v34.asm:3449-3485 uses stock_01F as the low byte of the float32 multiply product mantissa shifted into the packer; lines 3645-3662 reuse stock_01F as the float32 divide extracted divisor top byte and sign scratch; bank0 operand alias for this mul/div scratch byte	emitted	current_batch_float32_muldiv_scratch_01f
stock_01D_acc	float32_extract_or_divide_counter_acc	ram_var	dsp_coeff_math	src/dlcp_fw/asm/dlcp_main_v34.asm:3401-3413 rotates stock_01D..01A right for 24 passes so a float operand top byte lands in stock_01A; lines 3667-3699 reuse stock_01D as the 0x20-step float32 division bit counter, so this access alias is a conservative mixed float32 extraction/counter byte	emitted	current_batch_float32_extract_divide_counter_01d
stock_01D_acc_op	float32_extract_or_divide_counter_op	ram_var	dsp_coeff_math	src/dlcp_fw/asm/dlcp_main_v34.asm:3401-3413 rotates stock_01D..01A right for 24 passes so a float operand top byte lands in stock_01A; lines 3667-3699 reuse stock_01D as the 0x20-step float32 division bit counter; operand alias for this mixed float32 extraction/counter byte	emitted	current_batch_float32_extract_divide_counter_01d
stock_01D_acc_phys	float32_extract_or_divide_counter_phys	ram_var	dsp_coeff_math	src/dlcp_fw/asm/dlcp_main_v34.asm:3401-3413 rotates stock_01D..01A right for 24 passes so a float operand top byte lands in stock_01A; lines 3667-3699 reuse stock_01D as the 0x20-step float32 division bit counter; physical alias for this mixed float32 extraction/counter byte	emitted	current_batch_float32_extract_divide_counter_01d
stock_04B_acc	fw_update_offset_or_channel_enable_row_base_scratch	ram_var	mixed	src/dlcp_fw/asm/dlcp_main_v34.asm:1000-1006 and 1106-1145 use stock_04B_acc as a firmware-update response offset/cursor; lines 1530-1541 reuse it as the channel-enable route row base stepped by 0x28, so this access alias is mixed scratch	emitted	current_batch_mixed_scratch_04b
stock_01B_b0_phys	fw_update_hex_byte_or_uart_block_base_low_scratch_phys	ram_var	mixed	src/dlcp_fw/asm/dlcp_main_v34.asm:1002,1097-1121 stage firmware-update bytes into stock_01B_b0_phys for hex emission; lines 1193-1196 preserve/restore that byte while emitting nibbles; line 7434 reuses the physical byte as UART block base-low scratch	emitted	current_batch_mixed_scratch_01b
stock_01C_b0_phys	hex_byte_save_or_uart_status_block_buffer_phys	ram_var	mixed	src/dlcp_fw/asm/dlcp_main_v34.asm:1193-1196 uses stock_01C_b0_phys as a one-byte save/restore slot while emitting stock_01B as ASCII hex; line 7887 reuses it as the destination base for a 7-byte UART status block copied from stock_1F4	emitted	current_batch_mixed_phys_01c_018
stock_018_b0_phys	preset_header_tas_reg_or_uart_block_base_low_scratch_phys	ram_var	mixed	src/dlcp_fw/asm/dlcp_main_v34.asm:5308 and 5362 copy stock_018_b0_phys as the preset-table header TAS register byte into stock_02F for legacy and async apply paths; line 7434 reuses it as UART block base-low scratch	emitted	current_batch_mixed_phys_01c_018
stock_014_b0_phys	flash_addr_shadow_low_or_preset_table_addr_hi_phys	ram_var	mixed	src/dlcp_fw/asm/dlcp_main_v34.asm:4073-4075 stages stock_014_b0_phys as the low byte of the 24-bit flash address shadow copied toward TBLPTRL; lines 5368-5370 and 9497-9499 reuse it as the high byte of the preset-table flash address cursor	emitted	current_batch_mixed_phys_014
stock_015_b0_phys	float32_operand_or_flash_addr_shadow_mid_or_preset_job_index_phys	ram_var	mixed	src/dlcp_fw/asm/dlcp_main_v34.asm:3442 copies stock_015_b0_phys into the float32 multiply sign/operand work byte; lines 4073-4075 stage it as the middle byte of the flash address shadow; lines 5384-5394 reuse it as preset job index scratch	emitted	current_batch_mixed_phys_015_016
stock_016_b0_phys	flash_addr_shadow_upper_or_preset_job_index_or_init_copy_end_phys	ram_var	mixed	src/dlcp_fw/asm/dlcp_main_v34.asm:4073-4075 stages stock_016_b0_phys as the upper byte of the flash address shadow; lines 5406-5411 reuse it as preset job index arithmetic scratch; line 6237 uses it as the FSR1 end pointer for the inline init copy loop	emitted	current_batch_mixed_phys_015_016
stock_012_b0_phys	fw_update_byte_or_flash_addr_mid_or_float_operand_base_phys	ram_var	mixed	src/dlcp_fw/asm/dlcp_main_v34.asm:1047 stores a firmware-update response byte into stock_012_b0_phys; lines 4073-4100 and 4121-4123 use it as the middle flash/TBLPTR address byte; line 6483 uses it as the 4-byte float32 operand copy base	emitted	current_batch_mixed_phys_012_013
stock_013_b0_phys	eeprom_record_count_or_flash_addr_upper_or_preset_addr_low_phys	ram_var	mixed	src/dlcp_fw/asm/dlcp_main_v34.asm:3025-3046 uses stock_013_b0_phys as the EEPROM persist record count; lines 4073-4101 and 4121-4123 use it as upper flash/TBLPTR address byte; lines 5368-5370 and 9497-9499 reuse it as preset-table address low byte	emitted	current_batch_mixed_phys_012_013
stock_010_b0_phys	float32_sign_or_uart_digit_or_flash_read_tblptrh_save_phys	ram_var	mixed	src/dlcp_fw/asm/dlcp_main_v34.asm:3655-3662 copies stock_010_b0_phys into the float32 divide sign scratch; lines 4808-4826 writes its ASCII-adjusted ADC digit to INDF2; lines 6684-6714 save and restore TBLPTRH across flash_read	emitted	current_batch_mixed_phys_010
stock_00F_b0_phys	adc_loop_value_or_uart_rx_byte_or_flash_read_tblptrl_save_phys	ram_var	mixed	src/dlcp_fw/asm/dlcp_main_v34.asm:4778-4791 stages ADC loop bytes through stock_00F_b0_phys; lines 5717-5729 use it as the received UART byte stored into the caller buffer; lines 6684-6714 save and restore TBLPTRL across flash_read	emitted	current_batch_mixed_phys_00f_011
stock_011_b0_phys	flash_addr_low_or_float32_scale_or_flash_read_tblptru_save_phys	ram_var	mixed	src/dlcp_fw/asm/dlcp_main_v34.asm:4073-4109 uses stock_011_b0_phys as the low flash/TBLPTR address byte; lines 6354-6361 copy its float32 scale/constant byte into stock_008; lines 6684-6714 save and restore TBLPTRU across flash_read	emitted	current_batch_mixed_phys_00f_011
stock_008_b0_phys	computed_volume_or_i2c_payload_or_float32_scale_or_adc_eeprom_hi_phys	ram_var	mixed	src/dlcp_fw/asm/dlcp_main_v34.asm:1998-2008 copies stock_008_b0_phys into computed_volume_1; lines 5971-5976 use it as a secondary-I2C payload byte; line 6361 uses it as float32 scale scratch; lines 6838-6839 and 7974-7978 reuse it as ADC result/EEPROM address high byte	emitted	current_batch_mixed_phys_008_009
stock_009_b0_phys	eeprom_or_filename_data_or_flash_buffer_ptr_low_or_signature_low_phys	ram_var	mixed	src/dlcp_fw/asm/dlcp_main_v34.asm:3036-3043 stores a RAM source byte for EEPROM persist; lines 4095-4105 and 6697-6703 use it as flash write/read buffer pointer low; lines 6075-6085 store the signature/check word low byte; lines 9595-9604 reuse it for preset filename EEPROM data	emitted	current_batch_mixed_phys_008_009
stock_01C_acc	fw_update_checksum_or_float32_quotient_top_scratch	ram_var	mixed	src/dlcp_fw/asm/dlcp_main_v34.asm:986-995 uses stock_01C_acc as the high checksum byte while forming firmware-update Intel HEX output; lines 3401-3412 rotate it in the float32 extract window; lines 3667-3702 rotate it as the top byte of the float32 divide quotient window	emitted	current_batch_mixed_acc_01c
stock_007_acc_op	eeprom_addr_or_float32_pack_tail_operand_op	ram_equ	mixed	src/dlcp_fw/asm/dlcp_main_v34.asm:2900 and 3485 use stock_007_acc_op as the one-byte float32 packer tail operand following the mantissa/exponent dword; line 7981 reuses stock_007_acc_op as the three-byte EEPROM write staging source operand	emitted	current_batch_mixed_operand_007
stock_012_acc_op	float32_i2c_coeff_or_volume_work_operand_op	ram_equ	mixed	src/dlcp_fw/asm/dlcp_main_v34.asm:1448-1459 uses stock_012_acc_op in computed-volume coefficient work copies; lines 3417 and 3488 use it as a float32 operand/result dword; lines 5567-5570 and 6489 use it in TAS coefficient float32 work; line 6921 copies the signed formatter dword from stock_012	emitted	current_batch_mixed_operand_012
stock_00C_acc	uart_channel_index_or_flash_addr_low_or_float32_rx_scratch	ram_var	mixed	src/dlcp_fw/asm/dlcp_main_v34.asm:2040-2099 uses stock_00C_acc as the UART channel-config command index; lines 4139-4148 and 6301-6318 use it as the low byte of flash write/erase address arithmetic; line 4412 clears it as float32 packer tail scratch; lines 5739-5749 use it as the UART CRLF completion flag	emitted	current_batch_mixed_acc_00c
stock_00E_b0_phys	flash_addr_high_or_adc_loop_or_bsr_save_scratch_phys	ram_var	mixed	src/dlcp_fw/asm/dlcp_main_v34.asm:4121 and 6289 use stock_00E_b0_phys as a flash/TBLPTRU address high byte; lines 4778-4788 use it as ADC loop staging scratch; lines 6438-6445 and 8241-8254 use it to save and restore caller BSR	emitted	current_batch_mixed_phys_00e
stock_01A_acc	float32_extract_or_quotient_or_preset_uart_index	ram_var	mixed	src/dlcp_fw/asm/dlcp_main_v34.asm:3404-3428 uses stock_01A_acc as the low/top byte after float32 operand extraction; lines 3668-3674 rotate it in the float32 divide quotient window; line 5382 checks it as preset header byte 3; lines 7903-7924 use it as the UART block transmit index	emitted	current_batch_mixed_acc_01a
stock_01B_acc	fw_update_hex_or_float32_quotient_or_uart_block_scratch	ram_var	mixed	src/dlcp_fw/asm/dlcp_main_v34.asm:986-995 uses stock_01B_acc as firmware-update checksum/hex math scratch; lines 1192-1203 emit its high/low nibbles as ASCII hex; lines 3404-3409 and 3668-3674 rotate it in float32 extract/divide quotient windows; line 7424 uses it as UART block selector scratch	emitted	current_batch_mixed_acc_01b
stock_007_b0_phys	computed_volume_or_flash_count_eeprom_addr_adc_usb_ptr_scratch_phys	ram_var	mixed	src/dlcp_fw/asm/dlcp_main_v34.asm:1996-2008 copies stock_007_b0_phys into computed_volume low; lines 2964-2972, 3032-3043, 5330-5340, 7974-7981, and 9870-9878 use it for EEPROM/flash address or count staging; lines 4218-4222 use it as a saved USB FSR2 pointer byte; lines 6838-6839 copy ADC result low into stock_003	emitted	current_batch_mixed_phys_007
stock_006_b0_phys	status_fanout_or_usb_ptr_or_i2c_uart_scratch_phys	ram_var	mixed	src/dlcp_fw/asm/dlcp_main_v34.asm:2624-2632 uses stock_006_b0_phys as status fanout source; lines 3167-3172, 4641-4648, and 5968-5976 use it as secondary-I2C payload/table scratch; lines 4197-4222 use it as USTAT/saved USB FSR2 pointer low byte; lines 5708-5713 and 7194-7204 reuse it as UART/timer or hex scratch	emitted	current_batch_mixed_phys_006
stock_00D_acc_op	float32_coeff_or_volume_work_operand_op	ram_equ	mixed	src/dlcp_fw/asm/dlcp_main_v34.asm:1448 copies computed-volume work into stock_012; line 2503 copies stock_00D into i2c_coeff_0; lines 3372-3375 and 3633 use it in float32 coefficient math; lines 4428 and 6358 save float32 helper results from stock_003; lines 4703-4706 use it as coefficient transform work copied through stock_033 and stock_02F	emitted	current_batch_mixed_operand_00d
stock_018_acc	float32_product_or_uart_base_scratch_byte	ram_var	mixed	src/dlcp_fw/asm/dlcp_main_v34.asm:1029-1040 and 7923-7928 use stock_018_acc as UART block/base low byte; lines 1449-1457 and 5560-5568 seed it as a coefficient float literal/work byte; lines 3448-3505 use it in float32 multiply product accumulation; lines 3620-3625 rotate it in the float32 divide extraction window	emitted	current_batch_mixed_acc_018
stock_019_acc	float32_product_or_uart_base_high_scratch_byte	ram_var	mixed	src/dlcp_fw/asm/dlcp_main_v34.asm:1029-1040 and 7903-7928 use stock_019_acc as UART block/base high byte; lines 1450-1457 and 5560-5568 seed it as a coefficient float literal/work byte; lines 3440-3505 use it in float32 multiply sign/product accumulation; lines 3666-3702 rotate/set it in the float32 divide quotient window	emitted	current_batch_mixed_acc_019
stock_003_acc	addr_low_counter_or_payload_scratch_byte	ram_var	mixed	src/dlcp_fw/asm/dlcp_main_v34.asm:2324-2326 uses stock_003_acc as EEPROM address low byte; lines 3139-3152 use it as route-table column/index; lines 6808-6868 use it in ADC divide/hysteresis math; lines 7381-7412 use it as Timer3 delay low counter; lines 8428-8433 use it as UART TX payload byte; lines 9286-9892 reuse it as filename/EEPROM read index	emitted	current_batch_mixed_acc_003
stock_004_acc	addr_high_table_row_or_checksum_scratch_byte	ram_var	mixed	src/dlcp_fw/asm/dlcp_main_v34.asm:2324-2326 uses stock_004_acc as EEPROM address high byte; lines 3148-3152 use it as route-table row*8; lines 6540-6586 use it for Intel-HEX checksum/nibble accumulation; lines 7381-7412 use it as Timer3 delay high counter; lines 7803-7826 use it in RX-ring byte/index handling; line 9885 clears it as EEPROM memread high byte	emitted	current_batch_mixed_acc_004
stock_005_acc	length_mask_or_divisor_low_scratch_byte	ram_var	mixed	src/dlcp_fw/asm/dlcp_main_v34.asm:2364-2370 uses stock_005_acc as RAM-clear length; lines 1726-1793 use it for UART/wake bit-mask construction; lines 1998-2005 use it in volume/computed-volume staging; lines 6542-6557 compare it in Intel-HEX checksum bounds; lines 6808-6850 use it as ADC divisor low byte; line 9872 clears it for flash memread address staging	emitted	current_batch_mixed_acc_005
stock_006_acc	status_addr_high_or_i2c_payload_scratch_byte	ram_var	mixed	src/dlcp_fw/asm/dlcp_main_v34.asm:1345-1367 stages command-dispatch I2C pair payloads in stock_006_acc; line 2712 rotates it in status fanout; lines 5334-5375 use it in preset-table address staging; lines 6634-6643 build a USB endpoint completion mask; lines 6808-6850 use it as ADC divisor high byte; lines 6992-7176 use it for secondary-I2C/TAS payload bytes; lines 7246-7254 use it as EEPROM write status scratch	emitted	current_batch_mixed_acc_006
stock_007_acc	count_flash_page_or_i2c_payload_scratch_byte	ram_var	mixed	src/dlcp_fw/asm/dlcp_main_v34.asm:1998-2005 uses stock_007_acc in computed-volume staging; lines 3543-3594 use it as flash page/address scratch; lines 4110-4152 use it as flash loop count; lines 6608-6623 use it as USB endpoint loop index; lines 6808-6830 use it as ADC quotient bit accumulator; lines 6992-7013 use it for secondary-I2C device payloads; lines 9597-9605 use it as filename persist index	emitted	current_batch_mixed_acc_007
stock_008_acc	flash_end_high_or_loop_mask_scratch_byte	ram_var	mixed	src/dlcp_fw/asm/dlcp_main_v34.asm:654-656 clears stock_008_acc for firmware-update handoff; lines 1998-2006 use it as computed-volume carry byte; lines 3287-3293 build mute-status mask state; lines 3541-3599 and 4104-4152 use it as flash end/count high byte; lines 4643-4650 use it as secondary-I2C row count; lines 5721-5727 use it as UART RX destination high byte; lines 6808-6827 use it as ADC quotient accumulator; lines 9597-9598 clear it for filename persist address staging	emitted	current_batch_mixed_acc_008
stock_009_acc	flash_src_low_or_rx_length_scratch_byte	ram_var	mixed	src/dlcp_fw/asm/dlcp_main_v34.asm:679-685 and 1008-1016 use stock_009_acc as firmware-update UART receive length; lines 2296-2310 stage EEPROM/runtime write address data; lines 3546-3599 and 4104-4105 use it as flash source/address low byte; lines 5708-5755 compare it as UART RX target length; lines 5971-5983 use it as standby shutdown loop counter; lines 6677-6703 use it as flash-read source low byte; lines 6814-6835 use it as ADC loop counter; lines 9160-9164 stage identity reply bytes	emitted	current_batch_mixed_acc_009
stock_00A_acc	eeprom_mask_or_flash_src_high_scratch_byte	ram_var	mixed	src/dlcp_fw/asm/dlcp_main_v34.asm:1633-1733 uses stock_00A_acc for FSR2 page offset and UART countdown state; lines 2271-2303 walk EEPROM read addresses; lines 3026-3051 hold EEPROM persist bit masks; lines 3541-3599 and 6268-6318 use it as flash page/source high byte; lines 6677-6703 use it as flash-read source high byte; lines 9160-9164 stage identity reply bytes; lines 9601-9624 use it as filename persist/load length counter	emitted	current_batch_mixed_acc_00a
stock_00D_acc	i2c_flag_or_flash_math_uart_cmd_scratch_byte	ram_var	mixed	src/dlcp_fw/asm/dlcp_main_v34.asm:1363-1366 and 5287-5443 use stock_00D_acc for I2C pair/status and preset-table timeout flag bit0; lines 3649-3695 use it in float32 divide quotient math; lines 4104-4152 and 6268-6352 use it as flash address/math high byte; lines 5708-5740 use it as UART framing-start flag; lines 5894-5896 and 8906-8910 use it to preserve outbound status bytes across UART TX; lines 8928-8950 use it as I2C timeout PEN flag; lines 9336-9386 use it as filename reply command byte	emitted	current_batch_mixed_acc_00d
stock_00E_acc	flash_upper_or_uart_count_scratch_byte	ram_var	mixed	src/dlcp_fw/asm/dlcp_main_v34.asm:1439 stages computed-volume byte1 in stock_00E_acc; lines 3650-3696 use it in the float32 divide quotient window; lines 4104-4147 and 6309-6352 use it as flash/TBLPTR upper or signed math byte; lines 5707-5762 use it as UART RX payload count; lines 9344-9388 use it as filename reply payload byte	emitted	current_batch_mixed_acc_00e
stock_00F_acc	flash_block_or_uart_byte_scratch_byte	ram_var	mixed	src/dlcp_fw/asm/dlcp_main_v34.asm:1442 stages computed-volume byte2 in stock_00F_acc; lines 3651-3697 use it in the float32 divide quotient window; lines 4070-4142 use it as flash block byte countdown/reload; lines 5709-5745 use it as current UART RX byte; lines 6310-6352 use it in flash erase/signed math carry propagation	emitted	current_batch_mixed_acc_00f
stock_010_acc	flash_gie_or_float_sign_scratch_byte	ram_var	mixed	src/dlcp_fw/asm/dlcp_main_v34.asm:1445 stages computed-volume byte3 in stock_010_acc; lines 3652-3698 use it as the high byte in the float32 divide quotient window; lines 4051-4139 use it as flash-write INTCON.GIE restore flag; lines 4810-4822 use it as ADC-derived ASCII/result scratch; lines 6332-6353 use it as signed math high/sign byte	emitted	current_batch_mixed_acc_010
stock_011_acc	float_loop_or_tblptr_low_scratch_byte	ram_var	mixed	src/dlcp_fw/asm/dlcp_main_v34.asm:3365-3391 uses stock_011_acc as float/apply loop counter; lines 3675-3684 use it as float32 divide divisor byte; lines 4106-4108 increment it as flash TBLPTRL; lines 4779-4831 use it as ADC/output buffer index; lines 6331-6355 use it in signed math result staging; line 7771 stages W for main_core_service_45ce	emitted	current_batch_mixed_acc_011
stock_012_acc	float_divisor_or_preset_flag_scratch_byte	ram_var	mixed	src/dlcp_fw/asm/dlcp_main_v34.asm:3366-3519 uses stock_012_acc in float32 product/divisor shifts; lines 3677-3686 use it as float32 divide divisor byte; line 4108 carries into flash TBLPTRH; lines 5303-5358 use bit0 as preset-table async/no-remap flag; lines 6907-6915 use it in signed compare/magnitude handling; line 9523 clears bit0 before preset-job carry test	emitted	current_batch_mixed_acc_012
stock_013_acc	route_bit_or_tblptr_upper_scratch_byte	ram_var	mixed	src/dlcp_fw/asm/dlcp_main_v34.asm:1538 stages route-bit command bytes in stock_013_acc; line 3045 uses it as EEPROM persist record loop counter; lines 3368-3518 use it in float32 product/divisor shifts; line 4109 carries into flash TBLPTRU; line 5329 contributes preset-table payload address low byte; lines 6904-6918 use it as signed high byte with carry correction	emitted	current_batch_mixed_acc_013
stock_014_acc	route_base_or_flash_addr_low_scratch_byte	ram_var	mixed	src/dlcp_fw/asm/dlcp_main_v34.asm:1048-1051 uses stock_014_acc for firmware-update relay staging; line 1529 seeds route dispatch base 0x5F; lines 3370-3517 use it as float32 high/product byte; lines 3659-3690 use it as float32 divide divisor high byte; lines 4068 and 4144 use it as saved flash address low byte; line 5332 contributes preset-table payload address high byte	emitted	current_batch_mixed_acc_014
stock_003_b0_phys	addr_low_counter_or_payload_scratch_phys	ram_var	mixed	src/dlcp_fw/asm/dlcp_main_v34.asm:3533 and 5369 use stock_003_b0_phys as flash/EEPROM address low physical byte; lines 4786-4814 copy ADC helper results through it; line 5711 stages UART framing base address low byte; lines 7241 and 8400 copy it into EEADR; line 8432 transmits it via TXREG; line 8492 saves SSPCON2 into it; line 9870 uses it for HID diag memread flash address staging	emitted	current_batch_mixed_phys_003
stock_004_b0_phys	addr_high_table_row_or_checksum_scratch_phys	ram_var	mixed	src/dlcp_fw/asm/dlcp_main_v34.asm:3534 and 5370 use stock_004_b0_phys as flash/EEPROM address high physical byte; lines 4786-4814 copy ADC helper high-byte results through it; line 5712 stages UART framing base address high byte; line 6378 saves SSPCON1 into it; line 6688 loads TBLPTRH from it; line 6839 copies ADC divide high byte into it; lines 7975-7976 and 9870-9871 use it for flash/memread address staging	emitted	current_batch_mixed_phys_004
stock_003_acc_op	addr_low_counter_or_payload_scratch_operand	ram_equ	mixed	src/dlcp_fw/asm/dlcp_main_v34.asm:2900-2903 uses stock_003_acc_op in chain_copy descriptors for math result/work windows; lines 3485-3488 and 3702 use it for float32 product/divide result copies; line 4053 uses it to copy flash address bytes to saved flash address storage; lines 4784 and 4803 use it in ADC staging descriptors; lines 6286 and 6358 use it in flash erase/signed math descriptors; line 7981 copies flash-service address bytes through it	emitted	current_batch_mixed_operand_003
stock_00A_b0_phys	eeprom_mask_or_flash_src_high_scratch_phys	ram_var	mixed	src/dlcp_fw/asm/dlcp_main_v34.asm:1724-1770 uses stock_00A_b0_phys as UART command/data physical byte; line 2967 copies it into flash/EEPROM staging; line 4097 loads FSR2H from it for flash writes; lines 4780 and 4813 pass ADC parameter/result high bytes through it; lines 5718 and 6085 use it for UART/flash byte staging; line 6700 uses it as flash-read source high byte	emitted	current_batch_mixed_phys_00a
stock_00B_acc	eeprom_gate_flash_gie_or_uart_timeout_scratch_byte	ram_var	mixed	src/dlcp_fw/asm/dlcp_main_v34.asm:3026-3051 uses stock_00B_acc as EEPROM persist dirty-bit work gate; lines 4055-4058 use it as flash-write alignment loop counter; line 4411 clears it in the float32 normalization path; lines 4820-4831 test it as ADC loop high-byte termination with stock_00A_acc; lines 5706-5762 use it as UART-framing wait/exit gate; lines 6284-6303 use it as flash-erase INTCON.GIE restore flag	emitted	current_batch_mixed_acc_00b
stock_015_acc	float_shift_flash_addr_or_preset_index_scratch_byte	ram_var	mixed	src/dlcp_fw/asm/dlcp_main_v34.asm:1049 clears stock_015_acc in firmware-update relay staging; lines 3433-3519 use it as float32 result/product shift byte; lines 3616-3644 rotate/copy it in the float32 divide setup; line 4146 saves flash address high byte for the next flash-write block; lines 5386-5407 use it as preset_job_index scratch for async header validation	emitted	current_batch_mixed_acc_015
stock_016_acc	float_product_flash_addr_or_preset_index_scratch_byte	ram_var	mixed	src/dlcp_fw/asm/dlcp_main_v34.asm:1450-1452 seeds stock_016_acc as coefficient float literal byte; lines 3459-3474 and 3623-3625 rotate it in float32 multiply/divide work; line 4148 saves flash address upper byte for the next flash-write block; lines 5407-5411 use it as preset_job_index adjusted scratch for async header validation; lines 5561-5562 clear it for coefficient float staging; lines 6902-6928 use it as signed-format return byte	emitted	current_batch_mixed_acc_016
stock_017_acc	float_product_or_output_index_scratch_byte	ram_var	mixed	src/dlcp_fw/asm/dlcp_main_v34.asm:1450-1452 seeds stock_017_acc as coefficient float literal byte; lines 3463-3500 and 3623-3625 rotate/add it in float32 product/divide work; line 4149 clears it as the saved flash address top byte; line 5379 checks it as preset async header byte0; lines 5561-5562 clear it for coefficient float staging; lines 6902-6928 use it as signed output buffer index and return staging	emitted	current_batch_mixed_acc_017
stock_04C_acc	diff_count_update_compare_or_route_mask_scratch_byte	ram_var	mixed	src/dlcp_fw/asm/dlcp_main_v34.asm:552-572 uses stock_04C_acc as active-flag difference scratch; lines 680-708 use it as firmware-update receive and compare byte; lines 836-854 use it as ram_pair_diff_z loop count; lines 1528-1538 rotate it as route-bit mask source; lines 9932-9944 use it as copy_postinc0_to_postinc2 byte count	emitted	current_batch_mixed_acc_04c
stock_003_acc_phys	addr_low_counter_or_payload_scratch_access_phys	ram_var	mixed	include-only alias at src/dlcp_fw/asm/dlcp_main_ram.inc for phys 0x003; same RAM cell as stock_003_acc and stock_003_b0_phys, whose direct ASM evidence records EEPROM/flash address low, counters, payload staging, UART TX, SSPCON2 save, and memread address use	emitted	current_batch_alias_003_007
stock_003_b0	addr_low_counter_or_payload_scratch_bank0	ram_var	mixed	include-only BANKED alias at src/dlcp_fw/asm/dlcp_main_ram.inc for phys 0x003; same RAM cell as stock_003_acc and stock_003_b0_phys, whose direct ASM evidence records EEPROM/flash address low, counters, payload staging, UART TX, SSPCON2 save, and memread address use	emitted	current_batch_alias_003_007
stock_003_b0_op	addr_low_counter_or_payload_scratch_bank0_operand	ram_equ	mixed	include-only operand alias at src/dlcp_fw/asm/dlcp_main_ram.inc for phys 0x003; same RAM cell as stock_003_acc_op and stock_003_b0_phys, whose direct ASM evidence records chain_copy operand, EEPROM/flash address low, counters, payload staging, UART TX, SSPCON2 save, and memread address use	emitted	current_batch_alias_003_007
stock_004_acc_op	addr_high_table_row_or_checksum_scratch_access_operand	ram_equ	mixed	include-only operand alias at src/dlcp_fw/asm/dlcp_main_ram.inc for phys 0x004; same RAM cell as stock_004_acc and stock_004_b0_phys, whose direct ASM evidence records address high, route-table row, checksum scratch, ADC high byte, TBLPTRH, and memread address use	emitted	current_batch_alias_003_007
stock_004_acc_phys	addr_high_table_row_or_checksum_scratch_access_phys	ram_var	mixed	include-only alias at src/dlcp_fw/asm/dlcp_main_ram.inc for phys 0x004; same RAM cell as stock_004_acc and stock_004_b0_phys, whose direct ASM evidence records address high, route-table row, checksum scratch, ADC high byte, TBLPTRH, and memread address use	emitted	current_batch_alias_003_007
stock_004_b0	addr_high_table_row_or_checksum_scratch_bank0	ram_var	mixed	include-only BANKED alias at src/dlcp_fw/asm/dlcp_main_ram.inc for phys 0x004; same RAM cell as stock_004_acc and stock_004_b0_phys, whose direct ASM evidence records address high, route-table row, checksum scratch, ADC high byte, TBLPTRH, and memread address use	emitted	current_batch_alias_003_007
stock_004_b0_op	addr_high_table_row_or_checksum_scratch_bank0_operand	ram_equ	mixed	include-only operand alias at src/dlcp_fw/asm/dlcp_main_ram.inc for phys 0x004; same RAM cell as stock_004_acc and stock_004_b0_phys, whose direct ASM evidence records address high, route-table row, checksum scratch, ADC high byte, TBLPTRH, and memread address use	emitted	current_batch_alias_003_007
stock_005_acc_op	length_mask_or_divisor_low_scratch_access_operand	ram_equ	mixed	include-only operand alias at src/dlcp_fw/asm/dlcp_main_ram.inc for phys 0x005; same RAM cell as stock_005_acc, whose direct ASM evidence records RAM-clear length, UART/wake masks, volume staging, checksum bounds, ADC divisor low byte, and flash memread staging	emitted	current_batch_alias_003_007
stock_005_acc_phys	length_mask_or_divisor_low_scratch_access_phys	ram_var	mixed	include-only alias at src/dlcp_fw/asm/dlcp_main_ram.inc for phys 0x005; same RAM cell as stock_005_acc, whose direct ASM evidence records RAM-clear length, UART/wake masks, volume staging, checksum bounds, ADC divisor low byte, and flash memread staging	emitted	current_batch_alias_003_007
stock_005_b0	length_mask_or_divisor_low_scratch_bank0	ram_var	mixed	include-only BANKED alias at src/dlcp_fw/asm/dlcp_main_ram.inc for phys 0x005; same RAM cell as stock_005_acc, whose direct ASM evidence records RAM-clear length, UART/wake masks, volume staging, checksum bounds, ADC divisor low byte, and flash memread staging	emitted	current_batch_alias_003_007
stock_005_b0_op	length_mask_or_divisor_low_scratch_bank0_operand	ram_equ	mixed	include-only operand alias at src/dlcp_fw/asm/dlcp_main_ram.inc for phys 0x005; same RAM cell as stock_005_acc, whose direct ASM evidence records RAM-clear length, UART/wake masks, volume staging, checksum bounds, ADC divisor low byte, and flash memread staging	emitted	current_batch_alias_003_007
stock_005_b0_phys	length_mask_or_divisor_low_scratch_bank0_phys	ram_var	mixed	include-only physical alias at src/dlcp_fw/asm/dlcp_main_ram.inc for phys 0x005; same RAM cell as stock_005_acc, whose direct ASM evidence records RAM-clear length, UART/wake masks, volume staging, checksum bounds, ADC divisor low byte, and flash memread staging	emitted	current_batch_alias_003_007
stock_006_acc_op	status_addr_high_or_i2c_payload_scratch_access_operand	ram_equ	mixed	include-only operand alias at src/dlcp_fw/asm/dlcp_main_ram.inc for phys 0x006; same RAM cell as stock_006_acc and stock_006_b0_phys, whose direct ASM evidence records command I2C payloads, status fanout, preset address staging, USB masks, ADC divisor high byte, TAS payloads, and EEPROM-write scratch	emitted	current_batch_alias_003_007
stock_006_acc_phys	status_addr_high_or_i2c_payload_scratch_access_phys	ram_var	mixed	include-only alias at src/dlcp_fw/asm/dlcp_main_ram.inc for phys 0x006; same RAM cell as stock_006_acc and stock_006_b0_phys, whose direct ASM evidence records command I2C payloads, status fanout, preset address staging, USB masks, ADC divisor high byte, TAS payloads, and EEPROM-write scratch	emitted	current_batch_alias_003_007
stock_006_b0	status_addr_high_or_i2c_payload_scratch_bank0	ram_var	mixed	include-only BANKED alias at src/dlcp_fw/asm/dlcp_main_ram.inc for phys 0x006; same RAM cell as stock_006_acc and stock_006_b0_phys, whose direct ASM evidence records command I2C payloads, status fanout, preset address staging, USB masks, ADC divisor high byte, TAS payloads, and EEPROM-write scratch	emitted	current_batch_alias_003_007
stock_006_b0_op	status_addr_high_or_i2c_payload_scratch_bank0_operand	ram_equ	mixed	include-only operand alias at src/dlcp_fw/asm/dlcp_main_ram.inc for phys 0x006; same RAM cell as stock_006_acc and stock_006_b0_phys, whose direct ASM evidence records command I2C payloads, status fanout, preset address staging, USB masks, ADC divisor high byte, TAS payloads, and EEPROM-write scratch	emitted	current_batch_alias_003_007
stock_007_acc_phys	count_flash_page_or_i2c_payload_scratch_access_phys	ram_var	mixed	include-only alias at src/dlcp_fw/asm/dlcp_main_ram.inc for phys 0x007; same RAM cell as stock_007_acc and stock_007_b0_phys, whose direct ASM evidence records computed-volume staging, flash page/count, USB loop index, ADC quotient, secondary-I2C payload, and filename persist index use	emitted	current_batch_alias_003_007
stock_007_b0	count_flash_page_or_i2c_payload_scratch_bank0	ram_var	mixed	include-only BANKED alias at src/dlcp_fw/asm/dlcp_main_ram.inc for phys 0x007; same RAM cell as stock_007_acc and stock_007_b0_phys, whose direct ASM evidence records computed-volume staging, flash page/count, USB loop index, ADC quotient, secondary-I2C payload, and filename persist index use	emitted	current_batch_alias_003_007
stock_007_b0_op	count_flash_page_or_i2c_payload_scratch_bank0_operand	ram_equ	mixed	include-only operand alias at src/dlcp_fw/asm/dlcp_main_ram.inc for phys 0x007; same RAM cell as stock_007_acc and stock_007_b0_phys, whose direct ASM evidence records computed-volume staging, flash page/count, USB loop index, ADC quotient, secondary-I2C payload, and filename persist index use	emitted	current_batch_alias_003_007
stock_008_acc_phys	flash_end_high_or_loop_mask_scratch_access_phys	ram_var	mixed	include-only alias at src/dlcp_fw/asm/dlcp_main_ram.inc for phys 0x008; same RAM cell as stock_008_acc, whose direct ASM evidence records computed-volume carry, mute-status mask, flash end/count high byte, secondary-I2C row count, UART RX destination high byte, ADC quotient accumulator, and filename persist staging	emitted	current_batch_alias_008_00e
stock_008_b0	flash_end_high_or_loop_mask_scratch_bank0	ram_var	mixed	include-only BANKED alias at src/dlcp_fw/asm/dlcp_main_ram.inc for phys 0x008; same RAM cell as stock_008_acc, whose direct ASM evidence records computed-volume carry, mute-status mask, flash end/count high byte, secondary-I2C row count, UART RX destination high byte, ADC quotient accumulator, and filename persist staging	emitted	current_batch_alias_008_00e
stock_008_b0_op	flash_end_high_or_loop_mask_scratch_bank0_operand	ram_equ	mixed	include-only operand alias at src/dlcp_fw/asm/dlcp_main_ram.inc for phys 0x008; same RAM cell as stock_008_acc, whose direct ASM evidence records computed-volume carry, mute-status mask, flash end/count high byte, secondary-I2C row count, UART RX destination high byte, ADC quotient accumulator, and filename persist staging	emitted	current_batch_alias_008_00e
stock_009_acc_op	flash_src_low_or_rx_length_scratch_access_operand	ram_equ	mixed	include-only operand alias at src/dlcp_fw/asm/dlcp_main_ram.inc for phys 0x009; same RAM cell as stock_009_acc, whose direct ASM evidence records firmware-update UART RX length, EEPROM/runtime write address data, flash source/address low byte, UART RX target length, standby loop count, flash-read source low byte, ADC loop counter, and identity reply staging	emitted	current_batch_alias_008_00e
stock_009_acc_phys	flash_src_low_or_rx_length_scratch_access_phys	ram_var	mixed	include-only alias at src/dlcp_fw/asm/dlcp_main_ram.inc for phys 0x009; same RAM cell as stock_009_acc, whose direct ASM evidence records firmware-update UART RX length, EEPROM/runtime write address data, flash source/address low byte, UART RX target length, standby loop count, flash-read source low byte, ADC loop counter, and identity reply staging	emitted	current_batch_alias_008_00e
stock_009_b0	flash_src_low_or_rx_length_scratch_bank0	ram_var	mixed	include-only BANKED alias at src/dlcp_fw/asm/dlcp_main_ram.inc for phys 0x009; same RAM cell as stock_009_acc, whose direct ASM evidence records firmware-update UART RX length, EEPROM/runtime write address data, flash source/address low byte, UART RX target length, standby loop count, flash-read source low byte, ADC loop counter, and identity reply staging	emitted	current_batch_alias_008_00e
stock_009_b0_op	flash_src_low_or_rx_length_scratch_bank0_operand	ram_equ	mixed	include-only operand alias at src/dlcp_fw/asm/dlcp_main_ram.inc for phys 0x009; same RAM cell as stock_009_acc, whose direct ASM evidence records firmware-update UART RX length, EEPROM/runtime write address data, flash source/address low byte, UART RX target length, standby loop count, flash-read source low byte, ADC loop counter, and identity reply staging	emitted	current_batch_alias_008_00e
stock_00A_acc_phys	eeprom_mask_or_flash_src_high_scratch_access_phys	ram_var	mixed	include-only alias at src/dlcp_fw/asm/dlcp_main_ram.inc for phys 0x00A; same RAM cell as stock_00A_acc and stock_00A_b0_phys, whose direct ASM evidence records UART command/data, EEPROM masks, flash page/source high byte, ADC parameter/result high byte, flash-read source high byte, identity reply staging, and filename length counters	emitted	current_batch_alias_008_00e
stock_00A_b0	eeprom_mask_or_flash_src_high_scratch_bank0	ram_var	mixed	include-only BANKED alias at src/dlcp_fw/asm/dlcp_main_ram.inc for phys 0x00A; same RAM cell as stock_00A_acc and stock_00A_b0_phys, whose direct ASM evidence records UART command/data, EEPROM masks, flash page/source high byte, ADC parameter/result high byte, flash-read source high byte, identity reply staging, and filename length counters	emitted	current_batch_alias_008_00e
stock_00A_b0_op	eeprom_mask_or_flash_src_high_scratch_bank0_operand	ram_equ	mixed	include-only operand alias at src/dlcp_fw/asm/dlcp_main_ram.inc for phys 0x00A; same RAM cell as stock_00A_acc and stock_00A_b0_phys, whose direct ASM evidence records UART command/data, EEPROM masks, flash page/source high byte, ADC parameter/result high byte, flash-read source high byte, identity reply staging, and filename length counters	emitted	current_batch_alias_008_00e
stock_00B_acc_op	eeprom_gate_flash_gie_or_uart_timeout_scratch_access_operand	ram_equ	mixed	include-only operand alias at src/dlcp_fw/asm/dlcp_main_ram.inc for phys 0x00B; same RAM cell as stock_00B_acc, whose direct ASM evidence records EEPROM persist dirty-bit gate, flash-write alignment loop counter, float32 normalization scratch, ADC loop termination, UART-framing wait gate, and flash-erase GIE restore flag	emitted	current_batch_alias_008_00e
stock_00B_acc_phys	eeprom_gate_flash_gie_or_uart_timeout_scratch_access_phys	ram_var	mixed	include-only alias at src/dlcp_fw/asm/dlcp_main_ram.inc for phys 0x00B; same RAM cell as stock_00B_acc, whose direct ASM evidence records EEPROM persist dirty-bit gate, flash-write alignment loop counter, float32 normalization scratch, ADC loop termination, UART-framing wait gate, and flash-erase GIE restore flag	emitted	current_batch_alias_008_00e
stock_00B_b0	eeprom_gate_flash_gie_or_uart_timeout_scratch_bank0	ram_var	mixed	include-only BANKED alias at src/dlcp_fw/asm/dlcp_main_ram.inc for phys 0x00B; same RAM cell as stock_00B_acc, whose direct ASM evidence records EEPROM persist dirty-bit gate, flash-write alignment loop counter, float32 normalization scratch, ADC loop termination, UART-framing wait gate, and flash-erase GIE restore flag	emitted	current_batch_alias_008_00e
stock_00B_b0_op	eeprom_gate_flash_gie_or_uart_timeout_scratch_bank0_operand	ram_equ	mixed	include-only operand alias at src/dlcp_fw/asm/dlcp_main_ram.inc for phys 0x00B; same RAM cell as stock_00B_acc, whose direct ASM evidence records EEPROM persist dirty-bit gate, flash-write alignment loop counter, float32 normalization scratch, ADC loop termination, UART-framing wait gate, and flash-erase GIE restore flag	emitted	current_batch_alias_008_00e
stock_00B_b0_phys	eeprom_gate_flash_gie_or_uart_timeout_scratch_bank0_phys	ram_var	mixed	include-only physical alias at src/dlcp_fw/asm/dlcp_main_ram.inc for phys 0x00B; same RAM cell as stock_00B_acc, whose direct ASM evidence records EEPROM persist dirty-bit gate, flash-write alignment loop counter, float32 normalization scratch, ADC loop termination, UART-framing wait gate, and flash-erase GIE restore flag	emitted	current_batch_alias_008_00e
stock_00C_acc_op	uart_channel_index_or_flash_addr_low_or_float32_rx_scratch_access_operand	ram_equ	mixed	include-only operand alias at src/dlcp_fw/asm/dlcp_main_ram.inc for phys 0x00C; same RAM cell as stock_00C_acc, whose direct ASM evidence records UART channel-config command index, flash write/erase address low byte, float32 packer tail scratch, and UART CRLF completion flag	emitted	current_batch_alias_008_00e
stock_00C_acc_phys	uart_channel_index_or_flash_addr_low_or_float32_rx_scratch_access_phys	ram_var	mixed	include-only alias at src/dlcp_fw/asm/dlcp_main_ram.inc for phys 0x00C; same RAM cell as stock_00C_acc, whose direct ASM evidence records UART channel-config command index, flash write/erase address low byte, float32 packer tail scratch, and UART CRLF completion flag	emitted	current_batch_alias_008_00e
stock_00C_b0	uart_channel_index_or_flash_addr_low_or_float32_rx_scratch_bank0	ram_var	mixed	include-only BANKED alias at src/dlcp_fw/asm/dlcp_main_ram.inc for phys 0x00C; same RAM cell as stock_00C_acc, whose direct ASM evidence records UART channel-config command index, flash write/erase address low byte, float32 packer tail scratch, and UART CRLF completion flag	emitted	current_batch_alias_008_00e
stock_00C_b0_op	uart_channel_index_or_flash_addr_low_or_float32_rx_scratch_bank0_operand	ram_equ	mixed	include-only operand alias at src/dlcp_fw/asm/dlcp_main_ram.inc for phys 0x00C; same RAM cell as stock_00C_acc, whose direct ASM evidence records UART channel-config command index, flash write/erase address low byte, float32 packer tail scratch, and UART CRLF completion flag	emitted	current_batch_alias_008_00e
stock_00C_b0_phys	uart_channel_index_or_flash_addr_low_or_float32_rx_scratch_bank0_phys	ram_var	mixed	include-only physical alias at src/dlcp_fw/asm/dlcp_main_ram.inc for phys 0x00C; same RAM cell as stock_00C_acc, whose direct ASM evidence records UART channel-config command index, flash write/erase address low byte, float32 packer tail scratch, and UART CRLF completion flag	emitted	current_batch_alias_008_00e
stock_00D_acc_phys	i2c_flag_or_flash_math_uart_cmd_scratch_access_phys	ram_var	mixed	include-only alias at src/dlcp_fw/asm/dlcp_main_ram.inc for phys 0x00D; same RAM cell as stock_00D_acc and stock_00D_acc_op, whose direct ASM evidence records I2C pair/status, preset timeout bit0, float32 divide quotient math, flash address/math high byte, UART framing-start flag, outbound status preservation, I2C timeout PEN flag, and filename reply command byte	emitted	current_batch_alias_008_00e
stock_00D_b0	i2c_flag_or_flash_math_uart_cmd_scratch_bank0	ram_var	mixed	include-only BANKED alias at src/dlcp_fw/asm/dlcp_main_ram.inc for phys 0x00D; same RAM cell as stock_00D_acc and stock_00D_acc_op, whose direct ASM evidence records I2C pair/status, preset timeout bit0, float32 divide quotient math, flash address/math high byte, UART framing-start flag, outbound status preservation, I2C timeout PEN flag, and filename reply command byte	emitted	current_batch_alias_008_00e
stock_00D_b0_op	i2c_flag_or_flash_math_uart_cmd_scratch_bank0_operand	ram_equ	mixed	include-only operand alias at src/dlcp_fw/asm/dlcp_main_ram.inc for phys 0x00D; same RAM cell as stock_00D_acc and stock_00D_acc_op, whose direct ASM evidence records I2C pair/status, preset timeout bit0, float32 divide quotient math, flash address/math high byte, UART framing-start flag, outbound status preservation, I2C timeout PEN flag, and filename reply command byte	emitted	current_batch_alias_008_00e
stock_00E_acc_phys	flash_upper_or_uart_count_scratch_access_phys	ram_var	mixed	include-only alias at src/dlcp_fw/asm/dlcp_main_ram.inc for phys 0x00E; same RAM cell as stock_00E_acc, whose direct ASM evidence records computed-volume byte1, float32 divide quotient byte, flash/TBLPTR upper or signed math byte, UART RX payload count, and filename reply payload byte	emitted	current_batch_alias_008_00e
stock_00E_b0	flash_upper_or_uart_count_scratch_bank0	ram_var	mixed	include-only BANKED alias at src/dlcp_fw/asm/dlcp_main_ram.inc for phys 0x00E; same RAM cell as stock_00E_acc, whose direct ASM evidence records computed-volume byte1, float32 divide quotient byte, flash/TBLPTR upper or signed math byte, UART RX payload count, and filename reply payload byte	emitted	current_batch_alias_008_00e
stock_00E_b0_op	flash_upper_or_uart_count_scratch_bank0_operand	ram_equ	mixed	include-only operand alias at src/dlcp_fw/asm/dlcp_main_ram.inc for phys 0x00E; same RAM cell as stock_00E_acc, whose direct ASM evidence records computed-volume byte1, float32 divide quotient byte, flash/TBLPTR upper or signed math byte, UART RX payload count, and filename reply payload byte	emitted	current_batch_alias_008_00e
stock_00F_acc_op	flash_block_or_uart_byte_scratch_access_operand	ram_equ	mixed	include-only operand alias at src/dlcp_fw/asm/dlcp_main_ram.inc for phys 0x00F; same RAM cell as stock_00F_acc, whose direct ASM evidence records computed-volume byte2, float32 divide quotient byte, flash block countdown/reload, current UART RX byte, and flash erase/signed math carry propagation	emitted	current_batch_alias_00f_017
stock_00F_acc_phys	flash_block_or_uart_byte_scratch_access_phys	ram_var	mixed	include-only alias at src/dlcp_fw/asm/dlcp_main_ram.inc for phys 0x00F; same RAM cell as stock_00F_acc, whose direct ASM evidence records computed-volume byte2, float32 divide quotient byte, flash block countdown/reload, current UART RX byte, and flash erase/signed math carry propagation	emitted	current_batch_alias_00f_017
stock_00F_b0	flash_block_or_uart_byte_scratch_bank0	ram_var	mixed	include-only BANKED alias at src/dlcp_fw/asm/dlcp_main_ram.inc for phys 0x00F; same RAM cell as stock_00F_acc, whose direct ASM evidence records computed-volume byte2, float32 divide quotient byte, flash block countdown/reload, current UART RX byte, and flash erase/signed math carry propagation	emitted	current_batch_alias_00f_017
stock_00F_b0_op	flash_block_or_uart_byte_scratch_bank0_operand	ram_equ	mixed	include-only operand alias at src/dlcp_fw/asm/dlcp_main_ram.inc for phys 0x00F; same RAM cell as stock_00F_acc, whose direct ASM evidence records computed-volume byte2, float32 divide quotient byte, flash block countdown/reload, current UART RX byte, and flash erase/signed math carry propagation	emitted	current_batch_alias_00f_017
stock_010_acc_op	flash_gie_or_float_sign_scratch_access_operand	ram_equ	mixed	include-only operand alias at src/dlcp_fw/asm/dlcp_main_ram.inc for phys 0x010; same RAM cell as stock_010_acc, whose direct ASM evidence records computed-volume byte3, float32 divide high byte, flash-write INTCON.GIE restore flag, ADC-derived ASCII/result scratch, and signed math high/sign byte	emitted	current_batch_alias_00f_017
stock_010_acc_phys	flash_gie_or_float_sign_scratch_access_phys	ram_var	mixed	include-only alias at src/dlcp_fw/asm/dlcp_main_ram.inc for phys 0x010; same RAM cell as stock_010_acc, whose direct ASM evidence records computed-volume byte3, float32 divide high byte, flash-write INTCON.GIE restore flag, ADC-derived ASCII/result scratch, and signed math high/sign byte	emitted	current_batch_alias_00f_017
stock_010_b0	flash_gie_or_float_sign_scratch_bank0	ram_var	mixed	include-only BANKED alias at src/dlcp_fw/asm/dlcp_main_ram.inc for phys 0x010; same RAM cell as stock_010_acc, whose direct ASM evidence records computed-volume byte3, float32 divide high byte, flash-write INTCON.GIE restore flag, ADC-derived ASCII/result scratch, and signed math high/sign byte	emitted	current_batch_alias_00f_017
stock_010_b0_op	flash_gie_or_float_sign_scratch_bank0_operand	ram_equ	mixed	include-only operand alias at src/dlcp_fw/asm/dlcp_main_ram.inc for phys 0x010; same RAM cell as stock_010_acc, whose direct ASM evidence records computed-volume byte3, float32 divide high byte, flash-write INTCON.GIE restore flag, ADC-derived ASCII/result scratch, and signed math high/sign byte	emitted	current_batch_alias_00f_017
stock_011_acc_phys	float_loop_or_tblptr_low_scratch_access_phys	ram_var	mixed	include-only alias at src/dlcp_fw/asm/dlcp_main_ram.inc for phys 0x011; same RAM cell as stock_011_acc, whose direct ASM evidence records float/apply loop counter, float32 divide divisor byte, flash TBLPTRL increment, ADC/output buffer index, signed math result staging, and W staging for main_core_service_45ce	emitted	current_batch_alias_00f_017
stock_011_b0	float_loop_or_tblptr_low_scratch_bank0	ram_var	mixed	include-only BANKED alias at src/dlcp_fw/asm/dlcp_main_ram.inc for phys 0x011; same RAM cell as stock_011_acc, whose direct ASM evidence records float/apply loop counter, float32 divide divisor byte, flash TBLPTRL increment, ADC/output buffer index, signed math result staging, and W staging for main_core_service_45ce	emitted	current_batch_alias_00f_017
stock_011_b0_op	float_loop_or_tblptr_low_scratch_bank0_operand	ram_equ	mixed	include-only operand alias at src/dlcp_fw/asm/dlcp_main_ram.inc for phys 0x011; same RAM cell as stock_011_acc, whose direct ASM evidence records float/apply loop counter, float32 divide divisor byte, flash TBLPTRL increment, ADC/output buffer index, signed math result staging, and W staging for main_core_service_45ce	emitted	current_batch_alias_00f_017
stock_012_acc_phys	float_divisor_or_preset_flag_scratch_access_phys	ram_var	mixed	include-only alias at src/dlcp_fw/asm/dlcp_main_ram.inc for phys 0x012; same RAM cell as stock_012_acc, whose direct ASM evidence records float32 product/divisor shifts, float32 divide divisor byte, flash TBLPTRH carry, preset-table async/no-remap flag bit0, signed compare/magnitude handling, and preset-job carry cleanup	emitted	current_batch_alias_00f_017
stock_012_b0	float_divisor_or_preset_flag_scratch_bank0	ram_var	mixed	include-only BANKED alias at src/dlcp_fw/asm/dlcp_main_ram.inc for phys 0x012; same RAM cell as stock_012_acc, whose direct ASM evidence records float32 product/divisor shifts, float32 divide divisor byte, flash TBLPTRH carry, preset-table async/no-remap flag bit0, signed compare/magnitude handling, and preset-job carry cleanup	emitted	current_batch_alias_00f_017
stock_012_b0_op	float_divisor_or_preset_flag_scratch_bank0_operand	ram_equ	mixed	include-only operand alias at src/dlcp_fw/asm/dlcp_main_ram.inc for phys 0x012; same RAM cell as stock_012_acc, whose direct ASM evidence records float32 product/divisor shifts, float32 divide divisor byte, flash TBLPTRH carry, preset-table async/no-remap flag bit0, signed compare/magnitude handling, and preset-job carry cleanup	emitted	current_batch_alias_00f_017
stock_013_acc_op	route_bit_or_tblptr_upper_scratch_access_operand	ram_equ	mixed	include-only operand alias at src/dlcp_fw/asm/dlcp_main_ram.inc for phys 0x013; same RAM cell as stock_013_acc, whose direct ASM evidence records route-bit command bytes, EEPROM persist record loop counter, float32 product/divisor shifts, flash TBLPTRU carry, preset-table payload address low byte, and signed high-byte carry correction	emitted	current_batch_alias_00f_017
stock_013_acc_phys	route_bit_or_tblptr_upper_scratch_access_phys	ram_var	mixed	include-only alias at src/dlcp_fw/asm/dlcp_main_ram.inc for phys 0x013; same RAM cell as stock_013_acc, whose direct ASM evidence records route-bit command bytes, EEPROM persist record loop counter, float32 product/divisor shifts, flash TBLPTRU carry, preset-table payload address low byte, and signed high-byte carry correction	emitted	current_batch_alias_00f_017
stock_013_b0	route_bit_or_tblptr_upper_scratch_bank0	ram_var	mixed	include-only BANKED alias at src/dlcp_fw/asm/dlcp_main_ram.inc for phys 0x013; same RAM cell as stock_013_acc, whose direct ASM evidence records route-bit command bytes, EEPROM persist record loop counter, float32 product/divisor shifts, flash TBLPTRU carry, preset-table payload address low byte, and signed high-byte carry correction	emitted	current_batch_alias_00f_017
stock_013_b0_op	route_bit_or_tblptr_upper_scratch_bank0_operand	ram_equ	mixed	include-only operand alias at src/dlcp_fw/asm/dlcp_main_ram.inc for phys 0x013; same RAM cell as stock_013_acc, whose direct ASM evidence records route-bit command bytes, EEPROM persist record loop counter, float32 product/divisor shifts, flash TBLPTRU carry, preset-table payload address low byte, and signed high-byte carry correction	emitted	current_batch_alias_00f_017
stock_014_acc_phys	route_base_or_flash_addr_low_scratch_access_phys	ram_var	mixed	include-only alias at src/dlcp_fw/asm/dlcp_main_ram.inc for phys 0x014; same RAM cell as stock_014_acc, whose direct ASM evidence records firmware-update relay staging, route dispatch base, float32 high/product byte, float32 divide divisor high byte, saved flash address low byte, and preset-table payload address high byte	emitted	current_batch_alias_00f_017
stock_014_b0	route_base_or_flash_addr_low_scratch_bank0	ram_var	mixed	include-only BANKED alias at src/dlcp_fw/asm/dlcp_main_ram.inc for phys 0x014; same RAM cell as stock_014_acc, whose direct ASM evidence records firmware-update relay staging, route dispatch base, float32 high/product byte, float32 divide divisor high byte, saved flash address low byte, and preset-table payload address high byte	emitted	current_batch_alias_00f_017
stock_014_b0_op	route_base_or_flash_addr_low_scratch_bank0_operand	ram_equ	mixed	include-only operand alias at src/dlcp_fw/asm/dlcp_main_ram.inc for phys 0x014; same RAM cell as stock_014_acc, whose direct ASM evidence records firmware-update relay staging, route dispatch base, float32 high/product byte, float32 divide divisor high byte, saved flash address low byte, and preset-table payload address high byte	emitted	current_batch_alias_00f_017
stock_015_acc_phys	float_shift_flash_addr_or_preset_index_scratch_access_phys	ram_var	mixed	include-only alias at src/dlcp_fw/asm/dlcp_main_ram.inc for phys 0x015; same RAM cell as stock_015_acc, whose direct ASM evidence records firmware-update relay clear, float32 result/product shift byte, float32 divide setup rotate/copy, saved flash address high byte, and preset_job_index async header validation scratch	emitted	current_batch_alias_00f_017
stock_015_b0	float_shift_flash_addr_or_preset_index_scratch_bank0	ram_var	mixed	include-only BANKED alias at src/dlcp_fw/asm/dlcp_main_ram.inc for phys 0x015; same RAM cell as stock_015_acc, whose direct ASM evidence records firmware-update relay clear, float32 result/product shift byte, float32 divide setup rotate/copy, saved flash address high byte, and preset_job_index async header validation scratch	emitted	current_batch_alias_00f_017
stock_015_b0_op	float_shift_flash_addr_or_preset_index_scratch_bank0_operand	ram_equ	mixed	include-only operand alias at src/dlcp_fw/asm/dlcp_main_ram.inc for phys 0x015; same RAM cell as stock_015_acc, whose direct ASM evidence records firmware-update relay clear, float32 result/product shift byte, float32 divide setup rotate/copy, saved flash address high byte, and preset_job_index async header validation scratch	emitted	current_batch_alias_00f_017
stock_016_acc_phys	float_product_flash_addr_or_preset_index_scratch_access_phys	ram_var	mixed	include-only alias at src/dlcp_fw/asm/dlcp_main_ram.inc for phys 0x016; same RAM cell as stock_016_acc, whose direct ASM evidence records coefficient float literal byte, float32 multiply/divide rotate work, saved flash address upper byte, preset_job_index adjusted scratch, coefficient float staging clear, and signed-format return byte	emitted	current_batch_alias_00f_017
stock_016_b0	float_product_flash_addr_or_preset_index_scratch_bank0	ram_var	mixed	include-only BANKED alias at src/dlcp_fw/asm/dlcp_main_ram.inc for phys 0x016; same RAM cell as stock_016_acc, whose direct ASM evidence records coefficient float literal byte, float32 multiply/divide rotate work, saved flash address upper byte, preset_job_index adjusted scratch, coefficient float staging clear, and signed-format return byte	emitted	current_batch_alias_00f_017
stock_016_b0_op	float_product_flash_addr_or_preset_index_scratch_bank0_operand	ram_equ	mixed	include-only operand alias at src/dlcp_fw/asm/dlcp_main_ram.inc for phys 0x016; same RAM cell as stock_016_acc, whose direct ASM evidence records coefficient float literal byte, float32 multiply/divide rotate work, saved flash address upper byte, preset_job_index adjusted scratch, coefficient float staging clear, and signed-format return byte	emitted	current_batch_alias_00f_017
stock_017_acc_op	float_product_or_output_index_scratch_access_operand	ram_equ	mixed	include-only operand alias at src/dlcp_fw/asm/dlcp_main_ram.inc for phys 0x017; same RAM cell as stock_017_acc, whose direct ASM evidence records coefficient float literal byte, float32 product/divide rotate/add work, saved flash address top byte, preset async header byte0 check, coefficient float staging clear, and signed output buffer index/return staging	emitted	current_batch_alias_00f_017
stock_017_acc_phys	float_product_or_output_index_scratch_access_phys	ram_var	mixed	include-only alias at src/dlcp_fw/asm/dlcp_main_ram.inc for phys 0x017; same RAM cell as stock_017_acc, whose direct ASM evidence records coefficient float literal byte, float32 product/divide rotate/add work, saved flash address top byte, preset async header byte0 check, coefficient float staging clear, and signed output buffer index/return staging	emitted	current_batch_alias_00f_017
stock_017_b0	float_product_or_output_index_scratch_bank0	ram_var	mixed	include-only BANKED alias at src/dlcp_fw/asm/dlcp_main_ram.inc for phys 0x017; same RAM cell as stock_017_acc, whose direct ASM evidence records coefficient float literal byte, float32 product/divide rotate/add work, saved flash address top byte, preset async header byte0 check, coefficient float staging clear, and signed output buffer index/return staging	emitted	current_batch_alias_00f_017
stock_017_b0_op	float_product_or_output_index_scratch_bank0_operand	ram_equ	mixed	include-only operand alias at src/dlcp_fw/asm/dlcp_main_ram.inc for phys 0x017; same RAM cell as stock_017_acc, whose direct ASM evidence records coefficient float literal byte, float32 product/divide rotate/add work, saved flash address top byte, preset async header byte0 check, coefficient float staging clear, and signed output buffer index/return staging	emitted	current_batch_alias_00f_017
stock_017_b0_phys	float_product_or_output_index_scratch_bank0_phys	ram_var	mixed	include-only physical alias at src/dlcp_fw/asm/dlcp_main_ram.inc for phys 0x017; same RAM cell as stock_017_acc, whose direct ASM evidence records coefficient float literal byte, float32 product/divide rotate/add work, saved flash address top byte, preset async header byte0 check, coefficient float staging clear, and signed output buffer index/return staging	emitted	current_batch_alias_00f_017
stock_018_acc_op	float32_product_or_uart_base_scratch_access_operand	ram_equ	mixed	include-only operand alias at src/dlcp_fw/asm/dlcp_main_ram.inc for phys 0x018; same RAM cell as stock_018_acc, whose direct ASM evidence records UART block/base low byte, coefficient float literal/work byte, float32 multiply product accumulation, and float32 divide extraction rotation	emitted	current_batch_alias_018_01d
stock_018_acc_phys	float32_product_or_uart_base_scratch_access_phys	ram_var	mixed	include-only alias at src/dlcp_fw/asm/dlcp_main_ram.inc for phys 0x018; same RAM cell as stock_018_acc, whose direct ASM evidence records UART block/base low byte, coefficient float literal/work byte, float32 multiply product accumulation, and float32 divide extraction rotation	emitted	current_batch_alias_018_01d
stock_018_b0	float32_product_or_uart_base_scratch_bank0	ram_var	mixed	include-only BANKED alias at src/dlcp_fw/asm/dlcp_main_ram.inc for phys 0x018; same RAM cell as stock_018_acc, whose direct ASM evidence records UART block/base low byte, coefficient float literal/work byte, float32 multiply product accumulation, and float32 divide extraction rotation	emitted	current_batch_alias_018_01d
stock_018_b0_op	float32_product_or_uart_base_scratch_bank0_operand	ram_equ	mixed	include-only operand alias at src/dlcp_fw/asm/dlcp_main_ram.inc for phys 0x018; same RAM cell as stock_018_acc, whose direct ASM evidence records UART block/base low byte, coefficient float literal/work byte, float32 multiply product accumulation, and float32 divide extraction rotation	emitted	current_batch_alias_018_01d
stock_019_acc_phys	float32_product_or_uart_base_high_scratch_access_phys	ram_var	mixed	include-only alias at src/dlcp_fw/asm/dlcp_main_ram.inc for phys 0x019; same RAM cell as stock_019_acc, whose direct ASM evidence records UART block/base high byte, coefficient float literal/work byte, float32 multiply sign/product accumulation, and float32 divide quotient rotate/set work	emitted	current_batch_alias_018_01d
stock_019_b0	float32_product_or_uart_base_high_scratch_bank0	ram_var	mixed	include-only BANKED alias at src/dlcp_fw/asm/dlcp_main_ram.inc for phys 0x019; same RAM cell as stock_019_acc, whose direct ASM evidence records UART block/base high byte, coefficient float literal/work byte, float32 multiply sign/product accumulation, and float32 divide quotient rotate/set work	emitted	current_batch_alias_018_01d
stock_019_b0_op	float32_product_or_uart_base_high_scratch_bank0_operand	ram_equ	mixed	include-only operand alias at src/dlcp_fw/asm/dlcp_main_ram.inc for phys 0x019; same RAM cell as stock_019_acc, whose direct ASM evidence records UART block/base high byte, coefficient float literal/work byte, float32 multiply sign/product accumulation, and float32 divide quotient rotate/set work	emitted	current_batch_alias_018_01d
stock_01A_acc_phys	float32_extract_or_quotient_or_preset_uart_index_access_phys	ram_var	mixed	include-only alias at src/dlcp_fw/asm/dlcp_main_ram.inc for phys 0x01A; same RAM cell as stock_01A_acc, whose direct ASM evidence records float32 extraction result byte, float32 divide quotient rotation, preset header byte3 check, and UART block transmit index	emitted	current_batch_alias_018_01d
stock_01A_b0	float32_extract_or_quotient_or_preset_uart_index_bank0	ram_var	mixed	include-only BANKED alias at src/dlcp_fw/asm/dlcp_main_ram.inc for phys 0x01A; same RAM cell as stock_01A_acc, whose direct ASM evidence records float32 extraction result byte, float32 divide quotient rotation, preset header byte3 check, and UART block transmit index	emitted	current_batch_alias_018_01d
stock_01A_b0_op	float32_extract_or_quotient_or_preset_uart_index_bank0_operand	ram_equ	mixed	include-only operand alias at src/dlcp_fw/asm/dlcp_main_ram.inc for phys 0x01A; same RAM cell as stock_01A_acc, whose direct ASM evidence records float32 extraction result byte, float32 divide quotient rotation, preset header byte3 check, and UART block transmit index	emitted	current_batch_alias_018_01d
stock_01A_b0_phys	float32_extract_or_quotient_or_preset_uart_index_bank0_phys	ram_var	mixed	include-only physical alias at src/dlcp_fw/asm/dlcp_main_ram.inc for phys 0x01A; same RAM cell as stock_01A_acc, whose direct ASM evidence records float32 extraction result byte, float32 divide quotient rotation, preset header byte3 check, and UART block transmit index	emitted	current_batch_alias_018_01d
stock_01B_acc_op	fw_update_hex_or_float32_quotient_or_uart_block_scratch_access_operand	ram_equ	mixed	include-only operand alias at src/dlcp_fw/asm/dlcp_main_ram.inc for phys 0x01B; same RAM cell as stock_01B_acc, whose direct ASM evidence records firmware-update checksum/hex scratch, ASCII hex emission, float32 extract/divide quotient rotations, and UART block selector scratch	emitted	current_batch_alias_018_01d
stock_01B_acc_phys	fw_update_hex_or_float32_quotient_or_uart_block_scratch_access_phys	ram_var	mixed	include-only alias at src/dlcp_fw/asm/dlcp_main_ram.inc for phys 0x01B; same RAM cell as stock_01B_acc, whose direct ASM evidence records firmware-update checksum/hex scratch, ASCII hex emission, float32 extract/divide quotient rotations, and UART block selector scratch	emitted	current_batch_alias_018_01d
stock_01B_b0	fw_update_hex_or_float32_quotient_or_uart_block_scratch_bank0	ram_var	mixed	include-only BANKED alias at src/dlcp_fw/asm/dlcp_main_ram.inc for phys 0x01B; same RAM cell as stock_01B_acc, whose direct ASM evidence records firmware-update checksum/hex scratch, ASCII hex emission, float32 extract/divide quotient rotations, and UART block selector scratch	emitted	current_batch_alias_018_01d
stock_01B_b0_op	fw_update_hex_or_float32_quotient_or_uart_block_scratch_bank0_operand	ram_equ	mixed	include-only operand alias at src/dlcp_fw/asm/dlcp_main_ram.inc for phys 0x01B; same RAM cell as stock_01B_acc, whose direct ASM evidence records firmware-update checksum/hex scratch, ASCII hex emission, float32 extract/divide quotient rotations, and UART block selector scratch	emitted	current_batch_alias_018_01d
stock_01C_acc_op	fw_update_checksum_or_float32_quotient_top_scratch_access_operand	ram_equ	mixed	include-only operand alias at src/dlcp_fw/asm/dlcp_main_ram.inc for phys 0x01C; same RAM cell as stock_01C_acc, whose direct ASM evidence records firmware-update Intel HEX high checksum byte, float32 extract rotation, and float32 divide quotient top-byte rotation	emitted	current_batch_alias_018_01d
stock_01C_acc_phys	fw_update_checksum_or_float32_quotient_top_scratch_access_phys	ram_var	mixed	include-only alias at src/dlcp_fw/asm/dlcp_main_ram.inc for phys 0x01C; same RAM cell as stock_01C_acc, whose direct ASM evidence records firmware-update Intel HEX high checksum byte, float32 extract rotation, and float32 divide quotient top-byte rotation	emitted	current_batch_alias_018_01d
stock_01C_b0	fw_update_checksum_or_float32_quotient_top_scratch_bank0	ram_var	mixed	include-only BANKED alias at src/dlcp_fw/asm/dlcp_main_ram.inc for phys 0x01C; same RAM cell as stock_01C_acc, whose direct ASM evidence records firmware-update Intel HEX high checksum byte, float32 extract rotation, and float32 divide quotient top-byte rotation	emitted	current_batch_alias_018_01d
stock_01C_b0_op	fw_update_checksum_or_float32_quotient_top_scratch_bank0_operand	ram_equ	mixed	include-only operand alias at src/dlcp_fw/asm/dlcp_main_ram.inc for phys 0x01C; same RAM cell as stock_01C_acc, whose direct ASM evidence records firmware-update Intel HEX high checksum byte, float32 extract rotation, and float32 divide quotient top-byte rotation	emitted	current_batch_alias_018_01d
stock_01D_b0	float32_extract_or_divide_counter_bank0	ram_var	mixed	include-only BANKED alias at src/dlcp_fw/asm/dlcp_main_ram.inc for phys 0x01D; same RAM cell as stock_01D_acc, whose direct ASM evidence records float32 extraction rotation and reuse as the 0x20-step float32 division bit counter	emitted	current_batch_alias_018_01d
stock_01D_b0_op	float32_extract_or_divide_counter_bank0_operand	ram_equ	mixed	include-only operand alias at src/dlcp_fw/asm/dlcp_main_ram.inc for phys 0x01D; same RAM cell as stock_01D_acc, whose direct ASM evidence records float32 extraction rotation and reuse as the 0x20-step float32 division bit counter	emitted	current_batch_alias_018_01d
stock_045_acc_phys	fw_update_relay_shift_byte_access_phys	ram_var	flash	include-only alias at src/dlcp_fw/asm/dlcp_main_ram.inc for phys 0x045; same RAM cell as stock_045_acc, whose direct ASM evidence records firmware-update relay byte copy, bit0 test, and right-rotate during the 8-bit CRC/update loop	emitted	current_batch_alias_045_04c
stock_045_b0	fw_update_relay_shift_byte_bank0	ram_var	flash	include-only BANKED alias at src/dlcp_fw/asm/dlcp_main_ram.inc for phys 0x045; same RAM cell as stock_045_acc, whose direct ASM evidence records firmware-update relay byte copy, bit0 test, and right-rotate during the 8-bit CRC/update loop	emitted	current_batch_alias_045_04c
stock_045_b0_op	fw_update_relay_shift_byte_bank0_operand	ram_equ	flash	include-only operand alias at src/dlcp_fw/asm/dlcp_main_ram.inc for phys 0x045; same RAM cell as stock_045_acc, whose direct ASM evidence records firmware-update relay byte copy, bit0 test, and right-rotate during the 8-bit CRC/update loop	emitted	current_batch_alias_045_04c
stock_049_acc_phys	fw_update_relay_page_index_access_phys	ram_var	flash	include-only alias at src/dlcp_fw/asm/dlcp_main_ram.inc for phys 0x049; same RAM cell as stock_049_acc, whose direct ASM evidence records firmware-update relay page index initialization, increment, and page1/2 byte reads at offset 0x1A+index until >0x1F	emitted	current_batch_alias_045_04c
stock_049_b0	fw_update_relay_page_index_bank0	ram_var	flash	include-only BANKED alias at src/dlcp_fw/asm/dlcp_main_ram.inc for phys 0x049; same RAM cell as stock_049_acc, whose direct ASM evidence records firmware-update relay page index initialization, increment, and page1/2 byte reads at offset 0x1A+index until >0x1F	emitted	current_batch_alias_045_04c
stock_049_b0_op	fw_update_relay_page_index_bank0_operand	ram_equ	flash	include-only operand alias at src/dlcp_fw/asm/dlcp_main_ram.inc for phys 0x049; same RAM cell as stock_049_acc, whose direct ASM evidence records firmware-update relay page index initialization, increment, and page1/2 byte reads at offset 0x1A+index until >0x1F	emitted	current_batch_alias_045_04c
stock_049_b0_phys	fw_update_relay_page_index_bank0_phys	ram_var	flash	include-only physical alias at src/dlcp_fw/asm/dlcp_main_ram.inc for phys 0x049; same RAM cell as stock_049_acc, whose direct ASM evidence records firmware-update relay page index initialization, increment, and page1/2 byte reads at offset 0x1A+index until >0x1F	emitted	current_batch_alias_045_04c
stock_04B_acc_op	fw_update_offset_or_channel_enable_row_base_scratch_access_operand	ram_equ	mixed	include-only operand alias at src/dlcp_fw/asm/dlcp_main_ram.inc for phys 0x04B; same RAM cell as stock_04B_acc, whose direct ASM evidence records firmware-update response offset/cursor and channel-enable route row base stepped by 0x28	emitted	current_batch_alias_045_04c
stock_04B_acc_phys	fw_update_offset_or_channel_enable_row_base_scratch_access_phys	ram_var	mixed	include-only alias at src/dlcp_fw/asm/dlcp_main_ram.inc for phys 0x04B; same RAM cell as stock_04B_acc, whose direct ASM evidence records firmware-update response offset/cursor and channel-enable route row base stepped by 0x28	emitted	current_batch_alias_045_04c
stock_04B_b0	fw_update_offset_or_channel_enable_row_base_scratch_bank0	ram_var	mixed	include-only BANKED alias at src/dlcp_fw/asm/dlcp_main_ram.inc for phys 0x04B; same RAM cell as stock_04B_acc, whose direct ASM evidence records firmware-update response offset/cursor and channel-enable route row base stepped by 0x28	emitted	current_batch_alias_045_04c
stock_04B_b0_op	fw_update_offset_or_channel_enable_row_base_scratch_bank0_operand	ram_equ	mixed	include-only operand alias at src/dlcp_fw/asm/dlcp_main_ram.inc for phys 0x04B; same RAM cell as stock_04B_acc, whose direct ASM evidence records firmware-update response offset/cursor and channel-enable route row base stepped by 0x28	emitted	current_batch_alias_045_04c
stock_04B_b0_phys	fw_update_offset_or_channel_enable_row_base_scratch_bank0_phys	ram_var	mixed	include-only physical alias at src/dlcp_fw/asm/dlcp_main_ram.inc for phys 0x04B; same RAM cell as stock_04B_acc, whose direct ASM evidence records firmware-update response offset/cursor and channel-enable route row base stepped by 0x28	emitted	current_batch_alias_045_04c
stock_04C_acc_op	diff_count_update_compare_or_route_mask_scratch_access_operand	ram_equ	mixed	include-only operand alias at src/dlcp_fw/asm/dlcp_main_ram.inc for phys 0x04C; same RAM cell as stock_04C_acc, whose direct ASM evidence records active-flag difference scratch, firmware-update compare byte, ram_pair_diff loop count, route-bit mask source, and copy_postinc0_to_postinc2 byte count	emitted	current_batch_alias_045_04c
stock_04C_acc_phys	diff_count_update_compare_or_route_mask_scratch_access_phys	ram_var	mixed	include-only alias at src/dlcp_fw/asm/dlcp_main_ram.inc for phys 0x04C; same RAM cell as stock_04C_acc, whose direct ASM evidence records active-flag difference scratch, firmware-update compare byte, ram_pair_diff loop count, route-bit mask source, and copy_postinc0_to_postinc2 byte count	emitted	current_batch_alias_045_04c
stock_04C_b0	diff_count_update_compare_or_route_mask_scratch_bank0	ram_var	mixed	include-only BANKED alias at src/dlcp_fw/asm/dlcp_main_ram.inc for phys 0x04C; same RAM cell as stock_04C_acc, whose direct ASM evidence records active-flag difference scratch, firmware-update compare byte, ram_pair_diff loop count, route-bit mask source, and copy_postinc0_to_postinc2 byte count	emitted	current_batch_alias_045_04c
stock_04C_b0_op	diff_count_update_compare_or_route_mask_scratch_bank0_operand	ram_equ	mixed	include-only operand alias at src/dlcp_fw/asm/dlcp_main_ram.inc for phys 0x04C; same RAM cell as stock_04C_acc, whose direct ASM evidence records active-flag difference scratch, firmware-update compare byte, ram_pair_diff loop count, route-bit mask source, and copy_postinc0_to_postinc2 byte count	emitted	current_batch_alias_045_04c
stock_000_acc	unused_indf0_access_alias	preserve	unreferenced	include-only EQU at src/dlcp_fw/asm/dlcp_main_ram.inc with zero occurrences in src/dlcp_fw/asm/dlcp_main_v34.asm and no direct sibling RAM evidence; skipped per RAM read/write evidence rule	skipped_no_asm_evidence	current_batch_no_evidence_tail_aliases
stock_000_acc_op	unused_indf0_access_operand_alias	preserve	unreferenced	include-only EQU at src/dlcp_fw/asm/dlcp_main_ram.inc with zero occurrences in src/dlcp_fw/asm/dlcp_main_v34.asm and no direct sibling RAM evidence; skipped per RAM read/write evidence rule	skipped_no_asm_evidence	current_batch_no_evidence_tail_aliases
stock_000_acc_phys	unused_indf0_access_physical_alias	preserve	unreferenced	include-only EQU at src/dlcp_fw/asm/dlcp_main_ram.inc with zero occurrences in src/dlcp_fw/asm/dlcp_main_v34.asm and no direct sibling RAM evidence; skipped per RAM read/write evidence rule	skipped_no_asm_evidence	current_batch_no_evidence_tail_aliases
stock_000_b0	unused_indf0_bank0_alias	preserve	unreferenced	include-only EQU at src/dlcp_fw/asm/dlcp_main_ram.inc with zero occurrences in src/dlcp_fw/asm/dlcp_main_v34.asm and no direct sibling RAM evidence; skipped per RAM read/write evidence rule	skipped_no_asm_evidence	current_batch_no_evidence_tail_aliases
stock_000_b0_op	unused_indf0_bank0_operand_alias	preserve	unreferenced	include-only EQU at src/dlcp_fw/asm/dlcp_main_ram.inc with zero occurrences in src/dlcp_fw/asm/dlcp_main_v34.asm and no direct sibling RAM evidence; skipped per RAM read/write evidence rule	skipped_no_asm_evidence	current_batch_no_evidence_tail_aliases
stock_000_b0_phys	unused_indf0_bank0_physical_alias	preserve	unreferenced	include-only EQU at src/dlcp_fw/asm/dlcp_main_ram.inc with zero occurrences in src/dlcp_fw/asm/dlcp_main_v34.asm and no direct sibling RAM evidence; skipped per RAM read/write evidence rule	skipped_no_asm_evidence	current_batch_no_evidence_tail_aliases
stock_1C1_b1	unused_bank1_tail_first_alias	preserve	unreferenced	include-only EQU at src/dlcp_fw/asm/dlcp_main_ram.inc with zero occurrences in src/dlcp_fw/asm/dlcp_main_v34.asm and no direct sibling RAM evidence; skipped per RAM read/write evidence rule	skipped_no_asm_evidence	current_batch_no_evidence_tail_aliases
stock_1C1_b1_op	unused_bank1_tail_first_operand_alias	preserve	unreferenced	include-only EQU at src/dlcp_fw/asm/dlcp_main_ram.inc with zero occurrences in src/dlcp_fw/asm/dlcp_main_v34.asm and no direct sibling RAM evidence; skipped per RAM read/write evidence rule	skipped_no_asm_evidence	current_batch_no_evidence_tail_aliases
stock_1C1_b1_phys	unused_bank1_tail_first_physical_alias	preserve	unreferenced	include-only EQU at src/dlcp_fw/asm/dlcp_main_ram.inc with zero occurrences in src/dlcp_fw/asm/dlcp_main_v34.asm and no direct sibling RAM evidence; skipped per RAM read/write evidence rule	skipped_no_asm_evidence	current_batch_no_evidence_tail_aliases
stock_1C2_b1	unused_bank1_tail_second_alias	preserve	unreferenced	include-only EQU at src/dlcp_fw/asm/dlcp_main_ram.inc with zero occurrences in src/dlcp_fw/asm/dlcp_main_v34.asm and no direct sibling RAM evidence; skipped per RAM read/write evidence rule	skipped_no_asm_evidence	current_batch_no_evidence_tail_aliases
stock_1C2_b1_op	unused_bank1_tail_second_operand_alias	preserve	unreferenced	include-only EQU at src/dlcp_fw/asm/dlcp_main_ram.inc with zero occurrences in src/dlcp_fw/asm/dlcp_main_v34.asm and no direct sibling RAM evidence; skipped per RAM read/write evidence rule	skipped_no_asm_evidence	current_batch_no_evidence_tail_aliases
stock_1C2_b1_phys	unused_bank1_tail_second_physical_alias	preserve	unreferenced	include-only EQU at src/dlcp_fw/asm/dlcp_main_ram.inc with zero occurrences in src/dlcp_fw/asm/dlcp_main_v34.asm and no direct sibling RAM evidence; skipped per RAM read/write evidence rule	skipped_no_asm_evidence	current_batch_no_evidence_tail_aliases
stock_4B9_b4	unused_bank4_tail_first_alias	preserve	unreferenced	include-only EQU at src/dlcp_fw/asm/dlcp_main_ram.inc with zero occurrences in src/dlcp_fw/asm/dlcp_main_v34.asm and no direct sibling RAM evidence; skipped per RAM read/write evidence rule	skipped_no_asm_evidence	current_batch_no_evidence_tail_aliases
stock_4B9_b4_op	unused_bank4_tail_first_operand_alias	preserve	unreferenced	include-only EQU at src/dlcp_fw/asm/dlcp_main_ram.inc with zero occurrences in src/dlcp_fw/asm/dlcp_main_v34.asm and no direct sibling RAM evidence; skipped per RAM read/write evidence rule	skipped_no_asm_evidence	current_batch_no_evidence_tail_aliases
stock_4B9_b4_phys	unused_bank4_tail_first_physical_alias	preserve	unreferenced	include-only EQU at src/dlcp_fw/asm/dlcp_main_ram.inc with zero occurrences in src/dlcp_fw/asm/dlcp_main_v34.asm and no direct sibling RAM evidence; skipped per RAM read/write evidence rule	skipped_no_asm_evidence	current_batch_no_evidence_tail_aliases
stock_4C8_b4	unused_bank4_tail_second_alias	preserve	unreferenced	include-only EQU at src/dlcp_fw/asm/dlcp_main_ram.inc with zero occurrences in src/dlcp_fw/asm/dlcp_main_v34.asm and no direct sibling RAM evidence; skipped per RAM read/write evidence rule	skipped_no_asm_evidence	current_batch_no_evidence_tail_aliases
stock_4C8_b4_op	unused_bank4_tail_second_operand_alias	preserve	unreferenced	include-only EQU at src/dlcp_fw/asm/dlcp_main_ram.inc with zero occurrences in src/dlcp_fw/asm/dlcp_main_v34.asm and no direct sibling RAM evidence; skipped per RAM read/write evidence rule	skipped_no_asm_evidence	current_batch_no_evidence_tail_aliases
stock_4C8_b4_phys	unused_bank4_tail_second_physical_alias	preserve	unreferenced	include-only EQU at src/dlcp_fw/asm/dlcp_main_ram.inc with zero occurrences in src/dlcp_fw/asm/dlcp_main_v34.asm and no direct sibling RAM evidence; skipped per RAM read/write evidence rule	skipped_no_asm_evidence	current_batch_no_evidence_tail_aliases
stock_4C9_b4	unused_bank4_tail_third_alias	preserve	unreferenced	include-only EQU at src/dlcp_fw/asm/dlcp_main_ram.inc with zero occurrences in src/dlcp_fw/asm/dlcp_main_v34.asm and no direct sibling RAM evidence; skipped per RAM read/write evidence rule	skipped_no_asm_evidence	current_batch_no_evidence_tail_aliases
stock_4C9_b4_op	unused_bank4_tail_third_operand_alias	preserve	unreferenced	include-only EQU at src/dlcp_fw/asm/dlcp_main_ram.inc with zero occurrences in src/dlcp_fw/asm/dlcp_main_v34.asm and no direct sibling RAM evidence; skipped per RAM read/write evidence rule	skipped_no_asm_evidence	current_batch_no_evidence_tail_aliases
stock_4C9_b4_phys	unused_bank4_tail_third_physical_alias	preserve	unreferenced	include-only EQU at src/dlcp_fw/asm/dlcp_main_ram.inc with zero occurrences in src/dlcp_fw/asm/dlcp_main_v34.asm and no direct sibling RAM evidence; skipped per RAM read/write evidence rule	skipped_no_asm_evidence	current_batch_no_evidence_tail_aliases
stock_4CE_b4	unused_bank4_tail_fourth_alias	preserve	unreferenced	include-only EQU at src/dlcp_fw/asm/dlcp_main_ram.inc with zero occurrences in src/dlcp_fw/asm/dlcp_main_v34.asm and no direct sibling RAM evidence; skipped per RAM read/write evidence rule	skipped_no_asm_evidence	current_batch_no_evidence_tail_aliases
stock_4CE_b4_op	unused_bank4_tail_fourth_operand_alias	preserve	unreferenced	include-only EQU at src/dlcp_fw/asm/dlcp_main_ram.inc with zero occurrences in src/dlcp_fw/asm/dlcp_main_v34.asm and no direct sibling RAM evidence; skipped per RAM read/write evidence rule	skipped_no_asm_evidence	current_batch_no_evidence_tail_aliases
stock_4CE_b4_phys	unused_bank4_tail_fourth_physical_alias	preserve	unreferenced	include-only EQU at src/dlcp_fw/asm/dlcp_main_ram.inc with zero occurrences in src/dlcp_fw/asm/dlcp_main_v34.asm and no direct sibling RAM evidence; skipped per RAM read/write evidence rule	skipped_no_asm_evidence	current_batch_no_evidence_tail_aliases
stock_4D3_b4	unused_bank4_tail_fifth_alias	preserve	unreferenced	include-only EQU at src/dlcp_fw/asm/dlcp_main_ram.inc with zero occurrences in src/dlcp_fw/asm/dlcp_main_v34.asm and no direct sibling RAM evidence; skipped per RAM read/write evidence rule	skipped_no_asm_evidence	current_batch_no_evidence_tail_aliases
stock_4D3_b4_op	unused_bank4_tail_fifth_operand_alias	preserve	unreferenced	include-only EQU at src/dlcp_fw/asm/dlcp_main_ram.inc with zero occurrences in src/dlcp_fw/asm/dlcp_main_v34.asm and no direct sibling RAM evidence; skipped per RAM read/write evidence rule	skipped_no_asm_evidence	current_batch_no_evidence_tail_aliases
stock_4D3_b4_phys	unused_bank4_tail_fifth_physical_alias	preserve	unreferenced	include-only EQU at src/dlcp_fw/asm/dlcp_main_ram.inc with zero occurrences in src/dlcp_fw/asm/dlcp_main_v34.asm and no direct sibling RAM evidence; skipped per RAM read/write evidence rule	skipped_no_asm_evidence	current_batch_no_evidence_tail_aliases
